-- MySQL dump 10.13  Distrib 8.0.30, for Win64 (x86_64)
--
-- Host: localhost    Database: staging_realtyinterface
-- ------------------------------------------------------
-- Server version	8.0.30

/*!40101 SET @OLD_CHARACTER_SET_CLIENT=@@CHARACTER_SET_CLIENT */;
/*!40101 SET @OLD_CHARACTER_SET_RESULTS=@@CHARACTER_SET_RESULTS */;
/*!40101 SET @OLD_COLLATION_CONNECTION=@@COLLATION_CONNECTION */;
/*!50503 SET NAMES utf8mb4 */;
/*!40103 SET @OLD_TIME_ZONE=@@TIME_ZONE */;
/*!40103 SET TIME_ZONE='+00:00' */;
/*!40014 SET @OLD_UNIQUE_CHECKS=@@UNIQUE_CHECKS, UNIQUE_CHECKS=0 */;
/*!40014 SET @OLD_FOREIGN_KEY_CHECKS=@@FOREIGN_KEY_CHECKS, FOREIGN_KEY_CHECKS=0 */;
/*!40101 SET @OLD_SQL_MODE=@@SQL_MODE, SQL_MODE='NO_AUTO_VALUE_ON_ZERO' */;
/*!40111 SET @OLD_SQL_NOTES=@@SQL_NOTES, SQL_NOTES=0 */;

--
-- Table structure for table `admins`
--

DROP TABLE IF EXISTS `admins`;
/*!40101 SET @saved_cs_client     = @@character_set_client */;
/*!50503 SET character_set_client = utf8mb4 */;
CREATE TABLE `admins` (
  `id` bigint unsigned NOT NULL AUTO_INCREMENT,
  `email` varchar(255) CHARACTER SET utf8mb4 COLLATE utf8mb4_unicode_ci NOT NULL,
  `password` varchar(255) CHARACTER SET utf8mb4 COLLATE utf8mb4_unicode_ci NOT NULL,
  `created_at` timestamp NULL DEFAULT NULL,
  `updated_at` timestamp NULL DEFAULT NULL,
  PRIMARY KEY (`id`)
) ENGINE=InnoDB AUTO_INCREMENT=3 DEFAULT CHARSET=utf8mb4 COLLATE=utf8mb4_unicode_ci;
/*!40101 SET character_set_client = @saved_cs_client */;

--
-- Dumping data for table `admins`
--

LOCK TABLES `admins` WRITE;
/*!40000 ALTER TABLE `admins` DISABLE KEYS */;
INSERT INTO `admins` VALUES (1,'shiv','$2y$10$whJZhjX4obgNpX6JWM6N8O2FdZWEZp97orN8nZBTr0ArV7Vt2X6Mu','2022-09-27 12:08:46','2022-09-27 12:08:46'),(2,'admin@odysseydesign.us','$2y$10$bM.JlbnKGPUysMD9egvJceURMuDu69xWVWw0JRTVW4nMXic.u7e7S',NULL,'2025-07-15 09:59:13');
/*!40000 ALTER TABLE `admins` ENABLE KEYS */;
UNLOCK TABLES;

--
-- Table structure for table `agent_addresses`
--

DROP TABLE IF EXISTS `agent_addresses`;
/*!40101 SET @saved_cs_client     = @@character_set_client */;
/*!50503 SET character_set_client = utf8mb4 */;
CREATE TABLE `agent_addresses` (
  `id` bigint unsigned NOT NULL AUTO_INCREMENT,
  `agent_id` bigint unsigned NOT NULL,
  `business_name` varchar(100) CHARACTER SET utf8mb4 COLLATE utf8mb4_unicode_ci DEFAULT NULL,
  `phone` varchar(50) CHARACTER SET utf8mb4 COLLATE utf8mb4_unicode_ci NOT NULL,
  `address` text CHARACTER SET utf8mb4 COLLATE utf8mb4_unicode_ci NOT NULL,
  `city` varchar(100) CHARACTER SET utf8mb4 COLLATE utf8mb4_unicode_ci NOT NULL,
  `state_id` int NOT NULL,
  `country_id` int NOT NULL,
  `zip` varchar(10) CHARACTER SET utf8mb4 COLLATE utf8mb4_unicode_ci NOT NULL,
  `created_at` timestamp NULL DEFAULT NULL,
  `updated_at` timestamp NULL DEFAULT NULL,
  PRIMARY KEY (`id`),
  KEY `agent_addresses_agent_id_foreign` (`agent_id`),
  CONSTRAINT `agent_addresses_agent_id_foreign` FOREIGN KEY (`agent_id`) REFERENCES `agents` (`id`) ON DELETE CASCADE
) ENGINE=InnoDB AUTO_INCREMENT=15 DEFAULT CHARSET=utf8mb4 COLLATE=utf8mb4_unicode_ci;
/*!40101 SET character_set_client = @saved_cs_client */;

--
-- Dumping data for table `agent_addresses`
--

LOCK TABLES `agent_addresses` WRITE;
/*!40000 ALTER TABLE `agent_addresses` DISABLE KEYS */;
INSERT INTO `agent_addresses` VALUES (2,2,'Bally LUXURY PROPERTIES','9094249876','10210 123rd Street Ct E','Puyallup',68,230,'98374','2022-12-18 16:54:56','2025-08-12 06:21:14'),(6,12,'Keller Williams','1234567878','1414 Meridian Ave','PUyallup',68,230,'98374','2023-09-10 17:21:26','2023-09-10 17:21:26'),(7,16,NULL,'5304453312','2828 Meridian Avenue','Puyallup',68,230,'98374','2024-01-17 16:52:52','2024-01-17 16:52:52'),(8,26,'PNW Architects','2537786532','32324 Meridian Road','Puyallup',0,230,'98374','2024-04-05 12:59:22','2024-04-05 12:59:22'),(9,29,NULL,'5305543312','13709 107th Ave Ct E','Puyallup',0,230,'98374','2024-04-14 17:05:44','2024-04-14 17:05:44'),(10,35,'xxxxxxx','5305543312','13709 107th Ave Ct E','Puyallup',68,230,'98374','2024-05-31 21:01:20','2024-05-31 21:01:20'),(11,36,'Xpart Solutions','01717639054','House 13, Road 5, Sector 13\r\nUttara','Dhaka',1,230,'1230','2024-05-31 21:11:09','2024-05-31 21:11:09'),(12,37,'Xpart Solutions','01717639054','House 13, Road 5, Sector 13\r\nUttara','Dhaka',1,230,'1230','2024-05-31 21:15:13','2024-05-31 21:15:13'),(13,38,'xxx','5305543312','13709 107th Ave Ct E','Puyallup',68,230,'98374','2024-05-31 22:14:08','2024-05-31 22:14:08'),(14,42,'Test','5305543312','4242 Gig Harbor Avenue','Puyallup',68,230,'98374','2025-01-13 14:05:27','2025-01-13 14:05:27');
/*!40000 ALTER TABLE `agent_addresses` ENABLE KEYS */;
UNLOCK TABLES;

--
-- Table structure for table `agent_subscriptions`
--

DROP TABLE IF EXISTS `agent_subscriptions`;
/*!40101 SET @saved_cs_client     = @@character_set_client */;
/*!50503 SET character_set_client = utf8mb4 */;
CREATE TABLE `agent_subscriptions` (
  `id` bigint unsigned NOT NULL AUTO_INCREMENT,
  `agent_id` int NOT NULL,
  `plan_id` bigint unsigned NOT NULL,
  `payment_id` varchar(255) CHARACTER SET utf8mb4 COLLATE utf8mb4_unicode_ci DEFAULT NULL,
  `start_date` date DEFAULT NULL,
  `expiry_date` date DEFAULT NULL,
  `property_count` varchar(50) CHARACTER SET utf8mb4 COLLATE utf8mb4_unicode_ci NOT NULL,
  `duration` varchar(10) CHARACTER SET utf8mb4 COLLATE utf8mb4_unicode_ci NOT NULL,
  `active` tinyint(1) NOT NULL DEFAULT '1',
  `created_at` timestamp NULL DEFAULT NULL,
  `updated_at` timestamp NULL DEFAULT NULL,
  PRIMARY KEY (`id`)
) ENGINE=InnoDB DEFAULT CHARSET=utf8mb4 COLLATE=utf8mb4_unicode_ci;
/*!40101 SET character_set_client = @saved_cs_client */;

--
-- Dumping data for table `agent_subscriptions`
--

LOCK TABLES `agent_subscriptions` WRITE;
/*!40000 ALTER TABLE `agent_subscriptions` DISABLE KEYS */;
/*!40000 ALTER TABLE `agent_subscriptions` ENABLE KEYS */;
UNLOCK TABLES;

--
-- Table structure for table `agents`
--

DROP TABLE IF EXISTS `agents`;
/*!40101 SET @saved_cs_client     = @@character_set_client */;
/*!50503 SET character_set_client = utf8mb4 */;
CREATE TABLE `agents` (
  `id` bigint unsigned NOT NULL AUTO_INCREMENT,
  `customer_id` varchar(255) CHARACTER SET utf8mb4 COLLATE utf8mb4_unicode_ci DEFAULT NULL,
  `first_name` varchar(100) CHARACTER SET utf8mb4 COLLATE utf8mb4_unicode_ci NOT NULL,
  `last_name` varchar(100) CHARACTER SET utf8mb4 COLLATE utf8mb4_unicode_ci NOT NULL,
  `email` varchar(255) CHARACTER SET utf8mb4 COLLATE utf8mb4_unicode_ci NOT NULL,
  `password` varchar(75) CHARACTER SET utf8mb4 COLLATE utf8mb4_unicode_ci NOT NULL,
  `remember_token` varchar(100) CHARACTER SET utf8mb4 COLLATE utf8mb4_unicode_ci DEFAULT NULL,
  `email_verified_at` timestamp NULL DEFAULT NULL,
  `credit_balance` int NOT NULL DEFAULT '0',
  `verification_code` varchar(255) CHARACTER SET utf8mb4 COLLATE utf8mb4_unicode_ci NOT NULL DEFAULT '0',
  `active` tinyint(1) NOT NULL DEFAULT '1',
  `deleted` tinyint(1) NOT NULL DEFAULT '0',
  `profile_image` varchar(100) CHARACTER SET utf8mb4 COLLATE utf8mb4_unicode_ci DEFAULT NULL,
  `facebook_profile` varchar(255) CHARACTER SET utf8mb4 COLLATE utf8mb4_unicode_ci DEFAULT NULL,
  `instagram_profile` varchar(255) CHARACTER SET utf8mb4 COLLATE utf8mb4_unicode_ci DEFAULT NULL,
  `twitter_profile` varchar(255) CHARACTER SET utf8mb4 COLLATE utf8mb4_unicode_ci DEFAULT NULL,
  `linkedin_profile` varchar(255) CHARACTER SET utf8mb4 COLLATE utf8mb4_unicode_ci DEFAULT NULL,
  `logo_image` varchar(100) CHARACTER SET utf8mb4 COLLATE utf8mb4_unicode_ci DEFAULT NULL,
  `created_at` timestamp NULL DEFAULT NULL,
  `updated_at` timestamp NULL DEFAULT NULL,
  PRIMARY KEY (`id`)
) ENGINE=InnoDB AUTO_INCREMENT=69 DEFAULT CHARSET=utf8mb4 COLLATE=utf8mb4_unicode_ci;
/*!40101 SET character_set_client = @saved_cs_client */;

--
-- Dumping data for table `agents`
--

LOCK TABLES `agents` WRITE;
/*!40000 ALTER TABLE `agents` DISABLE KEYS */;
INSERT INTO `agents` VALUES (2,'cus_RZwO5mMqi9crba','Bally','Blazed','ra@odysseydesign.us','$2y$10$VrAGrP4Lw1TRqkNjnriSH.OGHNLD.3wNwG310PVdEGY8KdfK/4rM2','cJHGDpphV5wHdBZHibUdwBsgg02afhz6vaj1zqh4Pmqj5N918iDj7a24XfvC','2025-01-26 11:44:18',-9,'982750',1,0,'profile_image/QCahBbZraPYPqzu4IbBbgTJwAkZ4gvNhOfMhAxMU.jpg',NULL,NULL,NULL,NULL,'logo_image/tyUDQS8I6ptO0v4vXbFOhzi2om5dRpGQSceumYI1.jpg','2022-12-18 16:51:56','2025-08-12 06:21:01'),(9,NULL,'Stephanie','Avila','ra@realtyinterface.com','$2y$10$NlSHunqJpTHWnQKv0Pd9VuU.NTj8nOKHhUswLUrEE/bQRQ6iUqiQC',NULL,NULL,0,'0',1,0,NULL,NULL,NULL,NULL,NULL,NULL,'2023-08-29 01:11:11','2024-04-14 17:00:34'),(12,NULL,'Scott','Avila','rma@odysseydesign.us','$2y$10$fnzGuvcraEgzJkkfEQrOnulbNIAzfTqKeCjeVieiX34pUVqFbjJQ6',NULL,NULL,-1,'0',1,0,NULL,NULL,NULL,NULL,NULL,NULL,'2023-09-10 17:19:12','2024-04-14 16:39:23'),(16,NULL,'Stephanie','Stancil','testing@avilahomesllc.com','$2y$10$LXEP1GAFH.qvLJuRcjqfmOxz6LswrXq0lqJ5hZTsvHbnwb/uenOAu',NULL,NULL,0,'0',1,0,'agents/FD78KpZ5mYFexwbra3FO69201QztI2SAJy3TPX01.jpg',NULL,NULL,NULL,NULL,'agents/0qfqL1U9m05HtsyGRD81anSF4hu03eKxNAMhEg8O.jpg','2024-01-17 16:51:41','2024-01-17 16:56:02'),(22,NULL,'wRmcsdSW','nuLYMEDdjTVUs','chanalawsonlf367@gmail.com','$2y$10$DKMCZKIxIgKN3SbkwRP1ZuxDkzbDpj5NOML8OtaHHkHncVsH9Dbiy',NULL,NULL,-3,'0',1,0,NULL,NULL,NULL,NULL,NULL,NULL,'2024-03-05 07:42:41','2025-02-21 02:36:47'),(23,NULL,'byaZKRfqLJkutm','xIjqGvdWchJwOD','ra@odysseydesign.us','$2y$10$e5ja3o3FFsK6KMrNoJTt8ulUHgJvsagN76RTo87xZdR8xdmwxhjlS',NULL,NULL,-1,'0',1,0,NULL,NULL,NULL,NULL,NULL,NULL,'2024-03-09 21:25:47','2024-04-13 16:22:36'),(24,NULL,'Rosanne','test','ri@odysseydesign.us','$2y$10$5AJ9o575LsBWls44U9qN7.Z.HHcpfX6kTdAQ27UAxlT8qTW9WC.MO',NULL,NULL,-3,'883481',0,0,NULL,NULL,NULL,NULL,NULL,NULL,'2024-03-24 16:30:29','2024-04-16 20:11:53'),(26,NULL,'Testing','Avila','testing3@avilahomesllc.com','$2y$10$sj43WXsBTlE/1FERq.05MekQXcyo0A5g67tFX78ftvg6G.2W5l1nu',NULL,NULL,-1,'0',1,0,NULL,NULL,NULL,NULL,NULL,NULL,'2024-04-05 12:54:18','2024-04-16 20:46:08'),(29,NULL,'Scott','Avila','Scott.avila@winebow.com','$2y$10$vq69XSE3SGuxP6N0ugP1JObr4Fu6T7AjxtUNPFwOOdXLQa1eyxpki',NULL,NULL,-1,'0',1,0,NULL,NULL,NULL,NULL,NULL,NULL,'2024-04-14 17:05:07','2024-04-14 17:06:19'),(32,NULL,'hmfOsJKGpWNdzUI','RwUuEVhHBXmsG','tony_rios1983@yahoo.com','$2y$10$S3xQi8FdwaErG1uTCVGW.O93FOFjvsOjRnIVijWTUQW7Iy1Dw7A1S',NULL,NULL,-1,'0',1,0,NULL,NULL,NULL,NULL,NULL,NULL,'2024-04-21 15:38:57','2024-04-23 20:49:35'),(33,NULL,'eaVRmEFi','OvTjbAxdMKpkV','mikesostilio1984@yahoo.com','$2y$10$ZKqxo70O36CPwzBiCsCm8.TwvtZtRu3pf5gdH6a3yZprxx49MpHlK',NULL,NULL,0,'0',1,0,NULL,NULL,NULL,NULL,NULL,NULL,'2024-04-28 07:57:14','2024-04-28 07:57:14'),(35,NULL,'Test4','Avila','test4@avilahomesllc.com','$2y$10$hcwUeitTZhr/sSF9grOJueG.RRDoK2YOumXbt0qFoeZRJYb5y0kbG',NULL,NULL,0,'0',1,0,NULL,NULL,NULL,NULL,NULL,NULL,'2024-05-31 20:59:04','2024-05-31 20:59:04'),(36,NULL,'Shamim','Hasan','shamimhasan008.test@gmail.com','$2y$10$X5WDf7wsTfLVXVD9Vkk2Je8PRhU8U4PTJdmY8E0B0UauAbo3AUp0O',NULL,NULL,-2,'380583',1,0,NULL,NULL,NULL,NULL,NULL,NULL,'2024-05-31 21:10:59','2024-09-06 13:20:30'),(37,NULL,'Shamim','Hasan','shamimhasan524@yahoo.com','$2y$10$zZ0UpbIYYX2krYFg5kpzdeCbftZfk8.tkqT4uzvVb.g8CY64casZ.',NULL,NULL,0,'0',1,0,NULL,NULL,NULL,NULL,NULL,NULL,'2024-05-31 21:15:07','2024-05-31 21:15:07'),(38,NULL,'test5','Avila','test5@avilahomesllc.com','$2y$10$NaGxUhokZ31/yFhI0VmWc.MDYNWSlM7GPnWcgDstN8nTOhWG6El8S',NULL,NULL,0,'0',1,0,NULL,NULL,NULL,NULL,NULL,NULL,'2024-05-31 22:13:26','2024-05-31 22:13:26'),(39,NULL,'test5','Avila','test5@odysseydesign.us','$2y$10$OWQCkhzOlIfLUENUC7DL..U.FBvM5F6d6lS6P/rmIib9AD9qDY7Ga',NULL,NULL,0,'0',1,0,NULL,NULL,NULL,NULL,NULL,NULL,'2024-06-02 15:15:55','2024-06-02 15:15:55'),(40,NULL,'Stephanie','Stancil','stephanie@odysseydesign.us','$2y$10$Lux1wB5gxozkyVJxuAO76.M0j00mIFAZNOiEVPtcKJgasG4Fg4ulG',NULL,NULL,0,'0',1,0,NULL,NULL,NULL,NULL,NULL,NULL,'2025-01-07 18:23:13','2025-01-07 18:32:35'),(41,NULL,'Test','jantwelve','test4@odysseydesign.us','$2y$10$7pTvtUQHcMuuEeB/k3/5l.5Bl90wPoCStGf7yWx6wwAyft2DHps1O',NULL,NULL,0,'0',1,0,NULL,NULL,NULL,NULL,NULL,NULL,'2025-01-12 14:40:19','2025-01-28 09:03:36'),(42,NULL,'Test','Janthirteenth','payment@realtyinterface.com','$2y$10$ANomzPALo1soE58PpgYof.1P6jKvZ3gjGGRfrj7cdOJEOWhNtbO9y',NULL,NULL,0,'0',1,0,NULL,NULL,NULL,NULL,NULL,NULL,'2025-01-13 13:43:43','2025-01-13 13:43:43'),(44,'cus_RfjrbGKJThABcd','Mahnoor','Saeed','mahnoorsaeed.work@gmail.com','$2y$10$OMFlH2yCKQTkc.b5nM3uU.5REyvVeMJ2PVi3QF/12xcp0FRoVECJ.','euElGm04TinGOPLuMQJQ3aN3iPuuyhR9MisSLPwC05X0r9G0tAp5BzjBJSku','2025-01-27 13:42:09',0,'0',1,0,'profile_image/zqfk7AMZkzsDqUzU4PNMz9EH5Q5FISWHNuyFwqai.jpg',NULL,NULL,NULL,NULL,NULL,'2025-01-27 13:20:15','2025-02-14 17:07:13'),(45,NULL,'test','realty','ra@odysseydesign.us','$2y$10$abgBQFSp/RLRBZqUZLyNq.NAaVOssURmjAKxY6wG2UW3zXNoypjQy',NULL,NULL,0,'0',1,0,NULL,NULL,NULL,NULL,NULL,NULL,'2025-01-28 09:12:38','2025-01-28 09:12:38'),(46,'cus_RfXHcZ5gu12DlQ','testing2','avilahomes','testing2@avilahomesllc.com','$2y$10$TAC9IX7fUmF8gBGWHgAPh.hOlbrTKZ/6UV4QuB73dkS6BeaPv2Ok2',NULL,'2025-01-28 10:06:55',0,'0',1,0,NULL,NULL,NULL,NULL,NULL,NULL,'2025-01-28 10:05:16','2025-01-28 10:39:35'),(54,NULL,'Mahnoor','Saeed','mahnoorsaeed617@gmail.com','$2y$10$xvhydwDvNp7TTIdM4Nntk.bBbPzBdGos5UySbEQL682tHk/5o.Yz6',NULL,NULL,0,'0',1,0,NULL,NULL,NULL,NULL,NULL,NULL,'2025-04-22 12:21:10','2025-04-22 12:21:10'),(55,NULL,'Mahnoor','Saeed','mahnoor.oriennode@gmail.com','$2y$10$usVoM/AnHHpkAKV4GADqne3e9FT58azuTujaQFvaSTQP8sm7Rp9zO',NULL,NULL,0,'0',1,0,NULL,NULL,NULL,NULL,NULL,NULL,'2025-04-22 19:28:02','2025-04-22 19:28:02'),(56,NULL,'jhon','doe','jhondoe@yopmail.com','$2y$10$JRPTSAX0skxdwsR3Jm71EOnsCmzvwdW2eLJhizd1UAIFGiO86/wni',NULL,NULL,0,'0',1,0,NULL,NULL,NULL,NULL,NULL,NULL,'2025-04-26 13:00:18','2025-04-26 13:00:18'),(57,NULL,'Octavius','Parker','wyvikap@mailinator.com','$2y$10$DnrlwscKlQPF4bkBYrpKsujQlknzsS70lzbHbkkq9RsebS2VbAi0q',NULL,NULL,0,'0',1,0,NULL,NULL,NULL,NULL,NULL,NULL,'2025-06-30 08:07:49','2025-06-30 08:07:49'),(58,NULL,'Theodore','Irwin','myfizekyje@mailinator.com','$2y$10$/xWRWIxy8J4tLbj.lapL9e0JQvWo9f205lvKZGCsd5eCmE7BcGJLy',NULL,NULL,0,'0',1,0,NULL,NULL,NULL,NULL,NULL,NULL,'2025-07-08 10:46:48','2025-07-08 10:46:48'),(59,NULL,'Scott','Gardner','wyjeqep@mailinator.com','$2y$10$tUk1YTeaGco6SVv.5CmpY.ejxmdRBYnO3uHUV488gtIv0i.r7GQya',NULL,NULL,0,'0',1,0,NULL,NULL,NULL,NULL,NULL,NULL,'2025-07-08 11:19:11','2025-07-08 11:19:11'),(60,NULL,'Nevada','Zamora','nupav@mailinator.com','$2y$10$kA8i5zck40Fyd/VTJysNhOeRHjeA2jkSNtMQEYGyNJgxT1ayXCO.2',NULL,NULL,0,'0',1,0,NULL,NULL,NULL,NULL,NULL,NULL,'2025-07-08 11:21:20','2025-07-08 11:21:20'),(61,NULL,'Abbot','Green','qavisewywe@mailinator.com','$2y$10$0DmUx75LX6ZrsFL5fIAAOOGRYL7790nFFa7ZuIwBz.Utgcl32nqZe',NULL,NULL,0,'0',1,0,NULL,NULL,NULL,NULL,NULL,NULL,'2025-07-08 11:21:58','2025-07-08 11:21:58'),(62,NULL,'Reece','Ryan','howyqoc@mailinator.com','$2y$10$fgnM8QrD8NcF4hLkZvdxRO/JArxcy1RIMUaZYEK/rNokirhs1py8G',NULL,NULL,0,'0',1,0,NULL,NULL,NULL,NULL,NULL,NULL,'2025-07-08 11:22:44','2025-07-08 11:22:44'),(63,NULL,'Orlando','Oneal','rumuqyl@mailinator.com','$2y$10$sjrPl3iCBS.EnGQGs05..OC3iMFG3PvhtZ4KaWhHumN64lAKWA9zW',NULL,NULL,0,'0',1,0,NULL,NULL,NULL,NULL,NULL,NULL,'2025-07-08 11:25:00','2025-07-08 11:25:00'),(64,NULL,'Orla','Haley','zewuju@mailinator.com','$2y$10$aS4MGWFxkDOHLvLJlNoSges0fX15ABnty1i9JmlL8YCjbhqmbbi9.',NULL,NULL,0,'0',1,0,NULL,NULL,NULL,NULL,NULL,NULL,'2025-07-08 11:25:40','2025-07-08 11:25:40'),(65,NULL,'Gavin','Garrett','tedycexy@mailinator.com','$2y$10$Fr.Na2jPgaNcUcmSZF1H..2Ez63xIiozSQmI16DLUHD7v2jZPWQM2',NULL,NULL,0,'0',1,0,NULL,NULL,NULL,NULL,NULL,NULL,'2025-07-08 11:26:32','2025-07-08 11:26:32'),(66,'cus_SmYxYUi4kwt7JG','Nolan','Ellis','lomavezaq@mailinator.com','$2y$10$uJX9lecZPgNvEZZTpyv2/ulHPe1O8CkBVAIURWZG52zrMMh8Cvjya',NULL,'2025-07-31 11:37:36',0,'0',1,0,NULL,NULL,NULL,NULL,NULL,NULL,'2025-07-31 11:35:59','2025-07-31 11:59:35'),(67,NULL,'Clementine','Bartlett','vidyhah@mailinator.com','$2y$10$Hi32euTqUZ7WEhroVYH70eTs5fJrNmTzg5LtyL9TKNt24uZDkWoHa',NULL,'2025-08-27 09:59:14',0,'0',1,0,NULL,NULL,NULL,NULL,NULL,NULL,'2025-08-27 09:58:08','2025-08-27 09:59:14'),(68,NULL,'Kameko','Coleman','gikirike@mailinator.com','$2y$10$TaPw9J8kUpaKKTHcJeniC.ZhtpMOFQTYyl6tue9tDMKlWj4GPSOO.',NULL,'2025-08-27 10:06:48',0,'0',1,0,NULL,NULL,NULL,NULL,NULL,NULL,'2025-08-27 10:06:10','2025-08-27 10:06:48');
/*!40000 ALTER TABLE `agents` ENABLE KEYS */;
UNLOCK TABLES;

--
-- Table structure for table `amenities`
--

DROP TABLE IF EXISTS `amenities`;
/*!40101 SET @saved_cs_client     = @@character_set_client */;
/*!50503 SET character_set_client = utf8mb4 */;
CREATE TABLE `amenities` (
  `id` int unsigned NOT NULL AUTO_INCREMENT,
  `name` varchar(100) CHARACTER SET utf8mb4 COLLATE utf8mb4_unicode_ci NOT NULL,
  `agent_id` int DEFAULT '0',
  `created_at` timestamp NULL DEFAULT NULL,
  `updated_at` timestamp NULL DEFAULT NULL,
  PRIMARY KEY (`id`)
) ENGINE=InnoDB AUTO_INCREMENT=103 DEFAULT CHARSET=utf8mb4 COLLATE=utf8mb4_unicode_ci;
/*!40101 SET character_set_client = @saved_cs_client */;

--
-- Dumping data for table `amenities`
--

LOCK TABLES `amenities` WRITE;
/*!40000 ALTER TABLE `amenities` DISABLE KEYS */;
INSERT INTO `amenities` VALUES (1,'Beach Access',0,'2022-08-10 00:56:23','2022-08-10 00:56:23'),(2,'City Lights Views',0,'2022-08-10 00:56:23','2022-08-10 00:56:23'),(3,'Community Clubhouse',0,'2022-08-10 00:56:23','2022-08-10 00:56:23'),(4,'Community Pool',0,'2022-08-10 00:56:23','2022-08-10 00:56:23'),(5,'Frameless Glass Showers',0,'2022-08-10 00:56:23','2022-08-10 00:56:23'),(6,'Gated Community',0,'2022-08-10 00:56:23','2022-08-10 00:56:23'),(7,'Golf Course Lot',0,'2022-08-10 00:56:23','2022-08-10 00:56:23'),(8,'Great Schools',0,'2022-08-10 00:56:23','2022-08-10 00:56:23'),(9,'Hardwood Floors',0,'2022-08-10 00:56:23','2022-08-10 00:56:23'),(10,'Heated Floors',0,'2022-08-10 00:56:23','2022-08-10 00:56:23'),(11,'Heated Pool',0,'2022-08-10 00:56:23','2022-08-10 00:56:23'),(12,'High Ceilings',0,'2022-08-10 00:56:23','2022-08-10 00:56:23'),(13,'Large Kitchen',0,'2022-08-10 00:56:23','2022-08-10 00:56:23'),(14,'Large Lot',0,'2022-08-10 00:56:23','2022-08-10 00:56:23'),(15,'Mountain Views',0,'2022-08-10 00:56:23','2022-08-10 00:56:23'),(16,'New Construction',0,'2022-08-10 00:56:23','2022-08-10 00:56:23'),(17,'Ocean Views',0,'2022-08-10 00:56:23','2022-08-10 00:56:23'),(18,'Open Floor Plan',0,'2022-08-10 00:56:23','2022-08-10 00:56:23'),(19,'Oversized Windows',0,'2022-08-10 00:56:23','2022-08-10 00:56:23'),(20,'Pool',0,'2022-08-10 00:56:23','2022-08-10 00:56:23'),(21,'Quartz Countertops',0,'2022-08-10 00:56:23','2022-08-10 00:56:23'),(22,'Quiet and Private',0,'2022-08-10 00:56:23','2022-08-10 00:56:23'),(23,'Shopping Nearby',0,'2022-08-10 00:56:23','2022-08-10 00:56:23'),(24,'Side-by-Side Washer and Dryer',0,'2022-08-10 00:56:23','2022-08-10 00:56:23'),(25,'Spa',0,'2022-08-10 00:56:23','2022-08-10 00:56:23'),(26,'Stainless Steel Appliances',0,'2022-08-10 00:56:23','2022-08-10 00:56:23'),(27,'Walk-In Closets',0,'2022-08-10 00:56:23','2022-08-10 00:56:23'),(35,'RADIANT HEATING',2,'2022-12-27 17:41:49','2022-12-27 17:41:49'),(36,'PANORAMIC VIEWS',2,'2022-12-27 17:41:49','2022-12-27 17:41:49'),(37,'ONE ACRE',2,'2022-12-27 17:41:49','2022-12-27 17:41:49'),(38,'FOUR INSULATED GARAGES',2,'2022-12-27 17:41:49','2022-12-27 17:41:49'),(39,'RECREATION ROOM',2,'2022-12-27 17:41:49','2022-12-27 17:41:49'),(40,'FULLY FURNISHED',2,'2022-12-27 17:41:49','2022-12-27 17:41:49'),(41,'TSMLS 20203279',2,'2022-12-27 17:41:49','2022-12-27 17:41:49'),(42,'STUNNING VIEWS OF THE MARTIS VALLEY & THE CARSON RANGE',2,'2022-12-27 17:41:49','2022-12-27 17:41:49'),(43,'FOUR GAS AND STONE FIREPLACES',2,'2022-12-27 17:41:49','2022-12-27 17:41:49'),(44,'TWO MASTER BEDROOMS',2,'2022-12-27 17:41:49','2022-12-27 17:41:49'),(45,'RADIANT DRIVEWAYS',2,'2022-12-27 17:41:49','2022-12-27 17:41:49'),(46,'MUD ROOMS',2,'2022-12-27 17:41:49','2022-12-27 17:41:49'),(47,'test new amenity',2,'2023-05-03 10:09:03','2023-05-03 10:09:03'),(48,'Martis Camp Homes',2,'2023-06-15 16:26:44','2023-06-15 16:26:44'),(49,'Golf Course Membership',2,'2023-06-15 16:26:44','2023-06-15 16:26:44'),(50,'Club House',2,'2023-06-15 16:26:44','2023-06-15 16:26:44'),(51,'Members Only Ski Lodge',2,'2023-07-24 16:47:02','2023-07-24 16:47:02'),(52,'Tom Fazio 18-Home Golf Course',2,'2023-07-24 16:47:02','2023-07-24 16:47:02'),(53,'Martis Camp Express Chairlift',2,'2023-07-24 16:47:02','2023-07-24 16:47:02'),(54,'Chairlift to Northstar',2,'2023-07-24 16:47:02','2023-07-24 16:47:02'),(55,'Exquisite Dining',2,'2023-07-24 16:47:02','2023-07-24 16:47:02'),(56,'Four-Season Private Community',2,'2023-07-24 16:47:02','2023-07-24 16:47:02'),(57,'Sub-Zero',2,'2023-07-24 16:47:02','2023-07-24 16:47:02'),(58,' Wolf',2,'2023-07-24 16:47:02','2023-07-24 16:47:02'),(59,' and Miele Appliances',2,'2023-07-24 16:47:02','2023-07-24 16:47:02'),(60,'Soaring Outdoor and Indoor Fireplaces',2,'2023-07-24 16:47:02','2023-07-24 16:47:02'),(61,'Two Master Suites',2,'2023-07-24 16:47:02','2023-07-24 16:47:02'),(62,'Alder and Maple Cabinets',2,'2023-07-24 16:47:02','2023-07-24 16:47:02'),(63,'Soapstone Countertops',2,'2023-07-24 16:47:02','2023-07-24 16:47:02'),(64,'Radiant Heating and Driveways',2,'2023-07-24 16:47:02','2023-07-24 16:47:02'),(65,'PhantomCar Subterranean Lifts',2,'2023-07-24 16:47:02','2023-07-24 16:47:02'),(66,'Members Only Ski Lodge',3,'2023-07-24 17:19:02','2023-07-24 17:19:02'),(67,'Tom Fazio 18-Hole Golf Course',3,'2023-07-24 17:19:02','2023-07-24 17:19:02'),(68,'Private Chairlift to Northstar',3,'2023-07-24 17:19:02','2023-07-24 17:19:02'),(69,'Exquisite Dining at Club',3,'2023-07-24 17:19:02','2023-07-24 17:19:02'),(70,'Four-Season Private Community',3,'2023-07-24 17:19:02','2023-07-24 17:19:02'),(71,'Sub-Zero and Wolf',3,'2023-07-24 17:19:02','2023-07-24 17:19:02'),(72,'Soaring Outdoor/Indoor Fireplaces',3,'2023-07-24 17:19:02','2023-07-24 17:19:02'),(73,'Two Master Suites',3,'2023-07-24 17:19:02','2023-07-24 17:19:02'),(74,'Alder and Maple Cabinets',3,'2023-07-24 17:19:02','2023-07-24 17:19:02'),(75,'Soapstone Countertops',3,'2023-07-24 17:19:02','2023-07-24 17:19:02'),(76,'Radiant Floors and Driveways',3,'2023-07-24 17:19:02','2023-07-24 17:19:02'),(77,'PhantomCar Subterranean Lifts',3,'2023-07-24 17:19:02','2023-07-24 17:19:02'),(78,'Recreation Room',2,'2023-08-28 16:36:40','2023-08-28 16:36:40'),(79,'10 Bedrooms',2,'2023-12-08 16:23:25','2023-12-08 16:23:25'),(80,'Stevens Pass Ski Resort',2,'2023-12-10 17:42:14','2023-12-10 17:42:14'),(81,'Over 7',2,'2023-12-10 17:42:14','2023-12-10 17:42:14'),(82,'000 square feet',2,'2023-12-10 17:42:14','2023-12-10 17:42:14'),(83,'Vaulted ceilings',2,'2023-12-10 17:42:14','2023-12-10 17:42:14'),(84,'Steel beams',2,'2023-12-10 17:42:14','2023-12-10 17:42:14'),(85,'Floor to ceiling stone fireplace',2,'2023-12-10 17:42:14','2023-12-10 17:42:14'),(86,'Radiant Driveways',2,'2023-12-10 17:42:14','2023-12-10 17:42:14'),(87,'Four Gas and Stone Fireplaces',2,'2023-12-10 17:42:14','2023-12-10 17:42:14'),(88,'PhantomPark 2-Deck Subterranean Parking',2,'2023-12-13 19:37:43','2023-12-13 19:37:43'),(89,'Twelve Bays in Garage',2,'2023-12-13 19:37:43','2023-12-13 19:37:43'),(90,'700 sq ft Dream Garage',2,'2023-12-13 19:37:43','2023-12-13 19:37:43'),(91,'Dual Appliances',2,'2023-12-13 19:37:43','2023-12-13 19:37:43'),(92,'700 sq ft Dream Garage',2,'2023-12-13 19:39:48','2023-12-13 19:39:48'),(93,'4700 sq ft Dream Garage',2,'2023-12-16 12:53:28','2023-12-16 12:53:28'),(94,'Sleeps up to 45 Guests',2,'2023-12-16 12:58:03','2023-12-16 12:58:03'),(95,'Mt Reiner Views',2,'2024-07-15 07:42:59','2024-07-15 07:42:59'),(96,'1.59 Acres',2,'2024-07-15 07:42:59','2024-07-15 07:42:59'),(97,'Athletic Court',2,'2024-07-15 07:42:59','2024-07-15 07:42:59'),(98,'Gated Entry',2,'2024-07-15 07:42:59','2024-07-15 07:42:59'),(99,'Hot Tub/Spa',2,'2024-07-15 07:42:59','2024-07-15 07:42:59'),(100,'Amenities 1',36,'2024-09-05 18:43:01','2024-09-05 18:43:01'),(101,'Amenities 2',36,'2024-09-05 18:43:01','2024-09-05 18:43:01'),(102,'r3ssad',2,'2024-10-03 20:06:10','2024-10-03 20:06:10');
/*!40000 ALTER TABLE `amenities` ENABLE KEYS */;
UNLOCK TABLES;

--
-- Table structure for table `countries`
--

DROP TABLE IF EXISTS `countries`;
/*!40101 SET @saved_cs_client     = @@character_set_client */;
/*!50503 SET character_set_client = utf8mb4 */;
CREATE TABLE `countries` (
  `country_id` bigint unsigned NOT NULL AUTO_INCREMENT,
  `code` char(2) CHARACTER SET utf8mb4 COLLATE utf8mb4_unicode_ci NOT NULL,
  `name` varchar(100) CHARACTER SET utf8mb4 COLLATE utf8mb4_unicode_ci NOT NULL,
  `created_at` timestamp NULL DEFAULT NULL,
  `updated_at` timestamp NULL DEFAULT NULL,
  PRIMARY KEY (`country_id`)
) ENGINE=InnoDB AUTO_INCREMENT=244 DEFAULT CHARSET=utf8mb4 COLLATE=utf8mb4_unicode_ci;
/*!40101 SET character_set_client = @saved_cs_client */;

--
-- Dumping data for table `countries`
--

LOCK TABLES `countries` WRITE;
/*!40000 ALTER TABLE `countries` DISABLE KEYS */;
INSERT INTO `countries` VALUES (1,'AF','Afghanistan','2022-08-10 00:55:24','2022-08-10 00:55:24'),(2,'AX','Åland Islands','2022-08-10 00:55:24','2022-08-10 00:55:24'),(3,'AL','Albania','2022-08-10 00:55:24','2022-08-10 00:55:24'),(4,'DZ','Algeria','2022-08-10 00:55:24','2022-08-10 00:55:24'),(5,'AS','American Samoa','2022-08-10 00:55:24','2022-08-10 00:55:24'),(6,'AD','AndorrA','2022-08-10 00:55:24','2022-08-10 00:55:24'),(7,'AO','Angola','2022-08-10 00:55:24','2022-08-10 00:55:24'),(8,'AI','Anguilla','2022-08-10 00:55:24','2022-08-10 00:55:24'),(9,'AQ','Antarctica','2022-08-10 00:55:24','2022-08-10 00:55:24'),(10,'AG','Antigua and Barbuda','2022-08-10 00:55:24','2022-08-10 00:55:24'),(11,'AR','Argentina','2022-08-10 00:55:24','2022-08-10 00:55:24'),(12,'AM','Armenia','2022-08-10 00:55:24','2022-08-10 00:55:24'),(13,'AW','Aruba','2022-08-10 00:55:24','2022-08-10 00:55:24'),(14,'AU','Australia','2022-08-10 00:55:24','2022-08-10 00:55:24'),(15,'AT','Austria','2022-08-10 00:55:24','2022-08-10 00:55:24'),(16,'AZ','Azerbaijan','2022-08-10 00:55:24','2022-08-10 00:55:24'),(17,'BS','Bahamas','2022-08-10 00:55:24','2022-08-10 00:55:24'),(18,'BH','Bahrain','2022-08-10 00:55:24','2022-08-10 00:55:24'),(19,'BD','Bangladesh','2022-08-10 00:55:24','2022-08-10 00:55:24'),(20,'BB','Barbados','2022-08-10 00:55:24','2022-08-10 00:55:24'),(21,'BY','Belarus','2022-08-10 00:55:24','2022-08-10 00:55:24'),(22,'BE','Belgium','2022-08-10 00:55:24','2022-08-10 00:55:24'),(23,'BZ','Belize','2022-08-10 00:55:24','2022-08-10 00:55:24'),(24,'BJ','Benin','2022-08-10 00:55:24','2022-08-10 00:55:24'),(25,'BM','Bermuda','2022-08-10 00:55:24','2022-08-10 00:55:24'),(26,'BT','Bhutan','2022-08-10 00:55:24','2022-08-10 00:55:24'),(27,'BO','Bolivia','2022-08-10 00:55:24','2022-08-10 00:55:24'),(28,'BA','Bosnia and Herzegovina','2022-08-10 00:55:24','2022-08-10 00:55:24'),(29,'BW','Botswana','2022-08-10 00:55:24','2022-08-10 00:55:24'),(30,'BV','Bouvet Island','2022-08-10 00:55:24','2022-08-10 00:55:24'),(31,'BR','Brazil','2022-08-10 00:55:24','2022-08-10 00:55:24'),(32,'IO','British Indian Ocean Territory','2022-08-10 00:55:24','2022-08-10 00:55:24'),(33,'BN','Brunei Darussalam','2022-08-10 00:55:24','2022-08-10 00:55:24'),(34,'BG','Bulgaria','2022-08-10 00:55:24','2022-08-10 00:55:24'),(35,'BF','Burkina Faso','2022-08-10 00:55:24','2022-08-10 00:55:24'),(36,'BI','Burundi','2022-08-10 00:55:24','2022-08-10 00:55:24'),(37,'KH','Cambodia','2022-08-10 00:55:24','2022-08-10 00:55:24'),(38,'CM','Cameroon','2022-08-10 00:55:24','2022-08-10 00:55:24'),(39,'CA','Canada','2022-08-10 00:55:24','2022-08-10 00:55:24'),(40,'CV','Cape Verde','2022-08-10 00:55:24','2022-08-10 00:55:24'),(41,'KY','Cayman Islands','2022-08-10 00:55:24','2022-08-10 00:55:24'),(42,'CF','Central African Republic','2022-08-10 00:55:24','2022-08-10 00:55:24'),(43,'TD','Chad','2022-08-10 00:55:24','2022-08-10 00:55:24'),(44,'CL','Chile','2022-08-10 00:55:24','2022-08-10 00:55:24'),(45,'CN','China','2022-08-10 00:55:24','2022-08-10 00:55:24'),(46,'CX','Christmas Island','2022-08-10 00:55:24','2022-08-10 00:55:24'),(47,'CC','Cocos (Keeling) Islands','2022-08-10 00:55:24','2022-08-10 00:55:24'),(48,'CO','Colombia','2022-08-10 00:55:24','2022-08-10 00:55:24'),(49,'KM','Comoros','2022-08-10 00:55:24','2022-08-10 00:55:24'),(50,'CG','Congo','2022-08-10 00:55:24','2022-08-10 00:55:24'),(51,'CD','Congo, The Democratic Republic of the','2022-08-10 00:55:24','2022-08-10 00:55:24'),(52,'CK','Cook Islands','2022-08-10 00:55:24','2022-08-10 00:55:24'),(53,'CR','Costa Rica','2022-08-10 00:55:24','2022-08-10 00:55:24'),(54,'CI','Cote D\"Ivoire','2022-08-10 00:55:24','2022-08-10 00:55:24'),(55,'HR','Croatia','2022-08-10 00:55:24','2022-08-10 00:55:24'),(56,'CU','Cuba','2022-08-10 00:55:24','2022-08-10 00:55:24'),(57,'CY','Cyprus','2022-08-10 00:55:24','2022-08-10 00:55:24'),(58,'CZ','Czech Republic','2022-08-10 00:55:24','2022-08-10 00:55:24'),(59,'DK','Denmark','2022-08-10 00:55:24','2022-08-10 00:55:24'),(60,'DJ','Djibouti','2022-08-10 00:55:24','2022-08-10 00:55:24'),(61,'DM','Dominica','2022-08-10 00:55:24','2022-08-10 00:55:24'),(62,'DO','Dominican Republic','2022-08-10 00:55:24','2022-08-10 00:55:24'),(63,'EC','Ecuador','2022-08-10 00:55:24','2022-08-10 00:55:24'),(64,'EG','Egypt','2022-08-10 00:55:24','2022-08-10 00:55:24'),(65,'SV','El Salvador','2022-08-10 00:55:24','2022-08-10 00:55:24'),(66,'GQ','Equatorial Guinea','2022-08-10 00:55:24','2022-08-10 00:55:24'),(67,'ER','Eritrea','2022-08-10 00:55:24','2022-08-10 00:55:24'),(68,'EE','Estonia','2022-08-10 00:55:24','2022-08-10 00:55:24'),(69,'ET','Ethiopia','2022-08-10 00:55:24','2022-08-10 00:55:24'),(70,'FK','Falkland Islands (Malvinas)','2022-08-10 00:55:24','2022-08-10 00:55:24'),(71,'FO','Faroe Islands','2022-08-10 00:55:24','2022-08-10 00:55:24'),(72,'FJ','Fiji','2022-08-10 00:55:24','2022-08-10 00:55:24'),(73,'FI','Finland','2022-08-10 00:55:24','2022-08-10 00:55:24'),(74,'FR','France','2022-08-10 00:55:24','2022-08-10 00:55:24'),(75,'GF','French Guiana','2022-08-10 00:55:24','2022-08-10 00:55:24'),(76,'PF','French Polynesia','2022-08-10 00:55:24','2022-08-10 00:55:24'),(77,'TF','French Southern Territories','2022-08-10 00:55:24','2022-08-10 00:55:24'),(78,'GA','Gabon','2022-08-10 00:55:24','2022-08-10 00:55:24'),(79,'GM','Gambia','2022-08-10 00:55:24','2022-08-10 00:55:24'),(80,'GE','Georgia','2022-08-10 00:55:24','2022-08-10 00:55:24'),(81,'DE','Germany','2022-08-10 00:55:24','2022-08-10 00:55:24'),(82,'GH','Ghana','2022-08-10 00:55:24','2022-08-10 00:55:24'),(83,'GI','Gibraltar','2022-08-10 00:55:24','2022-08-10 00:55:24'),(84,'GR','Greece','2022-08-10 00:55:24','2022-08-10 00:55:24'),(85,'GL','Greenland','2022-08-10 00:55:24','2022-08-10 00:55:24'),(86,'GD','Grenada','2022-08-10 00:55:24','2022-08-10 00:55:24'),(87,'GP','Guadeloupe','2022-08-10 00:55:24','2022-08-10 00:55:24'),(88,'GU','Guam','2022-08-10 00:55:24','2022-08-10 00:55:24'),(89,'GT','Guatemala','2022-08-10 00:55:24','2022-08-10 00:55:24'),(90,'GG','Guernsey','2022-08-10 00:55:24','2022-08-10 00:55:24'),(91,'GN','Guinea','2022-08-10 00:55:24','2022-08-10 00:55:24'),(92,'GW','Guinea-Bissau','2022-08-10 00:55:24','2022-08-10 00:55:24'),(93,'GY','Guyana','2022-08-10 00:55:24','2022-08-10 00:55:24'),(94,'HT','Haiti','2022-08-10 00:55:24','2022-08-10 00:55:24'),(95,'HM','Heard Island and Mcdonald Islands','2022-08-10 00:55:24','2022-08-10 00:55:24'),(96,'VA','Holy See (Vatican City State)','2022-08-10 00:55:24','2022-08-10 00:55:24'),(97,'HN','Honduras','2022-08-10 00:55:24','2022-08-10 00:55:24'),(98,'HK','Hong Kong','2022-08-10 00:55:24','2022-08-10 00:55:24'),(99,'HU','Hungary','2022-08-10 00:55:24','2022-08-10 00:55:24'),(100,'IS','Iceland','2022-08-10 00:55:24','2022-08-10 00:55:24'),(101,'IN','India','2022-08-10 00:55:24','2022-08-10 00:55:24'),(102,'ID','Indonesia','2022-08-10 00:55:24','2022-08-10 00:55:24'),(103,'IR','Iran, Islamic Republic Of','2022-08-10 00:55:24','2022-08-10 00:55:24'),(104,'IQ','Iraq','2022-08-10 00:55:24','2022-08-10 00:55:24'),(105,'IE','Ireland','2022-08-10 00:55:24','2022-08-10 00:55:24'),(106,'IM','Isle of Man','2022-08-10 00:55:24','2022-08-10 00:55:24'),(107,'IL','Israel','2022-08-10 00:55:24','2022-08-10 00:55:24'),(108,'IT','Italy','2022-08-10 00:55:24','2022-08-10 00:55:24'),(109,'JM','Jamaica','2022-08-10 00:55:24','2022-08-10 00:55:24'),(110,'JP','Japan','2022-08-10 00:55:24','2022-08-10 00:55:24'),(111,'JE','Jersey','2022-08-10 00:55:24','2022-08-10 00:55:24'),(112,'JO','Jordan','2022-08-10 00:55:24','2022-08-10 00:55:24'),(113,'KZ','Kazakhstan','2022-08-10 00:55:24','2022-08-10 00:55:24'),(114,'KE','Kenya','2022-08-10 00:55:24','2022-08-10 00:55:24'),(115,'KI','Kiribati','2022-08-10 00:55:24','2022-08-10 00:55:24'),(116,'KP','Korea, Democratic People\"S Republic of','2022-08-10 00:55:24','2022-08-10 00:55:24'),(117,'KR','Korea, Republic of','2022-08-10 00:55:24','2022-08-10 00:55:24'),(118,'KW','Kuwait','2022-08-10 00:55:24','2022-08-10 00:55:24'),(119,'KG','Kyrgyzstan','2022-08-10 00:55:24','2022-08-10 00:55:24'),(120,'LA','Lao People\"S Democratic Republic','2022-08-10 00:55:24','2022-08-10 00:55:24'),(121,'LV','Latvia','2022-08-10 00:55:24','2022-08-10 00:55:24'),(122,'LB','Lebanon','2022-08-10 00:55:24','2022-08-10 00:55:24'),(123,'LS','Lesotho','2022-08-10 00:55:24','2022-08-10 00:55:24'),(124,'LR','Liberia','2022-08-10 00:55:24','2022-08-10 00:55:24'),(125,'LY','Libyan Arab Jamahiriya','2022-08-10 00:55:24','2022-08-10 00:55:24'),(126,'LI','Liechtenstein','2022-08-10 00:55:24','2022-08-10 00:55:24'),(127,'LT','Lithuania','2022-08-10 00:55:24','2022-08-10 00:55:24'),(128,'LU','Luxembourg','2022-08-10 00:55:24','2022-08-10 00:55:24'),(129,'MO','Macao','2022-08-10 00:55:24','2022-08-10 00:55:24'),(130,'MK','Macedonia, The Former Yugoslav Republic of','2022-08-10 00:55:24','2022-08-10 00:55:24'),(131,'MG','Madagascar','2022-08-10 00:55:24','2022-08-10 00:55:24'),(132,'MW','Malawi','2022-08-10 00:55:24','2022-08-10 00:55:24'),(133,'MY','Malaysia','2022-08-10 00:55:24','2022-08-10 00:55:24'),(134,'MV','Maldives','2022-08-10 00:55:24','2022-08-10 00:55:24'),(135,'ML','Mali','2022-08-10 00:55:24','2022-08-10 00:55:24'),(136,'MT','Malta','2022-08-10 00:55:25','2022-08-10 00:55:25'),(137,'MH','Marshall Islands','2022-08-10 00:55:25','2022-08-10 00:55:25'),(138,'MQ','Martinique','2022-08-10 00:55:25','2022-08-10 00:55:25'),(139,'MR','Mauritania','2022-08-10 00:55:25','2022-08-10 00:55:25'),(140,'MU','Mauritius','2022-08-10 00:55:25','2022-08-10 00:55:25'),(141,'YT','Mayotte','2022-08-10 00:55:25','2022-08-10 00:55:25'),(142,'MX','Mexico','2022-08-10 00:55:25','2022-08-10 00:55:25'),(143,'FM','Micronesia, Federated States of','2022-08-10 00:55:25','2022-08-10 00:55:25'),(144,'MD','Moldova, Republic of','2022-08-10 00:55:25','2022-08-10 00:55:25'),(145,'MC','Monaco','2022-08-10 00:55:25','2022-08-10 00:55:25'),(146,'MN','Mongolia','2022-08-10 00:55:25','2022-08-10 00:55:25'),(147,'MS','Montserrat','2022-08-10 00:55:25','2022-08-10 00:55:25'),(148,'MA','Morocco','2022-08-10 00:55:25','2022-08-10 00:55:25'),(149,'MZ','Mozambique','2022-08-10 00:55:25','2022-08-10 00:55:25'),(150,'MM','Myanmar','2022-08-10 00:55:25','2022-08-10 00:55:25'),(151,'NA','Namibia','2022-08-10 00:55:25','2022-08-10 00:55:25'),(152,'NR','Nauru','2022-08-10 00:55:25','2022-08-10 00:55:25'),(153,'NP','Nepal','2022-08-10 00:55:25','2022-08-10 00:55:25'),(154,'NL','Netherlands','2022-08-10 00:55:25','2022-08-10 00:55:25'),(155,'AN','Netherlands Antilles','2022-08-10 00:55:25','2022-08-10 00:55:25'),(156,'NC','New Caledonia','2022-08-10 00:55:25','2022-08-10 00:55:25'),(157,'NZ','New Zealand','2022-08-10 00:55:25','2022-08-10 00:55:25'),(158,'NI','Nicaragua','2022-08-10 00:55:25','2022-08-10 00:55:25'),(159,'NE','Niger','2022-08-10 00:55:25','2022-08-10 00:55:25'),(160,'NG','Nigeria','2022-08-10 00:55:25','2022-08-10 00:55:25'),(161,'NU','Niue','2022-08-10 00:55:25','2022-08-10 00:55:25'),(162,'NF','Norfolk Island','2022-08-10 00:55:25','2022-08-10 00:55:25'),(163,'MP','Northern Mariana Islands','2022-08-10 00:55:25','2022-08-10 00:55:25'),(164,'NO','Norway','2022-08-10 00:55:25','2022-08-10 00:55:25'),(165,'OM','Oman','2022-08-10 00:55:25','2022-08-10 00:55:25'),(166,'PK','Pakistan','2022-08-10 00:55:25','2022-08-10 00:55:25'),(167,'PW','Palau','2022-08-10 00:55:25','2022-08-10 00:55:25'),(168,'PS','Palestinian Territory, Occupied','2022-08-10 00:55:25','2022-08-10 00:55:25'),(169,'PA','Panama','2022-08-10 00:55:25','2022-08-10 00:55:25'),(170,'PG','Papua New Guinea','2022-08-10 00:55:25','2022-08-10 00:55:25'),(171,'PY','Paraguay','2022-08-10 00:55:25','2022-08-10 00:55:25'),(172,'PE','Peru','2022-08-10 00:55:25','2022-08-10 00:55:25'),(173,'PH','Philippines','2022-08-10 00:55:25','2022-08-10 00:55:25'),(174,'PN','Pitcairn','2022-08-10 00:55:25','2022-08-10 00:55:25'),(175,'PL','Poland','2022-08-10 00:55:25','2022-08-10 00:55:25'),(176,'PT','Portugal','2022-08-10 00:55:25','2022-08-10 00:55:25'),(177,'PR','Puerto Rico','2022-08-10 00:55:25','2022-08-10 00:55:25'),(178,'QA','Qatar','2022-08-10 00:55:25','2022-08-10 00:55:25'),(179,'RE','Reunion','2022-08-10 00:55:25','2022-08-10 00:55:25'),(180,'RO','Romania','2022-08-10 00:55:25','2022-08-10 00:55:25'),(181,'RU','Russian Federation','2022-08-10 00:55:25','2022-08-10 00:55:25'),(182,'RW','RWANDA','2022-08-10 00:55:25','2022-08-10 00:55:25'),(183,'SH','Saint Helena','2022-08-10 00:55:25','2022-08-10 00:55:25'),(184,'KN','Saint Kitts and Nevis','2022-08-10 00:55:25','2022-08-10 00:55:25'),(185,'LC','Saint Lucia','2022-08-10 00:55:25','2022-08-10 00:55:25'),(186,'PM','Saint Pierre and Miquelon','2022-08-10 00:55:25','2022-08-10 00:55:25'),(187,'VC','Saint Vincent and the Grenadines','2022-08-10 00:55:25','2022-08-10 00:55:25'),(188,'WS','Samoa','2022-08-10 00:55:25','2022-08-10 00:55:25'),(189,'SM','San Marino','2022-08-10 00:55:25','2022-08-10 00:55:25'),(190,'ST','Sao Tome and Principe','2022-08-10 00:55:25','2022-08-10 00:55:25'),(191,'SA','Saudi Arabia','2022-08-10 00:55:25','2022-08-10 00:55:25'),(192,'SN','Senegal','2022-08-10 00:55:25','2022-08-10 00:55:25'),(193,'CS','Serbia and Montenegro','2022-08-10 00:55:25','2022-08-10 00:55:25'),(194,'SC','Seychelles','2022-08-10 00:55:25','2022-08-10 00:55:25'),(195,'SL','Sierra Leone','2022-08-10 00:55:25','2022-08-10 00:55:25'),(196,'SG','Singapore','2022-08-10 00:55:25','2022-08-10 00:55:25'),(197,'SK','Slovakia','2022-08-10 00:55:25','2022-08-10 00:55:25'),(198,'SI','Slovenia','2022-08-10 00:55:25','2022-08-10 00:55:25'),(199,'SB','Solomon Islands','2022-08-10 00:55:25','2022-08-10 00:55:25'),(200,'SO','Somalia','2022-08-10 00:55:25','2022-08-10 00:55:25'),(201,'ZA','South Africa','2022-08-10 00:55:25','2022-08-10 00:55:25'),(202,'GS','South Georgia and the South Sandwich Islands','2022-08-10 00:55:25','2022-08-10 00:55:25'),(203,'ES','Spain','2022-08-10 00:55:25','2022-08-10 00:55:25'),(204,'LK','Sri Lanka','2022-08-10 00:55:25','2022-08-10 00:55:25'),(205,'SD','Sudan','2022-08-10 00:55:25','2022-08-10 00:55:25'),(206,'SR','Suri','2022-08-10 00:55:25','2022-08-10 00:55:25'),(207,'SJ','Svalbard and Jan Mayen','2022-08-10 00:55:25','2022-08-10 00:55:25'),(208,'SZ','Swaziland','2022-08-10 00:55:25','2022-08-10 00:55:25'),(209,'SE','Sweden','2022-08-10 00:55:25','2022-08-10 00:55:25'),(210,'CH','Switzerland','2022-08-10 00:55:25','2022-08-10 00:55:25'),(211,'SY','Syrian Arab Republic','2022-08-10 00:55:25','2022-08-10 00:55:25'),(212,'TW','Taiwan, Province of China','2022-08-10 00:55:25','2022-08-10 00:55:25'),(213,'TJ','Tajikistan','2022-08-10 00:55:25','2022-08-10 00:55:25'),(214,'TZ','Tanzania, United Republic of','2022-08-10 00:55:25','2022-08-10 00:55:25'),(215,'TH','Thailand','2022-08-10 00:55:25','2022-08-10 00:55:25'),(216,'TL','Timor-Leste','2022-08-10 00:55:25','2022-08-10 00:55:25'),(217,'TG','Togo','2022-08-10 00:55:25','2022-08-10 00:55:25'),(218,'TK','Tokelau','2022-08-10 00:55:25','2022-08-10 00:55:25'),(219,'TO','Tonga','2022-08-10 00:55:25','2022-08-10 00:55:25'),(220,'TT','Trinidad and Tobago','2022-08-10 00:55:25','2022-08-10 00:55:25'),(221,'TN','Tunisia','2022-08-10 00:55:25','2022-08-10 00:55:25'),(222,'TR','Turkey','2022-08-10 00:55:25','2022-08-10 00:55:25'),(223,'TM','Turkmenistan','2022-08-10 00:55:25','2022-08-10 00:55:25'),(224,'TC','Turks and Caicos Islands','2022-08-10 00:55:25','2022-08-10 00:55:25'),(225,'TV','Tuvalu','2022-08-10 00:55:25','2022-08-10 00:55:25'),(226,'UG','Uganda','2022-08-10 00:55:25','2022-08-10 00:55:25'),(227,'UA','Ukraine','2022-08-10 00:55:25','2022-08-10 00:55:25'),(228,'AE','United Arab Emirates','2022-08-10 00:55:25','2022-08-10 00:55:25'),(229,'GB','United Kingdom','2022-08-10 00:55:25','2022-08-10 00:55:25'),(230,'US','United States','2022-08-10 00:55:25','2022-08-10 00:55:25'),(231,'UM','United States Minor Outlying Islands','2022-08-10 00:55:25','2022-08-10 00:55:25'),(232,'UY','Uruguay','2022-08-10 00:55:25','2022-08-10 00:55:25'),(233,'UZ','Uzbekistan','2022-08-10 00:55:25','2022-08-10 00:55:25'),(234,'VU','Vanuatu','2022-08-10 00:55:25','2022-08-10 00:55:25'),(235,'VE','Venezuela','2022-08-10 00:55:25','2022-08-10 00:55:25'),(236,'VN','Viet Nam','2022-08-10 00:55:25','2022-08-10 00:55:25'),(237,'VG','Virgin Islands, British','2022-08-10 00:55:25','2022-08-10 00:55:25'),(238,'VI','Virgin Islands, U.S.','2022-08-10 00:55:25','2022-08-10 00:55:25'),(239,'WF','Wallis and Futuna','2022-08-10 00:55:25','2022-08-10 00:55:25'),(240,'EH','Western Sahara','2022-08-10 00:55:25','2022-08-10 00:55:25'),(241,'YE','Yemen','2022-08-10 00:55:25','2022-08-10 00:55:25'),(242,'ZM','Zambia','2022-08-10 00:55:25','2022-08-10 00:55:25'),(243,'ZW','Zimbabwe','2022-08-10 00:55:25','2022-08-10 00:55:25');
/*!40000 ALTER TABLE `countries` ENABLE KEYS */;
UNLOCK TABLES;

--
-- Table structure for table `credit_logs`
--

DROP TABLE IF EXISTS `credit_logs`;
/*!40101 SET @saved_cs_client     = @@character_set_client */;
/*!50503 SET character_set_client = utf8mb4 */;
CREATE TABLE `credit_logs` (
  `id` int unsigned NOT NULL AUTO_INCREMENT COMMENT 'Credits spent and purchase log for agent',
  `agent_id` int unsigned NOT NULL,
  `property_id` int unsigned NOT NULL,
  `credits` tinyint NOT NULL,
  `type` enum('Spent','Bought') CHARACTER SET utf8mb4 COLLATE utf8mb4_unicode_ci NOT NULL,
  `created_at` timestamp NULL DEFAULT NULL,
  `updated_at` timestamp NULL DEFAULT NULL,
  PRIMARY KEY (`id`)
) ENGINE=InnoDB AUTO_INCREMENT=27 DEFAULT CHARSET=utf8mb4 COLLATE=utf8mb4_unicode_ci;
/*!40101 SET character_set_client = @saved_cs_client */;

--
-- Dumping data for table `credit_logs`
--

LOCK TABLES `credit_logs` WRITE;
/*!40000 ALTER TABLE `credit_logs` DISABLE KEYS */;
INSERT INTO `credit_logs` VALUES (1,1,0,2,'Bought','2022-12-22 14:24:57','2022-12-22 14:24:57'),(2,1,0,10,'Bought','2022-12-22 14:31:35','2022-12-22 14:31:35'),(3,1,1,-1,'Spent','2022-12-23 10:59:50','2022-12-23 10:59:50'),(4,2,4,-1,'Spent','2023-06-29 20:46:21','2023-06-29 20:46:21'),(5,2,5,-1,'Spent','2023-06-30 02:03:09','2023-06-30 02:03:09'),(6,2,3,-1,'Spent','2023-06-30 02:03:33','2023-06-30 02:03:33'),(7,2,2,-1,'Spent','2023-07-13 19:12:17','2023-07-13 19:12:17'),(8,3,9,-1,'Spent','2023-07-25 19:38:27','2023-07-25 19:38:27'),(9,23,6,-1,'Spent','2024-04-13 16:22:36','2024-04-13 16:22:36'),(10,2,7,-1,'Spent','2024-04-14 14:39:20','2024-04-14 14:39:20'),(11,2,8,-1,'Spent','2024-04-14 15:30:22','2024-04-14 15:30:22'),(12,22,10,-1,'Spent','2024-04-14 15:54:56','2024-04-14 15:54:56'),(13,22,11,-1,'Spent','2024-04-14 15:56:16','2024-04-14 15:56:16'),(14,12,12,-1,'Spent','2024-04-14 16:39:23','2024-04-14 16:39:23'),(15,29,13,-1,'Spent','2024-04-14 17:06:19','2024-04-14 17:06:19'),(16,22,14,-1,'Spent','2024-04-15 18:43:55','2024-04-15 18:43:55'),(17,24,15,-1,'Spent','2024-04-15 18:49:21','2024-04-15 18:49:21'),(18,24,16,-1,'Spent','2024-04-15 21:15:37','2024-04-15 21:15:37'),(19,24,17,-1,'Spent','2024-04-16 19:51:50','2024-04-16 19:51:50'),(20,26,18,-1,'Spent','2024-04-16 20:46:08','2024-04-16 20:46:08'),(21,32,19,-1,'Spent','2024-04-23 20:49:35','2024-04-23 20:49:35'),(22,2,20,-1,'Spent','2024-04-24 15:27:58','2024-04-24 15:27:58'),(23,2,23,-1,'Spent','2024-07-15 07:49:12','2024-07-15 07:49:12'),(24,36,25,-1,'Spent','2024-09-06 13:19:44','2024-09-06 13:19:44'),(25,36,24,-1,'Spent','2024-09-06 13:20:30','2024-09-06 13:20:30'),(26,2,26,-1,'Spent','2024-11-22 04:07:47','2024-11-22 04:07:47');
/*!40000 ALTER TABLE `credit_logs` ENABLE KEYS */;
UNLOCK TABLES;

--
-- Table structure for table `failed_jobs`
--

DROP TABLE IF EXISTS `failed_jobs`;
/*!40101 SET @saved_cs_client     = @@character_set_client */;
/*!50503 SET character_set_client = utf8mb4 */;
CREATE TABLE `failed_jobs` (
  `id` bigint unsigned NOT NULL AUTO_INCREMENT,
  `uuid` varchar(255) CHARACTER SET utf8mb4 COLLATE utf8mb4_unicode_ci NOT NULL,
  `connection` text CHARACTER SET utf8mb4 COLLATE utf8mb4_unicode_ci NOT NULL,
  `queue` text CHARACTER SET utf8mb4 COLLATE utf8mb4_unicode_ci NOT NULL,
  `payload` longtext CHARACTER SET utf8mb4 COLLATE utf8mb4_unicode_ci NOT NULL,
  `exception` longtext CHARACTER SET utf8mb4 COLLATE utf8mb4_unicode_ci NOT NULL,
  `failed_at` timestamp NOT NULL DEFAULT CURRENT_TIMESTAMP,
  PRIMARY KEY (`id`),
  UNIQUE KEY `failed_jobs_uuid_unique` (`uuid`)
) ENGINE=InnoDB AUTO_INCREMENT=3 DEFAULT CHARSET=utf8mb4 COLLATE=utf8mb4_unicode_ci;
/*!40101 SET character_set_client = @saved_cs_client */;

--
-- Dumping data for table `failed_jobs`
--

LOCK TABLES `failed_jobs` WRITE;
/*!40000 ALTER TABLE `failed_jobs` DISABLE KEYS */;
INSERT INTO `failed_jobs` VALUES (1,'e75068da-d6fc-4865-be71-403e841a94dc','redis','default','{\"uuid\":\"e75068da-d6fc-4865-be71-403e841a94dc\",\"displayName\":\"App\\\\Jobs\\\\SendContactFormEmail\",\"job\":\"Illuminate\\\\Queue\\\\CallQueuedHandler@call\",\"maxTries\":null,\"maxExceptions\":null,\"failOnTimeout\":false,\"backoff\":null,\"timeout\":null,\"retryUntil\":null,\"data\":{\"commandName\":\"App\\\\Jobs\\\\SendContactFormEmail\",\"command\":\"O:29:\\\"App\\\\Jobs\\\\SendContactFormEmail\\\":2:{s:7:\\\"\\u0000*\\u0000user\\\";a:4:{s:4:\\\"name\\\";s:12:\\\"Shamim Hasan\\\";s:5:\\\"email\\\";s:24:\\\"shamimhasan008@gmail.com\\\";s:5:\\\"phone\\\";s:11:\\\"01717639054\\\";s:7:\\\"message\\\";s:4:\\\"test\\\";}s:8:\\\"\\u0000*\\u0000agent\\\";O:45:\\\"Illuminate\\\\Contracts\\\\Database\\\\ModelIdentifier\\\":5:{s:5:\\\"class\\\";s:17:\\\"App\\\\Models\\\\Agents\\\";s:2:\\\"id\\\";i:2;s:9:\\\"relations\\\";a:1:{i:0;s:10:\\\"properties\\\";}s:10:\\\"connection\\\";s:5:\\\"mysql\\\";s:15:\\\"collectionClass\\\";N;}}\"},\"id\":\"e75068da-d6fc-4865-be71-403e841a94dc\",\"attempts\":0,\"type\":\"job\",\"tags\":[\"App\\\\Models\\\\Agents:2\"],\"silenced\":false,\"pushedAt\":\"1734330843.3485\"}','Symfony\\Component\\Mailer\\Exception\\TransportException: Failed to authenticate on SMTP server with username \"api\" using the following authenticators: \"LOGIN\", \"PLAIN\". Authenticator \"LOGIN\" returned \"Expected response code \"235\" but got code \"535\", with message \"535 5.7.8 Authentication failed\".\". Authenticator \"PLAIN\" returned \"Expected response code \"235\" but got code \"535\", with message \"535 5.7.8 Authentication failed\".\". in /home/stagingrealtyinterfacecom/staging.realtyinterface.com/vendor/symfony/mailer/Transport/Smtp/EsmtpTransport.php:247\nStack trace:\n#0 /home/stagingrealtyinterfacecom/staging.realtyinterface.com/vendor/symfony/mailer/Transport/Smtp/EsmtpTransport.php(177): Symfony\\Component\\Mailer\\Transport\\Smtp\\EsmtpTransport->handleAuth()\n#1 /home/stagingrealtyinterfacecom/staging.realtyinterface.com/vendor/symfony/mailer/Transport/Smtp/EsmtpTransport.php(134): Symfony\\Component\\Mailer\\Transport\\Smtp\\EsmtpTransport->doEhloCommand()\n#2 /home/stagingrealtyinterfacecom/staging.realtyinterface.com/vendor/symfony/mailer/Transport/Smtp/SmtpTransport.php(255): Symfony\\Component\\Mailer\\Transport\\Smtp\\EsmtpTransport->executeCommand()\n#3 /home/stagingrealtyinterfacecom/staging.realtyinterface.com/vendor/symfony/mailer/Transport/Smtp/SmtpTransport.php(281): Symfony\\Component\\Mailer\\Transport\\Smtp\\SmtpTransport->doHeloCommand()\n#4 /home/stagingrealtyinterfacecom/staging.realtyinterface.com/vendor/symfony/mailer/Transport/Smtp/SmtpTransport.php(210): Symfony\\Component\\Mailer\\Transport\\Smtp\\SmtpTransport->start()\n#5 /home/stagingrealtyinterfacecom/staging.realtyinterface.com/vendor/symfony/mailer/Transport/AbstractTransport.php(69): Symfony\\Component\\Mailer\\Transport\\Smtp\\SmtpTransport->doSend()\n#6 /home/stagingrealtyinterfacecom/staging.realtyinterface.com/vendor/symfony/mailer/Transport/Smtp/SmtpTransport.php(138): Symfony\\Component\\Mailer\\Transport\\AbstractTransport->send()\n#7 /home/stagingrealtyinterfacecom/staging.realtyinterface.com/vendor/laravel/framework/src/Illuminate/Mail/Mailer.php(585): Symfony\\Component\\Mailer\\Transport\\Smtp\\SmtpTransport->send()\n#8 /home/stagingrealtyinterfacecom/staging.realtyinterface.com/vendor/laravel/framework/src/Illuminate/Mail/Mailer.php(332): Illuminate\\Mail\\Mailer->sendSymfonyMessage()\n#9 /home/stagingrealtyinterfacecom/staging.realtyinterface.com/vendor/laravel/framework/src/Illuminate/Mail/Mailable.php(206): Illuminate\\Mail\\Mailer->send()\n#10 /home/stagingrealtyinterfacecom/staging.realtyinterface.com/vendor/laravel/framework/src/Illuminate/Support/Traits/Localizable.php(19): Illuminate\\Mail\\Mailable->Illuminate\\Mail\\{closure}()\n#11 /home/stagingrealtyinterfacecom/staging.realtyinterface.com/vendor/laravel/framework/src/Illuminate/Mail/Mailable.php(199): Illuminate\\Mail\\Mailable->withLocale()\n#12 /home/stagingrealtyinterfacecom/staging.realtyinterface.com/vendor/laravel/framework/src/Illuminate/Mail/Mailer.php(354): Illuminate\\Mail\\Mailable->send()\n#13 /home/stagingrealtyinterfacecom/staging.realtyinterface.com/vendor/laravel/framework/src/Illuminate/Mail/Mailer.php(301): Illuminate\\Mail\\Mailer->sendMailable()\n#14 /home/stagingrealtyinterfacecom/staging.realtyinterface.com/vendor/laravel/framework/src/Illuminate/Mail/PendingMail.php(124): Illuminate\\Mail\\Mailer->send()\n#15 /home/stagingrealtyinterfacecom/staging.realtyinterface.com/app/Jobs/SendContactFormEmail.php(35): Illuminate\\Mail\\PendingMail->send()\n#16 /home/stagingrealtyinterfacecom/staging.realtyinterface.com/vendor/laravel/framework/src/Illuminate/Container/BoundMethod.php(36): App\\Jobs\\SendContactFormEmail->handle()\n#17 /home/stagingrealtyinterfacecom/staging.realtyinterface.com/vendor/laravel/framework/src/Illuminate/Container/Util.php(43): Illuminate\\Container\\BoundMethod::Illuminate\\Container\\{closure}()\n#18 /home/stagingrealtyinterfacecom/staging.realtyinterface.com/vendor/laravel/framework/src/Illuminate/Container/BoundMethod.php(95): Illuminate\\Container\\Util::unwrapIfClosure()\n#19 /home/stagingrealtyinterfacecom/staging.realtyinterface.com/vendor/laravel/framework/src/Illuminate/Container/BoundMethod.php(35): Illuminate\\Container\\BoundMethod::callBoundMethod()\n#20 /home/stagingrealtyinterfacecom/staging.realtyinterface.com/vendor/laravel/framework/src/Illuminate/Container/Container.php(690): Illuminate\\Container\\BoundMethod::call()\n#21 /home/stagingrealtyinterfacecom/staging.realtyinterface.com/vendor/laravel/framework/src/Illuminate/Bus/Dispatcher.php(126): Illuminate\\Container\\Container->call()\n#22 /home/stagingrealtyinterfacecom/staging.realtyinterface.com/vendor/laravel/framework/src/Illuminate/Pipeline/Pipeline.php(144): Illuminate\\Bus\\Dispatcher->Illuminate\\Bus\\{closure}()\n#23 /home/stagingrealtyinterfacecom/staging.realtyinterface.com/vendor/laravel/framework/src/Illuminate/Pipeline/Pipeline.php(119): Illuminate\\Pipeline\\Pipeline->Illuminate\\Pipeline\\{closure}()\n#24 /home/stagingrealtyinterfacecom/staging.realtyinterface.com/vendor/laravel/framework/src/Illuminate/Bus/Dispatcher.php(130): Illuminate\\Pipeline\\Pipeline->then()\n#25 /home/stagingrealtyinterfacecom/staging.realtyinterface.com/vendor/laravel/framework/src/Illuminate/Queue/CallQueuedHandler.php(124): Illuminate\\Bus\\Dispatcher->dispatchNow()\n#26 /home/stagingrealtyinterfacecom/staging.realtyinterface.com/vendor/laravel/framework/src/Illuminate/Pipeline/Pipeline.php(144): Illuminate\\Queue\\CallQueuedHandler->Illuminate\\Queue\\{closure}()\n#27 /home/stagingrealtyinterfacecom/staging.realtyinterface.com/vendor/laravel/framework/src/Illuminate/Pipeline/Pipeline.php(119): Illuminate\\Pipeline\\Pipeline->Illuminate\\Pipeline\\{closure}()\n#28 /home/stagingrealtyinterfacecom/staging.realtyinterface.com/vendor/laravel/framework/src/Illuminate/Queue/CallQueuedHandler.php(123): Illuminate\\Pipeline\\Pipeline->then()\n#29 /home/stagingrealtyinterfacecom/staging.realtyinterface.com/vendor/laravel/framework/src/Illuminate/Queue/CallQueuedHandler.php(71): Illuminate\\Queue\\CallQueuedHandler->dispatchThroughMiddleware()\n#30 /home/stagingrealtyinterfacecom/staging.realtyinterface.com/vendor/laravel/framework/src/Illuminate/Queue/Jobs/Job.php(102): Illuminate\\Queue\\CallQueuedHandler->call()\n#31 /home/stagingrealtyinterfacecom/staging.realtyinterface.com/vendor/laravel/framework/src/Illuminate/Queue/Worker.php(440): Illuminate\\Queue\\Jobs\\Job->fire()\n#32 /home/stagingrealtyinterfacecom/staging.realtyinterface.com/vendor/laravel/framework/src/Illuminate/Queue/Worker.php(390): Illuminate\\Queue\\Worker->process()\n#33 /home/stagingrealtyinterfacecom/staging.realtyinterface.com/vendor/laravel/framework/src/Illuminate/Queue/Worker.php(177): Illuminate\\Queue\\Worker->runJob()\n#34 /home/stagingrealtyinterfacecom/staging.realtyinterface.com/vendor/laravel/framework/src/Illuminate/Queue/Console/WorkCommand.php(141): Illuminate\\Queue\\Worker->daemon()\n#35 /home/stagingrealtyinterfacecom/staging.realtyinterface.com/vendor/laravel/framework/src/Illuminate/Queue/Console/WorkCommand.php(124): Illuminate\\Queue\\Console\\WorkCommand->runWorker()\n#36 /home/stagingrealtyinterfacecom/staging.realtyinterface.com/vendor/laravel/framework/src/Illuminate/Container/BoundMethod.php(36): Illuminate\\Queue\\Console\\WorkCommand->handle()\n#37 /home/stagingrealtyinterfacecom/staging.realtyinterface.com/vendor/laravel/framework/src/Illuminate/Container/Util.php(43): Illuminate\\Container\\BoundMethod::Illuminate\\Container\\{closure}()\n#38 /home/stagingrealtyinterfacecom/staging.realtyinterface.com/vendor/laravel/framework/src/Illuminate/Container/BoundMethod.php(95): Illuminate\\Container\\Util::unwrapIfClosure()\n#39 /home/stagingrealtyinterfacecom/staging.realtyinterface.com/vendor/laravel/framework/src/Illuminate/Container/BoundMethod.php(35): Illuminate\\Container\\BoundMethod::callBoundMethod()\n#40 /home/stagingrealtyinterfacecom/staging.realtyinterface.com/vendor/laravel/framework/src/Illuminate/Container/Container.php(690): Illuminate\\Container\\BoundMethod::call()\n#41 /home/stagingrealtyinterfacecom/staging.realtyinterface.com/vendor/laravel/framework/src/Illuminate/Console/Command.php(213): Illuminate\\Container\\Container->call()\n#42 /home/stagingrealtyinterfacecom/staging.realtyinterface.com/vendor/symfony/console/Command/Command.php(279): Illuminate\\Console\\Command->execute()\n#43 /home/stagingrealtyinterfacecom/staging.realtyinterface.com/vendor/laravel/framework/src/Illuminate/Console/Command.php(182): Symfony\\Component\\Console\\Command\\Command->run()\n#44 /home/stagingrealtyinterfacecom/staging.realtyinterface.com/vendor/symfony/console/Application.php(1047): Illuminate\\Console\\Command->run()\n#45 /home/stagingrealtyinterfacecom/staging.realtyinterface.com/vendor/symfony/console/Application.php(316): Symfony\\Component\\Console\\Application->doRunCommand()\n#46 /home/stagingrealtyinterfacecom/staging.realtyinterface.com/vendor/symfony/console/Application.php(167): Symfony\\Component\\Console\\Application->doRun()\n#47 /home/stagingrealtyinterfacecom/staging.realtyinterface.com/vendor/laravel/framework/src/Illuminate/Foundation/Console/Kernel.php(197): Symfony\\Component\\Console\\Application->run()\n#48 /home/stagingrealtyinterfacecom/staging.realtyinterface.com/artisan(35): Illuminate\\Foundation\\Console\\Kernel->handle()\n#49 {main}','2024-12-16 06:34:04'),(2,'f51bde20-6294-4fc3-9c9b-ff247044670b','redis','default','{\"uuid\":\"f51bde20-6294-4fc3-9c9b-ff247044670b\",\"displayName\":\"App\\\\Jobs\\\\SendContactFormEmail\",\"job\":\"Illuminate\\\\Queue\\\\CallQueuedHandler@call\",\"maxTries\":null,\"maxExceptions\":null,\"failOnTimeout\":false,\"backoff\":null,\"timeout\":null,\"retryUntil\":null,\"data\":{\"commandName\":\"App\\\\Jobs\\\\SendContactFormEmail\",\"command\":\"O:29:\\\"App\\\\Jobs\\\\SendContactFormEmail\\\":2:{s:7:\\\"\\u0000*\\u0000user\\\";a:4:{s:4:\\\"name\\\";s:11:\\\"Scott Avila\\\";s:5:\\\"email\\\";s:22:\\\"scott@odysseydesign.us\\\";s:5:\\\"phone\\\";s:10:\\\"5305543312\\\";s:7:\\\"message\\\";s:3:\\\"tst\\\";}s:8:\\\"\\u0000*\\u0000agent\\\";O:45:\\\"Illuminate\\\\Contracts\\\\Database\\\\ModelIdentifier\\\":5:{s:5:\\\"class\\\";s:17:\\\"App\\\\Models\\\\Agents\\\";s:2:\\\"id\\\";i:2;s:9:\\\"relations\\\";a:1:{i:0;s:10:\\\"properties\\\";}s:10:\\\"connection\\\";s:5:\\\"mysql\\\";s:15:\\\"collectionClass\\\";N;}}\"},\"id\":\"f51bde20-6294-4fc3-9c9b-ff247044670b\",\"attempts\":0,\"type\":\"job\",\"tags\":[\"App\\\\Models\\\\Agents:2\"],\"silenced\":false,\"pushedAt\":\"1734487761.2517\"}','Symfony\\Component\\Mailer\\Exception\\TransportException: Failed to authenticate on SMTP server with username \"api\" using the following authenticators: \"LOGIN\", \"PLAIN\". Authenticator \"LOGIN\" returned \"Expected response code \"235\" but got code \"535\", with message \"535 5.7.8 Authentication failed\".\". Authenticator \"PLAIN\" returned \"Expected response code \"235\" but got code \"535\", with message \"535 5.7.8 Authentication failed\".\". in /home/stagingrealtyinterfacecom/staging.realtyinterface.com/vendor/symfony/mailer/Transport/Smtp/EsmtpTransport.php:247\nStack trace:\n#0 /home/stagingrealtyinterfacecom/staging.realtyinterface.com/vendor/symfony/mailer/Transport/Smtp/EsmtpTransport.php(177): Symfony\\Component\\Mailer\\Transport\\Smtp\\EsmtpTransport->handleAuth()\n#1 /home/stagingrealtyinterfacecom/staging.realtyinterface.com/vendor/symfony/mailer/Transport/Smtp/EsmtpTransport.php(134): Symfony\\Component\\Mailer\\Transport\\Smtp\\EsmtpTransport->doEhloCommand()\n#2 /home/stagingrealtyinterfacecom/staging.realtyinterface.com/vendor/symfony/mailer/Transport/Smtp/SmtpTransport.php(255): Symfony\\Component\\Mailer\\Transport\\Smtp\\EsmtpTransport->executeCommand()\n#3 /home/stagingrealtyinterfacecom/staging.realtyinterface.com/vendor/symfony/mailer/Transport/Smtp/SmtpTransport.php(281): Symfony\\Component\\Mailer\\Transport\\Smtp\\SmtpTransport->doHeloCommand()\n#4 /home/stagingrealtyinterfacecom/staging.realtyinterface.com/vendor/symfony/mailer/Transport/Smtp/SmtpTransport.php(210): Symfony\\Component\\Mailer\\Transport\\Smtp\\SmtpTransport->start()\n#5 /home/stagingrealtyinterfacecom/staging.realtyinterface.com/vendor/symfony/mailer/Transport/AbstractTransport.php(69): Symfony\\Component\\Mailer\\Transport\\Smtp\\SmtpTransport->doSend()\n#6 /home/stagingrealtyinterfacecom/staging.realtyinterface.com/vendor/symfony/mailer/Transport/Smtp/SmtpTransport.php(138): Symfony\\Component\\Mailer\\Transport\\AbstractTransport->send()\n#7 /home/stagingrealtyinterfacecom/staging.realtyinterface.com/vendor/laravel/framework/src/Illuminate/Mail/Mailer.php(585): Symfony\\Component\\Mailer\\Transport\\Smtp\\SmtpTransport->send()\n#8 /home/stagingrealtyinterfacecom/staging.realtyinterface.com/vendor/laravel/framework/src/Illuminate/Mail/Mailer.php(332): Illuminate\\Mail\\Mailer->sendSymfonyMessage()\n#9 /home/stagingrealtyinterfacecom/staging.realtyinterface.com/vendor/laravel/framework/src/Illuminate/Mail/Mailable.php(206): Illuminate\\Mail\\Mailer->send()\n#10 /home/stagingrealtyinterfacecom/staging.realtyinterface.com/vendor/laravel/framework/src/Illuminate/Support/Traits/Localizable.php(19): Illuminate\\Mail\\Mailable->Illuminate\\Mail\\{closure}()\n#11 /home/stagingrealtyinterfacecom/staging.realtyinterface.com/vendor/laravel/framework/src/Illuminate/Mail/Mailable.php(199): Illuminate\\Mail\\Mailable->withLocale()\n#12 /home/stagingrealtyinterfacecom/staging.realtyinterface.com/vendor/laravel/framework/src/Illuminate/Mail/Mailer.php(354): Illuminate\\Mail\\Mailable->send()\n#13 /home/stagingrealtyinterfacecom/staging.realtyinterface.com/vendor/laravel/framework/src/Illuminate/Mail/Mailer.php(301): Illuminate\\Mail\\Mailer->sendMailable()\n#14 /home/stagingrealtyinterfacecom/staging.realtyinterface.com/vendor/laravel/framework/src/Illuminate/Mail/PendingMail.php(124): Illuminate\\Mail\\Mailer->send()\n#15 /home/stagingrealtyinterfacecom/staging.realtyinterface.com/app/Jobs/SendContactFormEmail.php(35): Illuminate\\Mail\\PendingMail->send()\n#16 /home/stagingrealtyinterfacecom/staging.realtyinterface.com/vendor/laravel/framework/src/Illuminate/Container/BoundMethod.php(36): App\\Jobs\\SendContactFormEmail->handle()\n#17 /home/stagingrealtyinterfacecom/staging.realtyinterface.com/vendor/laravel/framework/src/Illuminate/Container/Util.php(43): Illuminate\\Container\\BoundMethod::Illuminate\\Container\\{closure}()\n#18 /home/stagingrealtyinterfacecom/staging.realtyinterface.com/vendor/laravel/framework/src/Illuminate/Container/BoundMethod.php(95): Illuminate\\Container\\Util::unwrapIfClosure()\n#19 /home/stagingrealtyinterfacecom/staging.realtyinterface.com/vendor/laravel/framework/src/Illuminate/Container/BoundMethod.php(35): Illuminate\\Container\\BoundMethod::callBoundMethod()\n#20 /home/stagingrealtyinterfacecom/staging.realtyinterface.com/vendor/laravel/framework/src/Illuminate/Container/Container.php(694): Illuminate\\Container\\BoundMethod::call()\n#21 /home/stagingrealtyinterfacecom/staging.realtyinterface.com/vendor/laravel/framework/src/Illuminate/Bus/Dispatcher.php(126): Illuminate\\Container\\Container->call()\n#22 /home/stagingrealtyinterfacecom/staging.realtyinterface.com/vendor/laravel/framework/src/Illuminate/Pipeline/Pipeline.php(144): Illuminate\\Bus\\Dispatcher->Illuminate\\Bus\\{closure}()\n#23 /home/stagingrealtyinterfacecom/staging.realtyinterface.com/vendor/laravel/framework/src/Illuminate/Pipeline/Pipeline.php(119): Illuminate\\Pipeline\\Pipeline->Illuminate\\Pipeline\\{closure}()\n#24 /home/stagingrealtyinterfacecom/staging.realtyinterface.com/vendor/laravel/framework/src/Illuminate/Bus/Dispatcher.php(130): Illuminate\\Pipeline\\Pipeline->then()\n#25 /home/stagingrealtyinterfacecom/staging.realtyinterface.com/vendor/laravel/framework/src/Illuminate/Queue/CallQueuedHandler.php(124): Illuminate\\Bus\\Dispatcher->dispatchNow()\n#26 /home/stagingrealtyinterfacecom/staging.realtyinterface.com/vendor/laravel/framework/src/Illuminate/Pipeline/Pipeline.php(144): Illuminate\\Queue\\CallQueuedHandler->Illuminate\\Queue\\{closure}()\n#27 /home/stagingrealtyinterfacecom/staging.realtyinterface.com/vendor/laravel/framework/src/Illuminate/Pipeline/Pipeline.php(119): Illuminate\\Pipeline\\Pipeline->Illuminate\\Pipeline\\{closure}()\n#28 /home/stagingrealtyinterfacecom/staging.realtyinterface.com/vendor/laravel/framework/src/Illuminate/Queue/CallQueuedHandler.php(123): Illuminate\\Pipeline\\Pipeline->then()\n#29 /home/stagingrealtyinterfacecom/staging.realtyinterface.com/vendor/laravel/framework/src/Illuminate/Queue/CallQueuedHandler.php(71): Illuminate\\Queue\\CallQueuedHandler->dispatchThroughMiddleware()\n#30 /home/stagingrealtyinterfacecom/staging.realtyinterface.com/vendor/laravel/framework/src/Illuminate/Queue/Jobs/Job.php(102): Illuminate\\Queue\\CallQueuedHandler->call()\n#31 /home/stagingrealtyinterfacecom/staging.realtyinterface.com/vendor/laravel/framework/src/Illuminate/Queue/Worker.php(441): Illuminate\\Queue\\Jobs\\Job->fire()\n#32 /home/stagingrealtyinterfacecom/staging.realtyinterface.com/vendor/laravel/framework/src/Illuminate/Queue/Worker.php(391): Illuminate\\Queue\\Worker->process()\n#33 /home/stagingrealtyinterfacecom/staging.realtyinterface.com/vendor/laravel/framework/src/Illuminate/Queue/Worker.php(178): Illuminate\\Queue\\Worker->runJob()\n#34 /home/stagingrealtyinterfacecom/staging.realtyinterface.com/vendor/laravel/framework/src/Illuminate/Queue/Console/WorkCommand.php(148): Illuminate\\Queue\\Worker->daemon()\n#35 /home/stagingrealtyinterfacecom/staging.realtyinterface.com/vendor/laravel/framework/src/Illuminate/Queue/Console/WorkCommand.php(131): Illuminate\\Queue\\Console\\WorkCommand->runWorker()\n#36 /home/stagingrealtyinterfacecom/staging.realtyinterface.com/vendor/laravel/framework/src/Illuminate/Container/BoundMethod.php(36): Illuminate\\Queue\\Console\\WorkCommand->handle()\n#37 /home/stagingrealtyinterfacecom/staging.realtyinterface.com/vendor/laravel/framework/src/Illuminate/Container/Util.php(43): Illuminate\\Container\\BoundMethod::Illuminate\\Container\\{closure}()\n#38 /home/stagingrealtyinterfacecom/staging.realtyinterface.com/vendor/laravel/framework/src/Illuminate/Container/BoundMethod.php(95): Illuminate\\Container\\Util::unwrapIfClosure()\n#39 /home/stagingrealtyinterfacecom/staging.realtyinterface.com/vendor/laravel/framework/src/Illuminate/Container/BoundMethod.php(35): Illuminate\\Container\\BoundMethod::callBoundMethod()\n#40 /home/stagingrealtyinterfacecom/staging.realtyinterface.com/vendor/laravel/framework/src/Illuminate/Container/Container.php(694): Illuminate\\Container\\BoundMethod::call()\n#41 /home/stagingrealtyinterfacecom/staging.realtyinterface.com/vendor/laravel/framework/src/Illuminate/Console/Command.php(213): Illuminate\\Container\\Container->call()\n#42 /home/stagingrealtyinterfacecom/staging.realtyinterface.com/vendor/symfony/console/Command/Command.php(279): Illuminate\\Console\\Command->execute()\n#43 /home/stagingrealtyinterfacecom/staging.realtyinterface.com/vendor/laravel/framework/src/Illuminate/Console/Command.php(182): Symfony\\Component\\Console\\Command\\Command->run()\n#44 /home/stagingrealtyinterfacecom/staging.realtyinterface.com/vendor/symfony/console/Application.php(1094): Illuminate\\Console\\Command->run()\n#45 /home/stagingrealtyinterfacecom/staging.realtyinterface.com/vendor/symfony/console/Application.php(342): Symfony\\Component\\Console\\Application->doRunCommand()\n#46 /home/stagingrealtyinterfacecom/staging.realtyinterface.com/vendor/symfony/console/Application.php(193): Symfony\\Component\\Console\\Application->doRun()\n#47 /home/stagingrealtyinterfacecom/staging.realtyinterface.com/vendor/laravel/framework/src/Illuminate/Foundation/Console/Kernel.php(198): Symfony\\Component\\Console\\Application->run()\n#48 /home/stagingrealtyinterfacecom/staging.realtyinterface.com/artisan(35): Illuminate\\Foundation\\Console\\Kernel->handle()\n#49 {main}','2024-12-18 02:09:22');
/*!40000 ALTER TABLE `failed_jobs` ENABLE KEYS */;
UNLOCK TABLES;

--
-- Table structure for table `hotspot_property_images`
--

DROP TABLE IF EXISTS `hotspot_property_images`;
/*!40101 SET @saved_cs_client     = @@character_set_client */;
/*!50503 SET character_set_client = utf8mb4 */;
CREATE TABLE `hotspot_property_images` (
  `id` bigint unsigned NOT NULL AUTO_INCREMENT,
  `hotspot_id` bigint unsigned NOT NULL,
  `property_images_id` bigint unsigned NOT NULL,
  PRIMARY KEY (`id`),
  KEY `hotspot_property_images_hotspot_id_foreign` (`hotspot_id`),
  CONSTRAINT `hotspot_property_images_hotspot_id_foreign` FOREIGN KEY (`hotspot_id`) REFERENCES `hotspots` (`id`) ON DELETE CASCADE
) ENGINE=InnoDB AUTO_INCREMENT=54 DEFAULT CHARSET=utf8mb4 COLLATE=utf8mb4_unicode_ci;
/*!40101 SET character_set_client = @saved_cs_client */;

--
-- Dumping data for table `hotspot_property_images`
--

LOCK TABLES `hotspot_property_images` WRITE;
/*!40000 ALTER TABLE `hotspot_property_images` DISABLE KEYS */;
INSERT INTO `hotspot_property_images` VALUES (47,50,215),(48,50,214),(49,51,278),(50,51,279),(51,51,280),(52,52,293),(53,52,294);
/*!40000 ALTER TABLE `hotspot_property_images` ENABLE KEYS */;
UNLOCK TABLES;

--
-- Table structure for table `hotspots`
--

DROP TABLE IF EXISTS `hotspots`;
/*!40101 SET @saved_cs_client     = @@character_set_client */;
/*!50503 SET character_set_client = utf8mb4 */;
CREATE TABLE `hotspots` (
  `id` bigint unsigned NOT NULL AUTO_INCREMENT,
  `property_floorplans_id` bigint unsigned NOT NULL,
  `top` decimal(5,3) NOT NULL,
  `left` decimal(5,3) NOT NULL,
  `height` decimal(5,3) NOT NULL,
  `width` decimal(5,3) NOT NULL,
  `created_at` timestamp NULL DEFAULT NULL,
  `updated_at` timestamp NULL DEFAULT NULL,
  PRIMARY KEY (`id`),
  KEY `hotspots_property_floorplans_id_foreign` (`property_floorplans_id`),
  CONSTRAINT `hotspots_property_floorplans_id_foreign` FOREIGN KEY (`property_floorplans_id`) REFERENCES `property_floorplans` (`id`) ON DELETE CASCADE
) ENGINE=InnoDB AUTO_INCREMENT=54 DEFAULT CHARSET=utf8mb4 COLLATE=utf8mb4_unicode_ci;
/*!40101 SET character_set_client = @saved_cs_client */;

--
-- Dumping data for table `hotspots`
--

LOCK TABLES `hotspots` WRITE;
/*!40000 ALTER TABLE `hotspots` DISABLE KEYS */;
INSERT INTO `hotspots` VALUES (43,9,12.075,56.950,12.149,8.490,'2025-01-29 01:58:06','2025-01-29 01:58:06'),(44,8,48.407,31.180,10.589,11.645,'2025-01-29 01:59:14','2025-01-29 01:59:14'),(46,8,27.027,35.387,9.782,12.697,'2025-01-29 15:45:38','2025-01-29 15:45:38'),(47,8,40.238,52.968,9.681,10.068,'2025-01-29 15:45:39','2025-01-29 15:45:39'),(48,8,39.431,14.500,15.631,12.096,'2025-01-29 15:45:41','2025-01-29 15:45:41'),(50,16,30.775,21.805,16.510,14.068,'2025-02-14 12:35:29','2025-02-14 12:35:29'),(51,17,11.091,27.881,20.568,24.383,'2025-02-14 14:24:14','2025-02-14 14:24:14'),(52,17,17.342,68.930,13.410,19.136,'2025-02-14 14:24:27','2025-02-14 14:24:27');
/*!40000 ALTER TABLE `hotspots` ENABLE KEYS */;
UNLOCK TABLES;

--
-- Table structure for table `migrations`
--

DROP TABLE IF EXISTS `migrations`;
/*!40101 SET @saved_cs_client     = @@character_set_client */;
/*!50503 SET character_set_client = utf8mb4 */;
CREATE TABLE `migrations` (
  `id` int unsigned NOT NULL AUTO_INCREMENT,
  `migration` varchar(255) CHARACTER SET utf8mb4 COLLATE utf8mb4_unicode_ci NOT NULL,
  `batch` int NOT NULL,
  PRIMARY KEY (`id`)
) ENGINE=InnoDB AUTO_INCREMENT=130 DEFAULT CHARSET=utf8mb4 COLLATE=utf8mb4_unicode_ci;
/*!40101 SET character_set_client = @saved_cs_client */;

--
-- Dumping data for table `migrations`
--

LOCK TABLES `migrations` WRITE;
/*!40000 ALTER TABLE `migrations` DISABLE KEYS */;
INSERT INTO `migrations` VALUES (7,'2022_07_26_060742_create_countries_table',2),(38,'2014_10_12_000000_create_users_table',3),(39,'2014_10_12_100000_create_password_resets_table',3),(40,'2019_08_19_000000_create_failed_jobs_table',3),(41,'2019_12_14_000001_create_personal_access_tokens_table',3),(42,'2022_07_26_054344_create_agents_table',3),(43,'2022_07_26_054506_create_agent_addresses_table',3),(44,'2022_07_27_122953_create_countries_table',3),(45,'2022_08_01_095144_create_amenities_table',3),(46,'2022_08_01_130207_create_properties_table',3),(47,'2022_08_01_130301_create_property_amenities_table',3),(48,'2022_08_01_130919_create_property_floorplans_table',3),(49,'2022_08_01_131227_create_property_floorplan_images_table',3),(50,'2022_08_01_133652_create_property_galleries_table',3),(51,'2022_08_01_133929_create_property_gallery_images_table',3),(52,'2022_08_01_134424_create_property_videos_table',3),(53,'2022_08_05_130452_add_columns_to_properties',3),(54,'2022_08_08_061349_add_badroom_to_properties',3),(55,'2022_08_08_093531_create_property_images_table',3),(56,'2022_08_09_103633_edit_columns_to_agents',3),(57,'2022_08_18_122725_rename_columns_to_property_gallery_images',4),(58,'2022_08_18_123644_rename_columnsize_to_property_gallery_images',4),(59,'2022_08_29_072441_changetitle_in_property_videos_table',5),(60,'2022_08_29_092801_change_column_in_property_videos_table',5),(61,'2022_08_31_121827_create_property_matterport_table',5),(62,'2022_09_01_124203_property_documents',5),(63,'2022_09_05_061109_add_country_id_to_properties',5),(64,'2022_09_20_111556_create_admins_table',6),(65,'2022_09_26_041636_create_plans_table',6),(66,'2022_09_26_062703_create_pages_table',6),(67,'2023_09_30_002458_create_subscriptions_table',7),(69,'2023_09_30_004157_updateuser_stripe',8),(71,'2023_10_13_214209_update_subscription_add_qty',9),(72,'2023_12_08_154921_update_property',10),(73,'2024_06_13_221412_update_personal_access_tokens',11),(74,'2024_10_24_224334_create_admins_table',0),(75,'2024_10_24_224334_create_agent_addresses_table',0),(76,'2024_10_24_224334_create_agent_subscriptions_table',0),(77,'2024_10_24_224334_create_agents_table',0),(78,'2024_10_24_224334_create_amenities_table',0),(79,'2024_10_24_224334_create_countries_table',0),(80,'2024_10_24_224334_create_credit_logs_table',0),(81,'2024_10_24_224334_create_failed_jobs_table',0),(82,'2024_10_24_224334_create_pages_table',0),(83,'2024_10_24_224334_create_password_resets_table',0),(84,'2024_10_24_224334_create_payments_table',0),(85,'2024_10_24_224334_create_personal_access_tokens_table',0),(86,'2024_10_24_224334_create_plans_table',0),(87,'2024_10_24_224334_create_properties_table',0),(88,'2024_10_24_224334_create_property_amenities_table',0),(89,'2024_10_24_224334_create_property_documents_table',0),(90,'2024_10_24_224334_create_property_floorplan_images_table',0),(91,'2024_10_24_224334_create_property_floorplans_table',0),(92,'2024_10_24_224334_create_property_galleries_table',0),(93,'2024_10_24_224334_create_property_gallery_images_table',0),(94,'2024_10_24_224334_create_property_images_table',0),(95,'2024_10_24_224334_create_property_matterport_table',0),(96,'2024_10_24_224334_create_property_slider_table',0),(97,'2024_10_24_224334_create_property_videos_table',0),(98,'2024_10_24_224334_create_states_table',0),(99,'2024_10_24_224334_create_subscriptions_table',0),(100,'2024_10_24_224334_create_users_table',0),(101,'2024_10_24_224337_add_foreign_keys_to_agent_addresses_table',0),(102,'2024_10_24_224337_add_foreign_keys_to_properties_table',0),(103,'2024_10_24_224337_add_foreign_keys_to_property_amenities_table',0),(104,'2024_10_24_224337_add_foreign_keys_to_property_documents_table',0),(105,'2024_10_24_224337_add_foreign_keys_to_property_floorplan_images_table',0),(106,'2024_10_24_224337_add_foreign_keys_to_property_floorplans_table',0),(107,'2024_10_24_224337_add_foreign_keys_to_property_galleries_table',0),(108,'2024_10_24_224337_add_foreign_keys_to_property_gallery_images_table',0),(109,'2024_10_24_224337_add_foreign_keys_to_property_images_table',0),(110,'2024_10_24_224337_add_foreign_keys_to_property_matterport_table',0),(111,'2024_10_24_224337_add_foreign_keys_to_property_videos_table',0),(112,'2024_10_28_005906_update_video_autoplay',12),(113,'2024_12_12_182233_create_hotspots_table',13),(114,'2024_12_12_182525_create_hotspot_property_images_table',13),(115,'2024_12_13_063559_update_property_image_mini',14),(116,'2024_12_28_181405_add_sort_order_to_property_floorplans_table',15),(117,'2025_01_06_162349_subscription',16),(118,'2025_01_12_150427_update_property',17),(119,'2025_01_13_024414_update_plan',17),(120,'2025_01_13_204107_create_pages_table',18),(121,'2025_01_22_132129_updateagent',18),(122,'2025_01_22_154548_create_notifications_table',18),(123,'2025_01_24_194300_update_users_reset',19),(124,'2025_01_28_003135_update_property_foreign_key_constraints',20),(125,'2025_02_03_195133_update_foreign_key_constraints',21),(126,'2025_03_13_112155_modify_agent_id_foreign_on_properties',22),(128,'2025_07_31_174118_add_description_column_in_plans_table',23),(129,'2025_09_30_105634_add_indexes_to_properties_table',24);
/*!40000 ALTER TABLE `migrations` ENABLE KEYS */;
UNLOCK TABLES;

--
-- Table structure for table `notifications`
--

DROP TABLE IF EXISTS `notifications`;
/*!40101 SET @saved_cs_client     = @@character_set_client */;
/*!50503 SET character_set_client = utf8mb4 */;
CREATE TABLE `notifications` (
  `id` char(36) CHARACTER SET utf8mb4 COLLATE utf8mb4_unicode_ci NOT NULL,
  `type` varchar(255) CHARACTER SET utf8mb4 COLLATE utf8mb4_unicode_ci NOT NULL,
  `notifiable_type` varchar(255) CHARACTER SET utf8mb4 COLLATE utf8mb4_unicode_ci NOT NULL,
  `notifiable_id` bigint unsigned NOT NULL,
  `data` text CHARACTER SET utf8mb4 COLLATE utf8mb4_unicode_ci NOT NULL,
  `read_at` timestamp NULL DEFAULT NULL,
  `created_at` timestamp NULL DEFAULT NULL,
  `updated_at` timestamp NULL DEFAULT NULL,
  PRIMARY KEY (`id`),
  KEY `notifications_notifiable_type_notifiable_id_index` (`notifiable_type`,`notifiable_id`)
) ENGINE=InnoDB DEFAULT CHARSET=utf8mb4 COLLATE=utf8mb4_unicode_ci;
/*!40101 SET character_set_client = @saved_cs_client */;

--
-- Dumping data for table `notifications`
--

LOCK TABLES `notifications` WRITE;
/*!40000 ALTER TABLE `notifications` DISABLE KEYS */;
INSERT INTO `notifications` VALUES ('00ec5d39-fa39-49d9-abfa-abc67c222e25','App\\Notifications\\AgentSubscriptionRenewed','App\\Models\\Agents',2,'{\"title\":\"Subscription Renewed!\",\"message\":\"Your subscription to  has been renewed.\",\"icon\":\"heroicon-o-gift\",\"icon_color\":\"text-green-500\",\"url\":\"https:\\/\\/staging.realtyinterface.com\\/agent\\/billing\"}','2025-02-08 15:29:32','2025-02-08 15:23:58','2025-02-08 15:29:32'),('0edf5553-65a8-4d6e-a215-0b641edee293','App\\Notifications\\AgentSubscriptionRenewed','App\\Models\\Agents',48,'{\"title\":\"Subscription Renewed!\",\"message\":\"Your subscription to  has been renewed.\",\"icon\":\"heroicon-o-gift\",\"icon_color\":\"text-green-500\",\"url\":\"https:\\/\\/staging.realtyinterface.com\\/agent\\/billing\"}',NULL,'2025-02-05 01:07:45','2025-02-05 01:07:45'),('10d3b1f5-7f49-4d9e-81b6-7377b702fe0c','App\\Notifications\\AgentSubscriptionRenewed','App\\Models\\Agents',48,'{\"title\":\"Subscription Renewed!\",\"message\":\"Your subscription to  has been renewed.\",\"icon\":\"heroicon-o-gift\",\"icon_color\":\"text-green-500\",\"url\":\"https:\\/\\/staging.realtyinterface.com\\/agent\\/billing\"}',NULL,'2025-02-06 19:43:45','2025-02-06 19:43:45'),('146b1538-09a2-405a-9195-5a116448568e','App\\Notifications\\AgentSubscriptionRenewed','App\\Models\\Agents',47,'{\"title\":\"Subscription Renewed!\",\"message\":\"Your subscription to  has been renewed.\",\"icon\":\"heroicon-o-gift\",\"icon_color\":\"text-green-500\",\"url\":\"https:\\/\\/staging.realtyinterface.com\\/agent\\/billing\"}',NULL,'2025-02-03 17:56:38','2025-02-03 17:56:38'),('22365021-0297-409f-b27f-97a2cefcd5f5','App\\Notifications\\AgentSubscriptionRenewed','App\\Models\\Agents',48,'{\"title\":\"Subscription Renewed!\",\"message\":\"Your subscription to  has been renewed.\",\"icon\":\"heroicon-o-gift\",\"icon_color\":\"text-green-500\",\"url\":\"https:\\/\\/staging.realtyinterface.com\\/agent\\/billing\"}',NULL,'2025-02-07 20:53:12','2025-02-07 20:53:12'),('2bace9d2-2639-449a-ac94-646eef995199','App\\Notifications\\AgentSubscriptionRenewed','App\\Models\\Agents',2,'{\"title\":\"Subscription Renewed!\",\"message\":\"Your subscription to  has been renewed.\",\"icon\":\"heroicon-o-gift\",\"icon_color\":\"text-green-500\",\"url\":\"https:\\/\\/staging.realtyinterface.com\\/agent\\/billing\"}','2025-02-08 15:29:30','2025-02-08 15:26:01','2025-02-08 15:29:30'),('379232da-4d15-44fa-a4cc-0ebc48f011b3','App\\Notifications\\AgentSubscriptionRenewed','App\\Models\\Agents',48,'{\"title\":\"Subscription Renewed!\",\"message\":\"Your subscription to  has been renewed.\",\"icon\":\"heroicon-o-gift\",\"icon_color\":\"text-green-500\",\"url\":\"https:\\/\\/staging.realtyinterface.com\\/agent\\/billing\"}',NULL,'2025-02-07 20:49:25','2025-02-07 20:49:25'),('40cd2d71-1203-4ee7-a0b4-3ba0f181a684','App\\Notifications\\AgentSubscriptionRenewed','App\\Models\\Agents',44,'{\"title\":\"Subscription Renewed!\",\"message\":\"Your subscription to  has been renewed.\",\"icon\":\"heroicon-o-gift\",\"icon_color\":\"text-green-500\",\"url\":\"https:\\/\\/staging.realtyinterface.com\\/agent\\/billing\"}',NULL,'2025-02-05 00:50:17','2025-02-05 00:50:17'),('4314818f-33cc-4ea2-a12b-7f860da5ff01','App\\Notifications\\AgentSubscriptionRenewed','App\\Models\\Agents',44,'{\"title\":\"Subscription Renewed!\",\"message\":\"Your subscription to  has been renewed.\",\"icon\":\"heroicon-o-gift\",\"icon_color\":\"text-green-500\",\"url\":\"https:\\/\\/staging.realtyinterface.com\\/agent\\/billing\"}',NULL,'2025-02-02 00:42:03','2025-02-02 00:42:03'),('43a82c0e-4a03-478a-88af-1f3e4e422b59','App\\Notifications\\AgentSubscriptionRenewed','App\\Models\\Agents',48,'{\"title\":\"Subscription Renewed!\",\"message\":\"Your subscription to  has been renewed.\",\"icon\":\"heroicon-o-gift\",\"icon_color\":\"text-green-500\",\"url\":\"https:\\/\\/staging.realtyinterface.com\\/agent\\/billing\"}','2025-03-13 23:41:10','2025-02-11 02:52:01','2025-03-13 23:41:10'),('4def21ea-2c89-4586-864d-a2a2b9946787','App\\Notifications\\AgentSubscriptionRenewed','App\\Models\\Agents',44,'{\"title\":\"Subscription Renewed!\",\"message\":\"Your subscription to  has been renewed.\",\"icon\":\"heroicon-o-gift\",\"icon_color\":\"text-green-500\",\"url\":\"https:\\/\\/staging.realtyinterface.com\\/agent\\/billing\"}',NULL,'2025-01-31 22:10:18','2025-01-31 22:10:18'),('59b38712-7a3e-4e91-925f-71a8d66af484','App\\Notifications\\AgentSubscriptionRenewed','App\\Models\\Agents',48,'{\"title\":\"Subscription Renewed!\",\"message\":\"Your subscription to  has been renewed.\",\"icon\":\"heroicon-o-gift\",\"icon_color\":\"text-green-500\",\"url\":\"https:\\/\\/staging.realtyinterface.com\\/agent\\/billing\"}',NULL,'2025-02-11 00:56:14','2025-02-11 00:56:14'),('5d2f6f2e-cde0-4748-998a-df780cc9677f','App\\Notifications\\AgentSubscriptionRenewed','App\\Models\\Agents',44,'{\"title\":\"Subscription Renewed!\",\"message\":\"Your subscription to  has been renewed.\",\"icon\":\"heroicon-o-gift\",\"icon_color\":\"text-green-500\",\"url\":\"https:\\/\\/staging.realtyinterface.com\\/agent\\/billing\"}',NULL,'2025-02-04 02:24:24','2025-02-04 02:24:24'),('613beabd-1a20-4b39-b73b-102464791aa9','App\\Notifications\\AgentSubscriptionExpired','App\\Models\\Agents',48,'{\"title\":\"Subscription Expired\",\"message\":\"Your subscription to  has expired.\",\"icon\":\"clock\",\"icon_color\":\"text-red-500\",\"url\":\"https:\\/\\/staging.realtyinterface.com\\/agent\\/billing\"}','2025-03-13 23:41:05','2025-02-13 03:02:14','2025-03-13 23:41:05'),('6a60b7c4-b765-4084-8567-a57756ce10e3','App\\Notifications\\AgentSubscriptionRenewed','App\\Models\\Agents',48,'{\"title\":\"Subscription Renewed!\",\"message\":\"Your subscription to  has been renewed.\",\"icon\":\"heroicon-o-gift\",\"icon_color\":\"text-green-500\",\"url\":\"https:\\/\\/staging.realtyinterface.com\\/agent\\/billing\"}',NULL,'2025-02-07 20:50:30','2025-02-07 20:50:30'),('6e8cd937-43d5-45b7-b1cb-404a4c166593','App\\Notifications\\AgentSubscriptionRenewed','App\\Models\\Agents',44,'{\"title\":\"Subscription Renewed!\",\"message\":\"Your subscription to  has been renewed.\",\"icon\":\"heroicon-o-gift\",\"icon_color\":\"text-green-500\",\"url\":\"https:\\/\\/staging.realtyinterface.com\\/agent\\/billing\"}',NULL,'2025-02-04 02:21:28','2025-02-04 02:21:28'),('70daf69a-707e-4fd1-8c8c-90214f6364e3','App\\Notifications\\AgentSubscriptionRenewed','App\\Models\\Agents',48,'{\"title\":\"Subscription Renewed!\",\"message\":\"Your subscription to  has been renewed.\",\"icon\":\"heroicon-o-gift\",\"icon_color\":\"text-green-500\",\"url\":\"https:\\/\\/staging.realtyinterface.com\\/agent\\/billing\"}',NULL,'2025-02-06 22:57:02','2025-02-06 22:57:02'),('7232fd71-c061-4c07-8abc-c78e75a9f758','App\\Notifications\\AgentSubscriptionRenewed','App\\Models\\Agents',47,'{\"title\":\"Subscription Renewed!\",\"message\":\"Your subscription to  has been renewed.\",\"icon\":\"heroicon-o-gift\",\"icon_color\":\"text-green-500\",\"url\":\"https:\\/\\/staging.realtyinterface.com\\/agent\\/billing\"}',NULL,'2025-02-04 19:47:02','2025-02-04 19:47:02'),('78daf891-3369-41a4-a2f9-85a3f5d9b48a','App\\Notifications\\AgentSubscriptionRenewed','App\\Models\\Agents',48,'{\"title\":\"Subscription Renewed!\",\"message\":\"Your subscription to  has been renewed.\",\"icon\":\"heroicon-o-gift\",\"icon_color\":\"text-green-500\",\"url\":\"https:\\/\\/staging.realtyinterface.com\\/agent\\/billing\"}',NULL,'2025-02-05 01:03:15','2025-02-05 01:03:15'),('7b90e367-2088-4887-b19a-f7dfec4aa310','App\\Notifications\\AgentSubscriptionRenewed','App\\Models\\Agents',48,'{\"title\":\"Subscription Renewed!\",\"message\":\"Your subscription to  has been renewed.\",\"icon\":\"heroicon-o-gift\",\"icon_color\":\"text-green-500\",\"url\":\"https:\\/\\/staging.realtyinterface.com\\/agent\\/billing\"}',NULL,'2025-02-04 09:51:47','2025-02-04 09:51:47'),('7faeef11-3f18-4c4b-a119-24da67121a52','App\\Notifications\\AgentSubscriptionRenewed','App\\Models\\Agents',48,'{\"title\":\"Subscription Renewed!\",\"message\":\"Your subscription to  has been renewed.\",\"icon\":\"heroicon-o-gift\",\"icon_color\":\"text-green-500\",\"url\":\"https:\\/\\/staging.realtyinterface.com\\/agent\\/billing\"}',NULL,'2025-02-05 01:06:44','2025-02-05 01:06:44'),('83b41d14-7bea-4771-b08b-8fff32d2aef6','App\\Notifications\\AgentSubscriptionRenewed','App\\Models\\Agents',48,'{\"title\":\"Subscription Renewed!\",\"message\":\"Your subscription to  has been renewed.\",\"icon\":\"heroicon-o-gift\",\"icon_color\":\"text-green-500\",\"url\":\"https:\\/\\/staging.realtyinterface.com\\/agent\\/billing\"}',NULL,'2025-02-05 01:07:52','2025-02-05 01:07:52'),('85eda243-0af0-4ca6-84ac-11c583612999','App\\Notifications\\AgentSubscriptionRenewed','App\\Models\\Agents',48,'{\"title\":\"Subscription Renewed!\",\"message\":\"Your subscription to  has been renewed.\",\"icon\":\"heroicon-o-gift\",\"icon_color\":\"text-green-500\",\"url\":\"https:\\/\\/staging.realtyinterface.com\\/agent\\/billing\"}',NULL,'2025-02-07 20:53:06','2025-02-07 20:53:06'),('95bbe8c7-87fe-4633-9323-827e98317d86','App\\Notifications\\AgentSubscriptionRenewed','App\\Models\\Agents',48,'{\"title\":\"Subscription Renewed!\",\"message\":\"Your subscription to  has been renewed.\",\"icon\":\"heroicon-o-gift\",\"icon_color\":\"text-green-500\",\"url\":\"https:\\/\\/staging.realtyinterface.com\\/agent\\/billing\"}',NULL,'2025-02-05 01:08:12','2025-02-05 01:08:12'),('9bae51e3-ca42-4d42-ab31-ee24c679c3fa','App\\Notifications\\AgentSubscriptionRenewed','App\\Models\\Agents',44,'{\"title\":\"Subscription Renewed!\",\"message\":\"Your subscription to  has been renewed.\",\"icon\":\"heroicon-o-gift\",\"icon_color\":\"text-green-500\",\"url\":\"https:\\/\\/staging.realtyinterface.com\\/agent\\/billing\"}',NULL,'2025-01-31 21:41:57','2025-01-31 21:41:57'),('9cbc278f-f566-4a96-9682-091f50068029','App\\Notifications\\AgentSubscriptionRenewed','App\\Models\\Agents',47,'{\"title\":\"Subscription Renewed!\",\"message\":\"Your subscription to  has been renewed.\",\"icon\":\"heroicon-o-gift\",\"icon_color\":\"text-green-500\",\"url\":\"https:\\/\\/staging.realtyinterface.com\\/agent\\/billing\"}',NULL,'2025-02-03 15:26:29','2025-02-03 15:26:29'),('a42d7a1e-f641-4f81-b97d-e8155dd455fe','App\\Notifications\\AgentSubscriptionRenewed','App\\Models\\Agents',44,'{\"title\":\"Subscription Renewed!\",\"message\":\"Your subscription to  has been renewed.\",\"icon\":\"heroicon-o-gift\",\"icon_color\":\"text-green-500\",\"url\":\"https:\\/\\/staging.realtyinterface.com\\/agent\\/billing\"}',NULL,'2025-02-04 02:36:00','2025-02-04 02:36:00'),('a914cbd0-a945-462e-8a3b-b21dcd8e9ec6','App\\Notifications\\AgentSubscriptionRenewed','App\\Models\\Agents',44,'{\"title\":\"Subscription Renewed!\",\"message\":\"Your subscription to  has been renewed.\",\"icon\":\"heroicon-o-gift\",\"icon_color\":\"text-green-500\",\"url\":\"https:\\/\\/staging.realtyinterface.com\\/agent\\/billing\"}',NULL,'2025-01-31 22:10:05','2025-01-31 22:10:05'),('ab9e590f-9452-4cd0-a0ef-0c22724b7e38','App\\Notifications\\AgentSubscriptionRenewed','App\\Models\\Agents',48,'{\"title\":\"Subscription Renewed!\",\"message\":\"Your subscription to  has been renewed.\",\"icon\":\"heroicon-o-gift\",\"icon_color\":\"text-green-500\",\"url\":\"https:\\/\\/staging.realtyinterface.com\\/agent\\/billing\"}',NULL,'2025-02-06 22:52:05','2025-02-06 22:52:05'),('c15c50f5-697d-40a6-9c73-f8f12e53a278','App\\Notifications\\AgentSubscriptionRenewed','App\\Models\\Agents',44,'{\"title\":\"Subscription Renewed!\",\"message\":\"Your subscription to  has been renewed.\",\"icon\":\"heroicon-o-gift\",\"icon_color\":\"text-green-500\",\"url\":\"https:\\/\\/staging.realtyinterface.com\\/agent\\/billing\"}',NULL,'2025-02-04 02:33:03','2025-02-04 02:33:03'),('c3422e1a-535c-408c-89b5-d1c19cc277e8','App\\Notifications\\AgentSubscriptionRenewed','App\\Models\\Agents',47,'{\"title\":\"Subscription Renewed!\",\"message\":\"Your subscription to  has been renewed.\",\"icon\":\"heroicon-o-gift\",\"icon_color\":\"text-green-500\",\"url\":\"https:\\/\\/staging.realtyinterface.com\\/agent\\/billing\"}',NULL,'2025-02-03 15:27:20','2025-02-03 15:27:20'),('c6dbc369-e968-4ddf-95e7-0085b2f29288','App\\Notifications\\AgentSubscriptionRenewed','App\\Models\\Agents',48,'{\"title\":\"Subscription Renewed!\",\"message\":\"Your subscription to  has been renewed.\",\"icon\":\"heroicon-o-gift\",\"icon_color\":\"text-green-500\",\"url\":\"https:\\/\\/staging.realtyinterface.com\\/agent\\/billing\"}',NULL,'2025-02-04 09:53:23','2025-02-04 09:53:23'),('ce1f81f0-f18b-4885-b95b-959eb7723aae','App\\Notifications\\AgentSubscriptionExpired','App\\Models\\Agents',48,'{\"title\":\"Subscription Expired\",\"message\":\"Your subscription to  has expired.\",\"icon\":\"clock\",\"icon_color\":\"text-red-500\",\"url\":\"https:\\/\\/staging.realtyinterface.com\\/agent\\/billing\"}',NULL,'2025-02-11 00:56:27','2025-02-11 00:56:27'),('dd010e31-6312-4a74-9d96-3ab88a891953','App\\Notifications\\AgentSubscriptionRenewed','App\\Models\\Agents',44,'{\"title\":\"Subscription Renewed!\",\"message\":\"Your subscription to  has been renewed.\",\"icon\":\"heroicon-o-gift\",\"icon_color\":\"text-green-500\",\"url\":\"https:\\/\\/staging.realtyinterface.com\\/agent\\/billing\"}',NULL,'2025-02-02 01:39:04','2025-02-02 01:39:04'),('e051bd7d-f4be-4771-b2cb-794f098ffaba','App\\Notifications\\AgentSubscriptionRenewed','App\\Models\\Agents',47,'{\"title\":\"Subscription Renewed!\",\"message\":\"Your subscription to  has been renewed.\",\"icon\":\"heroicon-o-gift\",\"icon_color\":\"text-green-500\",\"url\":\"https:\\/\\/staging.realtyinterface.com\\/agent\\/billing\"}',NULL,'2025-02-03 17:57:00','2025-02-03 17:57:00'),('e16c661b-35fb-46c6-b3a0-40490c4ca4d4','App\\Notifications\\AgentSubscriptionRenewed','App\\Models\\Agents',44,'{\"title\":\"Subscription Renewed!\",\"message\":\"Your subscription to  has been renewed.\",\"icon\":\"heroicon-o-gift\",\"icon_color\":\"text-green-500\",\"url\":\"https:\\/\\/staging.realtyinterface.com\\/agent\\/billing\"}',NULL,'2025-02-05 00:53:03','2025-02-05 00:53:03'),('e67ac025-f526-4a52-ae62-9295af69f289','App\\Notifications\\AgentSubscriptionRenewed','App\\Models\\Agents',44,'{\"title\":\"Subscription Renewed!\",\"message\":\"Your subscription to  has been renewed.\",\"icon\":\"heroicon-o-gift\",\"icon_color\":\"text-green-500\",\"url\":\"https:\\/\\/staging.realtyinterface.com\\/agent\\/billing\"}',NULL,'2025-02-05 00:52:58','2025-02-05 00:52:58'),('f708caa3-5d42-409a-b32b-567899026ef1','App\\Notifications\\AgentSubscriptionRenewed','App\\Models\\Agents',44,'{\"title\":\"Subscription Renewed!\",\"message\":\"Your subscription to  has been renewed.\",\"icon\":\"heroicon-o-gift\",\"icon_color\":\"text-green-500\",\"url\":\"https:\\/\\/staging.realtyinterface.com\\/agent\\/billing\"}',NULL,'2025-02-04 02:19:42','2025-02-04 02:19:42'),('fe27d03b-fb36-429b-a7ac-0ca6e4ebf1f9','App\\Notifications\\AgentSubscriptionRenewed','App\\Models\\Agents',44,'{\"title\":\"Subscription Renewed!\",\"message\":\"Your subscription to  has been renewed.\",\"icon\":\"heroicon-o-gift\",\"icon_color\":\"text-green-500\",\"url\":\"https:\\/\\/staging.realtyinterface.com\\/agent\\/billing\"}',NULL,'2025-02-04 03:17:05','2025-02-04 03:17:05'),('ffe3a593-84e8-41af-a436-1c5afbaecf79','App\\Notifications\\AgentSubscriptionRenewed','App\\Models\\Agents',44,'{\"title\":\"Subscription Renewed!\",\"message\":\"Your subscription to  has been renewed.\",\"icon\":\"heroicon-o-gift\",\"icon_color\":\"text-green-500\",\"url\":\"https:\\/\\/staging.realtyinterface.com\\/agent\\/billing\"}',NULL,'2025-02-04 03:16:54','2025-02-04 03:16:54');
/*!40000 ALTER TABLE `notifications` ENABLE KEYS */;
UNLOCK TABLES;

--
-- Table structure for table `pages`
--

DROP TABLE IF EXISTS `pages`;
/*!40101 SET @saved_cs_client     = @@character_set_client */;
/*!50503 SET character_set_client = utf8mb4 */;
CREATE TABLE `pages` (
  `id` bigint unsigned NOT NULL AUTO_INCREMENT,
  `title` varchar(255) CHARACTER SET utf8mb4 COLLATE utf8mb4_unicode_ci NOT NULL,
  `slug` varchar(255) CHARACTER SET utf8mb4 COLLATE utf8mb4_unicode_ci NOT NULL,
  `content` longtext CHARACTER SET utf8mb4 COLLATE utf8mb4_unicode_ci NOT NULL,
  `published` varchar(255) CHARACTER SET utf8mb4 COLLATE utf8mb4_unicode_ci DEFAULT NULL,
  `meta_title` varchar(255) CHARACTER SET utf8mb4 COLLATE utf8mb4_unicode_ci DEFAULT NULL,
  `meta_description` text CHARACTER SET utf8mb4 COLLATE utf8mb4_unicode_ci,
  `meta_keywords` varchar(255) CHARACTER SET utf8mb4 COLLATE utf8mb4_unicode_ci DEFAULT NULL,
  `created_at` timestamp NULL DEFAULT NULL,
  `updated_at` timestamp NULL DEFAULT NULL,
  PRIMARY KEY (`id`),
  UNIQUE KEY `pages_slug_unique` (`slug`)
) ENGINE=InnoDB DEFAULT CHARSET=utf8mb4 COLLATE=utf8mb4_unicode_ci;
/*!40101 SET character_set_client = @saved_cs_client */;

--
-- Dumping data for table `pages`
--

LOCK TABLES `pages` WRITE;
/*!40000 ALTER TABLE `pages` DISABLE KEYS */;
/*!40000 ALTER TABLE `pages` ENABLE KEYS */;
UNLOCK TABLES;

--
-- Table structure for table `password_reset_tokens`
--

DROP TABLE IF EXISTS `password_reset_tokens`;
/*!40101 SET @saved_cs_client     = @@character_set_client */;
/*!50503 SET character_set_client = utf8mb4 */;
CREATE TABLE `password_reset_tokens` (
  `email` varchar(255) CHARACTER SET utf8mb4 COLLATE utf8mb4_unicode_ci NOT NULL,
  `token` varchar(255) CHARACTER SET utf8mb4 COLLATE utf8mb4_unicode_ci NOT NULL,
  `created_at` timestamp NULL DEFAULT NULL,
  PRIMARY KEY (`email`)
) ENGINE=InnoDB DEFAULT CHARSET=utf8mb4 COLLATE=utf8mb4_unicode_ci;
/*!40101 SET character_set_client = @saved_cs_client */;

--
-- Dumping data for table `password_reset_tokens`
--

LOCK TABLES `password_reset_tokens` WRITE;
/*!40000 ALTER TABLE `password_reset_tokens` DISABLE KEYS */;
/*!40000 ALTER TABLE `password_reset_tokens` ENABLE KEYS */;
UNLOCK TABLES;

--
-- Table structure for table `password_resets`
--

DROP TABLE IF EXISTS `password_resets`;
/*!40101 SET @saved_cs_client     = @@character_set_client */;
/*!50503 SET character_set_client = utf8mb4 */;
CREATE TABLE `password_resets` (
  `email` varchar(255) CHARACTER SET utf8mb4 COLLATE utf8mb4_unicode_ci NOT NULL,
  `token` varchar(255) CHARACTER SET utf8mb4 COLLATE utf8mb4_unicode_ci NOT NULL,
  `created_at` timestamp NULL DEFAULT NULL,
  KEY `password_resets_email_index` (`email`)
) ENGINE=InnoDB DEFAULT CHARSET=utf8mb4 COLLATE=utf8mb4_unicode_ci;
/*!40101 SET character_set_client = @saved_cs_client */;

--
-- Dumping data for table `password_resets`
--

LOCK TABLES `password_resets` WRITE;
/*!40000 ALTER TABLE `password_resets` DISABLE KEYS */;
INSERT INTO `password_resets` VALUES ('mahnoor.oriennode@gmail.com','$2y$10$tV//KzQSU0.EXnkqUfWWTeXfD7SUtOamiz0svRBpPLd2EyQrxMS3O','2025-03-06 14:48:43'),('ra@odysseydesign.us','$2y$10$JI2RJJnYgdPTOo4vu8oNRuS27qN5iJmh4x3iUGGKD4xIwcHNeWMsW','2025-03-08 16:39:58'),('mahnoorsaeed025@gmail.com','$2y$10$.HG9d9/28r5EzCjGA2L//ufhU2XY/0S.A2Rfo2w70YMXbpksd26kO','2025-04-18 16:32:30'),('mahnoorsaeed.work@gmail.com','$2y$10$UXynu31u.pjgrU9fsV5tDu7Mx6ZR1JBQ7e0QhdM1pdt5qIQ8uIzU.','2025-04-22 20:44:51');
/*!40000 ALTER TABLE `password_resets` ENABLE KEYS */;
UNLOCK TABLES;

--
-- Table structure for table `payments`
--

DROP TABLE IF EXISTS `payments`;
/*!40101 SET @saved_cs_client     = @@character_set_client */;
/*!50503 SET character_set_client = utf8mb4 */;
CREATE TABLE `payments` (
  `id` bigint unsigned NOT NULL AUTO_INCREMENT,
  `agent_id` int NOT NULL,
  `plan_id` int NOT NULL,
  `payment_date` date DEFAULT NULL,
  `payment_id` varchar(255) CHARACTER SET utf8mb4 COLLATE utf8mb4_unicode_ci DEFAULT NULL,
  `amount` decimal(5,2) DEFAULT NULL,
  `gateway_fees` decimal(5,2) DEFAULT NULL,
  `currency` varchar(10) CHARACTER SET utf8mb4 COLLATE utf8mb4_unicode_ci DEFAULT NULL,
  `other` text CHARACTER SET utf8mb4 COLLATE utf8mb4_unicode_ci,
  `status` enum('Pending','Paid','Unpaid') CHARACTER SET utf8mb4 COLLATE utf8mb4_unicode_ci NOT NULL DEFAULT 'Unpaid',
  `active` tinyint(1) NOT NULL DEFAULT '1',
  `created_at` timestamp NULL DEFAULT NULL,
  `updated_at` timestamp NULL DEFAULT NULL,
  PRIMARY KEY (`id`)
) ENGINE=InnoDB AUTO_INCREMENT=8 DEFAULT CHARSET=utf8mb4 COLLATE=utf8mb4_unicode_ci;
/*!40101 SET character_set_client = @saved_cs_client */;

--
-- Dumping data for table `payments`
--

LOCK TABLES `payments` WRITE;
/*!40000 ALTER TABLE `payments` DISABLE KEYS */;
INSERT INTO `payments` VALUES (1,1,3,'2022-12-22','cs_test_a1dkVnXpxi44kLYN3Aw5l72ikGPJkCWQdtgdBwGv9x7xMioydl6O5ym3PT',22.00,NULL,'usd',NULL,'Paid',1,'2022-12-22 14:23:25','2022-12-22 14:24:57'),(2,1,3,NULL,'cs_test_a10ersSxGYp2NID7o2SzPSXBOdDJzUNulKAyp3RDPhFi2XzOfVf4qjrXzl',22.00,NULL,'USD',NULL,'Unpaid',1,'2022-12-22 14:30:11','2022-12-22 14:30:11'),(3,1,4,'2022-12-22','cs_test_a1q9ZH3w7Huz8BNaMvrfhuau8gAIFhjXdBsanVTc8SwhiC8ZyfoGBHFyci',50.00,NULL,'usd',NULL,'Paid',1,'2022-12-22 14:31:05','2022-12-22 14:31:35'),(4,1,4,NULL,'cs_live_a1bXuWR0kSyLEbx1RxDIL15v7Ef79zD4KvnlVmM9mfsWbygOqd87Pdo5yg',50.00,NULL,'USD',NULL,'Unpaid',1,'2022-12-23 10:56:26','2022-12-23 10:56:26'),(5,2,3,NULL,'cs_live_a1cM9wY97FksMnRqo497DRv0j9sse38Jj3cWTTzw3AyxAqFlHXyXzeoRup',22.00,NULL,'USD',NULL,'Unpaid',1,'2023-01-10 22:04:09','2023-01-10 22:04:09'),(6,2,3,NULL,'cs_live_a1e5B60dRdQqzDdl8tJ4vgqajwkEXkXGGbsmI6aoLZfQVTvu9CW72FiMah',22.00,NULL,'USD',NULL,'Unpaid',1,'2023-05-08 09:51:25','2023-05-08 09:51:25'),(7,2,3,NULL,'cs_live_a18YtbcLWaXVSJwqj9Y91FMLZgcMqgZMktcrVWv7fdlnOZgI8TbsidEO2x',22.00,NULL,'USD',NULL,'Unpaid',1,'2023-06-23 13:42:39','2023-06-23 13:42:39');
/*!40000 ALTER TABLE `payments` ENABLE KEYS */;
UNLOCK TABLES;

--
-- Table structure for table `personal_access_tokens`
--

DROP TABLE IF EXISTS `personal_access_tokens`;
/*!40101 SET @saved_cs_client     = @@character_set_client */;
/*!50503 SET character_set_client = utf8mb4 */;
CREATE TABLE `personal_access_tokens` (
  `id` bigint unsigned NOT NULL AUTO_INCREMENT,
  `tokenable_type` varchar(255) CHARACTER SET utf8mb4 COLLATE utf8mb4_unicode_ci NOT NULL,
  `tokenable_id` bigint unsigned NOT NULL,
  `name` varchar(255) CHARACTER SET utf8mb4 COLLATE utf8mb4_unicode_ci NOT NULL,
  `token` varchar(64) CHARACTER SET utf8mb4 COLLATE utf8mb4_unicode_ci NOT NULL,
  `abilities` text CHARACTER SET utf8mb4 COLLATE utf8mb4_unicode_ci,
  `last_used_at` timestamp NULL DEFAULT NULL,
  `created_at` timestamp NULL DEFAULT NULL,
  `updated_at` timestamp NULL DEFAULT NULL,
  PRIMARY KEY (`id`),
  UNIQUE KEY `personal_access_tokens_token_unique` (`token`),
  KEY `personal_access_tokens_tokenable_type_tokenable_id_index` (`tokenable_type`,`tokenable_id`)
) ENGINE=InnoDB DEFAULT CHARSET=utf8mb4 COLLATE=utf8mb4_unicode_ci;
/*!40101 SET character_set_client = @saved_cs_client */;

--
-- Dumping data for table `personal_access_tokens`
--

LOCK TABLES `personal_access_tokens` WRITE;
/*!40000 ALTER TABLE `personal_access_tokens` DISABLE KEYS */;
/*!40000 ALTER TABLE `personal_access_tokens` ENABLE KEYS */;
UNLOCK TABLES;

--
-- Table structure for table `plans`
--

DROP TABLE IF EXISTS `plans`;
/*!40101 SET @saved_cs_client     = @@character_set_client */;
/*!50503 SET character_set_client = utf8mb4 */;
CREATE TABLE `plans` (
  `id` bigint unsigned NOT NULL AUTO_INCREMENT,
  `name` varchar(50) CHARACTER SET utf8mb4 COLLATE utf8mb4_unicode_ci NOT NULL,
  `description` text COLLATE utf8mb4_unicode_ci,
  `price` decimal(5,2) NOT NULL,
  `stripe_plan_id` varchar(255) CHARACTER SET utf8mb4 COLLATE utf8mb4_unicode_ci DEFAULT NULL,
  `interval` varchar(255) CHARACTER SET utf8mb4 COLLATE utf8mb4_unicode_ci DEFAULT NULL,
  `credits` int NOT NULL DEFAULT '1',
  `active` tinyint(1) NOT NULL DEFAULT '1',
  `created_at` timestamp NULL DEFAULT NULL,
  `updated_at` timestamp NULL DEFAULT NULL,
  PRIMARY KEY (`id`)
) ENGINE=InnoDB AUTO_INCREMENT=10 DEFAULT CHARSET=utf8mb4 COLLATE=utf8mb4_unicode_ci;
/*!40101 SET character_set_client = @saved_cs_client */;

--
-- Dumping data for table `plans`
--

LOCK TABLES `plans` WRITE;
/*!40000 ALTER TABLE `plans` DISABLE KEYS */;
INSERT INTO `plans` VALUES (6,'Starter','1 Property - Month to month recurring subscription. Cancel at anytime. Billed monthly',29.00,'price_1RqzcNLpB6C0twAOTG15GyLg','month',1,1,'2025-02-04 10:04:18','2025-02-04 10:04:18'),(7,'Enhanced','Up to 5 Properties - Month to month recurring subscription. Cancel at anytime.',53.00,'price_1RqcYS79GGvBrptVwVwmGwW4','month',5,1,'2025-02-04 10:04:53','2025-02-04 10:04:53'),(8,'Enterprise','Up to 30 Properties - Month to month recurring subscription. Cancel at anytime.',130.00,'price_1Rqcbi79GGvBrptVJNU7qfOQ','month',30,1,'2025-02-04 10:05:16','2025-02-04 10:05:16'),(9,'Pilot','Pilot Program - Two month duration (50%) discount to the first 25 brokers, converts to regular pricing or you cancel your subscription anytime.',29.00,'price_1RqzcNLpB6C0twAOTG15GyLg','month',1,1,'2025-07-31 13:01:58','2025-07-31 13:01:58');
/*!40000 ALTER TABLE `plans` ENABLE KEYS */;
UNLOCK TABLES;

--
-- Table structure for table `properties`
--

DROP TABLE IF EXISTS `properties`;
/*!40101 SET @saved_cs_client     = @@character_set_client */;
/*!50503 SET character_set_client = utf8mb4 */;
CREATE TABLE `properties` (
  `id` bigint unsigned NOT NULL AUTO_INCREMENT,
  `agent_id` bigint unsigned DEFAULT NULL,
  `name` varchar(100) CHARACTER SET utf8mb4 COLLATE utf8mb4_unicode_ci NOT NULL,
  `headline` varchar(500) CHARACTER SET utf8mb4 COLLATE utf8mb4_unicode_ci DEFAULT NULL,
  `description` text CHARACTER SET utf8mb4 COLLATE utf8mb4_unicode_ci,
  `bedroom` tinyint unsigned DEFAULT NULL,
  `bedroom_image` varchar(255) CHARACTER SET utf8mb4 COLLATE utf8mb4_unicode_ci DEFAULT NULL,
  `bathroom` tinyint unsigned DEFAULT NULL,
  `bathroom_image` varchar(255) CHARACTER SET utf8mb4 COLLATE utf8mb4_unicode_ci DEFAULT NULL,
  `garage` tinyint unsigned DEFAULT NULL,
  `parking_spaces` tinyint unsigned DEFAULT NULL,
  `unique_url` varchar(50) CHARACTER SET utf8mb4 COLLATE utf8mb4_unicode_ci NOT NULL,
  `address_line_1` varchar(100) CHARACTER SET utf8mb4 COLLATE utf8mb4_unicode_ci DEFAULT NULL,
  `price` varchar(20) CHARACTER SET utf8mb4 COLLATE utf8mb4_unicode_ci DEFAULT NULL,
  `property_area` varchar(20) CHARACTER SET utf8mb4 COLLATE utf8mb4_unicode_ci DEFAULT NULL,
  `address_line_2` varchar(255) CHARACTER SET utf8mb4 COLLATE utf8mb4_unicode_ci DEFAULT NULL,
  `city` varchar(50) CHARACTER SET utf8mb4 COLLATE utf8mb4_unicode_ci DEFAULT NULL,
  `state_id` varchar(50) CHARACTER SET utf8mb4 COLLATE utf8mb4_unicode_ci DEFAULT NULL,
  `country_id` int DEFAULT NULL,
  `zip` varchar(10) CHARACTER SET utf8mb4 COLLATE utf8mb4_unicode_ci DEFAULT NULL,
  `latitude` varchar(50) CHARACTER SET utf8mb4 COLLATE utf8mb4_unicode_ci DEFAULT NULL,
  `longitude` varchar(50) CHARACTER SET utf8mb4 COLLATE utf8mb4_unicode_ci DEFAULT NULL,
  `levels` tinyint unsigned DEFAULT NULL,
  `levels_image` varchar(255) CHARACTER SET utf8mb4 COLLATE utf8mb4_unicode_ci DEFAULT NULL,
  `matterport_data` varchar(100) CHARACTER SET utf8mb4 COLLATE utf8mb4_unicode_ci NOT NULL,
  `publish_date` date DEFAULT NULL,
  `views` int NOT NULL DEFAULT '0',
  `published` tinyint(1) NOT NULL DEFAULT '0',
  `stripe_subscription_id` varchar(255) CHARACTER SET utf8mb4 COLLATE utf8mb4_unicode_ci DEFAULT NULL,
  `expires_at` datetime DEFAULT NULL,
  `featured_image` int NOT NULL DEFAULT '0',
  `video_credit` varchar(255) CHARACTER SET utf8mb4 COLLATE utf8mb4_unicode_ci DEFAULT NULL,
  `photographer_credit` varchar(255) CHARACTER SET utf8mb4 COLLATE utf8mb4_unicode_ci DEFAULT NULL,
  `main_section` varchar(255) CHARACTER SET utf8mb4 COLLATE utf8mb4_unicode_ci DEFAULT NULL,
  `expiry_date` timestamp NULL DEFAULT NULL,
  `reviewed` tinyint(1) DEFAULT NULL,
  `created_at` timestamp NULL DEFAULT NULL,
  `updated_at` timestamp NULL DEFAULT NULL,
  PRIMARY KEY (`id`),
  KEY `properties_agent_id_foreign` (`agent_id`),
  KEY `idx_properties_expiry_date` (`expiry_date`),
  KEY `idx_properties_agent_expiry` (`agent_id`,`expiry_date`),
  CONSTRAINT `properties_agent_id_foreign` FOREIGN KEY (`agent_id`) REFERENCES `agents` (`id`) ON DELETE CASCADE
) ENGINE=InnoDB AUTO_INCREMENT=63 DEFAULT CHARSET=utf8mb4 COLLATE=utf8mb4_unicode_ci;
/*!40101 SET character_set_client = @saved_cs_client */;

--
-- Dumping data for table `properties`
--

LOCK TABLES `properties` WRITE;
/*!40000 ALTER TABLE `properties` DISABLE KEYS */;
INSERT INTO `properties` VALUES (1,2,'9500 Wawona Court','Luxury Mountain Experience','<p class=\"p1\" style=\"font-variant-numeric: normal; font-variant-east-asian: normal; font-variant-alternates: normal; font-kerning: auto; font-optical-sizing: auto; font-feature-settings: normal; font-variation-settings: normal; font-stretch: normal; font-size: 13px; line-height: normal; font-family: &quot;Helvetica Neue&quot;;\">This modern 4,362 square foot legacy home is a crown jewel of Martis Camp, offering privacy, provoking imaginations, and dishing up views from all its deck.<span class=\"Apple-converted-space\">&nbsp;</span><span style=\"font-family: &quot;Helvetica Neue&quot;;\">Immerse yourself in a luxury mountain experience like never before. Live amidst natural splendor, sunrise to sunset and twinkling stars,</span></p>',5,'property_features/1731665364_41438075_xl.jpg',6,'property_features/1731665364_Untitled-6.jpg',7,10,'9500-wawona-court','9500 Wawona Court','8,376,027','4,632',NULL,'Truckee','68',230,'96161',NULL,NULL,3,'property_features/1694447262_1%20copy%202.jpg','9500 Wawona Court','2024-11-22',310,0,NULL,NULL,2,'Royden Lepp LLC','Royden Lepp LLC','Video','2023-11-05 16:25:20',1,'2023-08-05 19:45:32','2025-07-03 11:32:09'),(2,9,'14828 MOUNTAIN WOOD DR','Nice Home','<p><span style=\"color: rgb(32, 33, 36); font-family: &quot;Google Sans&quot;, Roboto, arial, sans-serif; font-size: 20px;\">Squarespace offers straightforward payment and checkout options for your customers. Take online payments with&nbsp;</span><span style=\"background-color: rgba(80, 151, 255, 0.18); color: rgb(4, 12, 40); font-family: &quot;Google Sans&quot;, Roboto, arial, sans-serif; font-size: 20px;\">Stripe, Paypal, Apple Pay, and Afterpay</span><span style=\"color: rgb(32, 33, 36); font-family: &quot;Google Sans&quot;, Roboto, arial, sans-serif; font-size: 20px;\">&nbsp;(Afterpay is available in the US, Canada, Australia, and New Zealand).</span><br></p>',5,'property_features/1693272107_97777537_m.jpg',NULL,'property_features/1693272107_45169192_l.jpg',5,5,'14828-mountain-wood-dr','14828 MOUNTAIN WOOD DR','13,899,000','5,555',NULL,'WEED',NULL,230,'96094-9305',NULL,NULL,3,'property_features/1693272106_60870311_l%20%281%29.jpg','14828 MOUNTAIN WOOD DR','2024-04-14',4,0,NULL,NULL,0,NULL,NULL,NULL,'2023-11-27 01:25:33',1,'2023-08-29 01:19:55','2024-10-24 22:29:02'),(3,2,'23336 Lake Wenatchee Hwy','Immerse yourself in a luxury mountain experience unlike any other.','<p>Immerse yourself in a luxury mountain experience like never before. Live amidst natural splendor, sunrise to sunset and twinkling stars, Omnia Mountain Lodge lies within a category of legacy properties which rarely come available. A haven sprawled throughout 2.2 acres of private serenity, nestled between Leavenworth and Stevens Pass Ski Resort, Omnia Mountain Lodge was thoughtfully designed to embrace sweeping vistas. Serving as a modern retreat with classic Pacific Northwest elements, the lodge offers uncompromised indulgence. Over 7,000 square feet of space unfolds across ten bedrooms and six bathrooms, with opulent shared spaces and amenities. A truly rare opportunity!<br></p>',10,'property_features/1702056627_exteriormainfront.jpg',8,'property_features/1702056627_mainliving.jpg',6,10,'23336-lake-wenatchee-hwy-64','23336 Lake Wenatchee Hwy','13,450,000','7,006',NULL,'Leavenworth','68',230,'98826',NULL,NULL,3,'property_features/1702056626_lowergarage12.jpg','23336 Lake Wenatchee Hwy','2024-06-06',512,0,NULL,NULL,108,'Mark Parrott Films LLC','Clarity Northwest Photography - Tim Van Asselt','Video',NULL,1,'2023-12-08 16:00:39','2024-11-28 00:14:42'),(4,16,'14828 MOUNTAIN WOOD DR',NULL,NULL,NULL,NULL,NULL,NULL,NULL,NULL,'14828-mountain-wood-dr-44','14828 MOUNTAIN WOOD DR',NULL,NULL,NULL,'WEED','8',230,'96094-9305',NULL,NULL,NULL,NULL,'14828 MOUNTAIN WOOD DR','2024-01-17',1,0,NULL,NULL,0,NULL,NULL,NULL,NULL,NULL,'2024-01-17 16:54:08','2024-04-13 14:56:22'),(5,23,'13709 107th Ave Ct E 7',NULL,NULL,NULL,NULL,NULL,NULL,NULL,NULL,'13709-107th-ave-ct-e-7','13709 107th Ave Ct E 7',NULL,NULL,NULL,'Puyallup','68',230,'98374',NULL,NULL,NULL,NULL,'13709 107th Ave Ct E 7','2024-04-13',1,0,NULL,NULL,0,NULL,NULL,NULL,'2024-07-12 16:22:30',1,'2024-04-13 16:15:42','2024-10-24 22:29:02'),(6,23,'14828 MOUNTAIN WOOD DR',NULL,NULL,NULL,NULL,NULL,NULL,NULL,NULL,'14828-mountain-wood-dr-34','14828 MOUNTAIN WOOD DR',NULL,NULL,NULL,'WEED','8',230,'96094-9305',NULL,NULL,NULL,NULL,'14828 MOUNTAIN WOOD DR','2024-04-13',1,0,NULL,NULL,0,NULL,NULL,NULL,'2024-07-12 16:22:36',1,'2024-04-13 16:18:46','2024-10-24 22:29:02'),(10,22,'131 QUITEWOOD DRIVE',NULL,NULL,NULL,NULL,NULL,NULL,NULL,NULL,'131-quitewood-drive','131 QUITEWOOD DRIVE',NULL,NULL,NULL,'Vacaville','8',230,'95688',NULL,NULL,NULL,NULL,'131 QUITEWOOD DRIVE','2024-04-14',0,0,NULL,NULL,0,NULL,NULL,NULL,'2024-07-13 15:54:56',1,'2024-04-14 15:54:21','2024-10-24 22:29:02'),(11,22,'13709 107th Ave Ct E',NULL,NULL,NULL,NULL,NULL,NULL,NULL,NULL,'13709-107th-ave-ct-e-40','13709 107th Ave Ct E',NULL,NULL,NULL,'Puyallup','68',230,'98374',NULL,NULL,NULL,NULL,'13709 107th Ave Ct E','2024-04-14',0,0,NULL,NULL,0,NULL,NULL,NULL,'2024-07-13 15:56:16',1,'2024-04-14 15:56:06','2024-10-24 22:29:02'),(12,12,'131 QUIETWOOD DRIVE',NULL,NULL,NULL,NULL,NULL,NULL,NULL,NULL,'131-quietwood-drive-37','131 QUIETWOOD DRIVE',NULL,NULL,NULL,'Vacaville','8',230,'95688',NULL,NULL,NULL,NULL,'131 QUIETWOOD DRIVE','2024-04-14',0,0,NULL,NULL,0,NULL,NULL,NULL,'2024-07-13 16:39:23',1,'2024-04-14 16:39:15','2024-10-24 22:29:02'),(13,29,'13709 107th Ave Ct E',NULL,NULL,NULL,NULL,NULL,NULL,NULL,NULL,'13709-107th-ave-ct-e-58','13709 107th Ave Ct E',NULL,NULL,NULL,'Puyallup','68',230,'98374',NULL,NULL,NULL,NULL,'13709 107th Ave Ct E','2024-04-14',0,0,NULL,NULL,0,NULL,NULL,NULL,'2024-07-13 17:06:19',1,'2024-04-14 17:06:10','2024-10-24 22:29:03'),(14,22,'13709 107th Ave Ct E 7',NULL,NULL,NULL,NULL,NULL,NULL,NULL,NULL,'13709-107th-ave-ct-e-7-17','13709 107th Ave Ct E 7',NULL,NULL,NULL,'Puyallup','68',230,'98374',NULL,NULL,NULL,NULL,'13709 107th Ave Ct E 7','2024-04-15',0,0,NULL,NULL,0,NULL,NULL,NULL,'2024-07-14 18:43:55',1,'2024-04-15 18:43:45','2024-10-24 22:29:02'),(15,24,'13709 107th Ave Ct E 7',NULL,NULL,NULL,NULL,NULL,NULL,NULL,NULL,'13709-107th-ave-ct-e-7-66','13709 107th Ave Ct E 7',NULL,NULL,NULL,'Puyallup','68',230,'98374',NULL,NULL,NULL,NULL,'13709 107th Ave Ct E 7','2024-04-15',1,0,NULL,NULL,0,NULL,NULL,NULL,'2024-07-14 18:49:21',1,'2024-04-15 18:49:13','2024-10-24 22:29:02'),(16,24,'14828 MOUNTAIN WOOD DR',NULL,NULL,NULL,NULL,NULL,NULL,NULL,NULL,'14828-mountain-wood-dr-36','14828 MOUNTAIN WOOD DR',NULL,NULL,NULL,'WEED',NULL,230,'96094-9305',NULL,NULL,NULL,NULL,'14828 MOUNTAIN WOOD DR','2024-04-15',0,0,NULL,NULL,0,NULL,NULL,NULL,'2024-07-14 21:15:37',1,'2024-04-15 21:15:29','2024-10-24 22:29:02'),(17,24,'13709 107th Ave Ct E 7',NULL,'<p>xxxxxx</p>',NULL,NULL,NULL,NULL,NULL,NULL,'13709-107th-ave-ct-e-7-64','13709 107th Ave Ct E 7',NULL,NULL,NULL,'Puyallup',NULL,230,'98374',NULL,NULL,NULL,NULL,'13709 107th Ave Ct E 7','2024-04-16',0,0,NULL,NULL,0,NULL,NULL,NULL,'2024-07-15 19:51:50',1,'2024-04-16 19:51:32','2024-10-24 22:29:03'),(18,26,'6099 B Street',NULL,NULL,NULL,NULL,NULL,NULL,NULL,NULL,'6099-b-street','6099 B Street',NULL,NULL,NULL,'Elmira','8',230,'95625',NULL,NULL,NULL,NULL,'6099 B Street','2024-04-16',0,0,NULL,NULL,0,NULL,NULL,NULL,'2024-07-15 20:46:08',1,'2024-04-16 20:46:01','2024-10-24 22:29:03'),(19,32,'13889 107th Ave Ct E 7',NULL,NULL,NULL,NULL,NULL,NULL,NULL,NULL,'13889-107th-ave-ct-e-7','13889 107th Ave Ct E 7',NULL,NULL,NULL,'Puyallup',NULL,230,'98374',NULL,NULL,NULL,NULL,'13889 107th Ave Ct E 7','2024-04-23',2,0,NULL,NULL,0,NULL,NULL,NULL,'2024-07-22 20:49:35',1,'2024-04-23 20:49:14','2024-04-24 14:57:10'),(21,35,'1414 Test Street',NULL,NULL,NULL,NULL,NULL,NULL,NULL,NULL,'1414-test-street','1414 Test Street',NULL,NULL,NULL,'Puyallup','68',230,'98374',NULL,NULL,NULL,NULL,'1414 Test Street','2024-05-31',0,0,NULL,NULL,0,NULL,NULL,NULL,NULL,NULL,'2024-05-31 21:01:52','2024-05-31 21:01:52'),(22,38,'1234 Marbella Drive',NULL,NULL,NULL,NULL,NULL,NULL,NULL,NULL,'1234-marbella-drive','1234 Marbella Drive',NULL,NULL,NULL,'Vacaville','8',230,'95688',NULL,NULL,NULL,NULL,'1234 Marbella Drive','2024-05-31',1,0,NULL,NULL,0,NULL,NULL,NULL,NULL,NULL,'2024-05-31 22:14:40','2024-05-31 23:40:20'),(23,2,'12018 109th St NW','Cape Cod Treasure','<p><span style=\"caret-color: rgb(10, 10, 10); color: rgb(10, 10, 10); font-family: Arial, Helvetica, sans-serif; font-size: 15.4px;\">Welcome to the pinnacle of Puget Sound living on Gig Harbor\'s Minter Cove the perfect combination of privacy, peacefulness, and proximity to the amenities of Gig Harbor. The masterfully built 2014 Cape Cod is prominently sited on 1.6 acres and 109 ft of shoreline offering stunning Mt. Rainier views, abundant shellfish, and world-class bird watching. The protected cove is ideal for kayaking and SUPs. The home features an expansive open concept design and a primary suite with 19 ft ceilings and spa-like bath. Entertain on the covered and heated waterfront porch or watch the game in the lower level bonus room. Feel your stress melt away as you enter the gated cobblestone driveway, breathe the salt air, and bask in the waterfront lifestyle.</span><br></p>',NULL,'',NULL,'',NULL,NULL,'12018-109th-st-nw','12018 109th St NW','3,995,000','5433',NULL,'Gig Harbor','68',230,'98329',NULL,NULL,NULL,'','12018 109th St NW','2025-02-08',23,1,NULL,NULL,0,'Reese Films','Clarity Photography','Video','2024-10-13 07:49:12',1,'2024-07-15 07:37:27','2025-08-12 06:19:05'),(24,36,'Dhammondi','Headline','<h5 class=\"mb-0\" style=\"--tw-translate-x: 0; --tw-translate-y: 0; --tw-rotate: 0; --tw-skew-x: 0; --tw-skew-y: 0; --tw-scale-x: 1; --tw-scale-y: 1; --tw-pan-x: ; --tw-pan-y: ; --tw-pinch-zoom: ; --tw-scroll-snap-strictness: proximity; --tw-ordinal: ; --tw-slashed-zero: ; --tw-numeric-figure: ; --tw-numeric-spacing: ; --tw-numeric-fraction: ; --tw-ring-inset: ; --tw-ring-offset-width: 0px; --tw-ring-offset-color: #fff; --tw-ring-color: #2196f380; --tw-ring-offset-shadow: 0 0 #0000; --tw-ring-shadow: 0 0 #0000; --tw-shadow: 0 0 #0000; --tw-shadow-colored: 0 0 #0000; --tw-blur: ; --tw-brightness: ; --tw-contrast: ; --tw-grayscale: ; --tw-hue-rotate: ; --tw-invert: ; --tw-saturate: ; --tw-sepia: ; --tw-drop-shadow: ; --tw-backdrop-blur: ; --tw-backdrop-brightness: ; --tw-backdrop-contrast: ; --tw-backdrop-grayscale: ; --tw-backdrop-hue-rotate: ; --tw-backdrop-invert: ; --tw-backdrop-opacity: ; --tw-backdrop-saturate: ; --tw-backdrop-sepia: ;\">Description&nbsp;</h5>',2,'',3,'',1,1,'dhammondi','Dhammondi','1000k','1700sqf',NULL,'Dhaka',NULL,230,'1207',NULL,NULL,3,'','Dhammondi','2024-09-06',2,0,NULL,NULL,0,'1','2',NULL,'2024-12-05 13:20:30',1,'2024-09-05 18:41:33','2024-09-06 13:20:30'),(25,36,'Uttara',NULL,NULL,NULL,NULL,NULL,NULL,NULL,NULL,'uttara','Uttara',NULL,NULL,NULL,'Dhaka',NULL,230,'1230',NULL,NULL,NULL,NULL,'Uttara','2024-09-06',1,0,NULL,NULL,0,NULL,NULL,NULL,'2024-12-05 13:19:44',1,'2024-09-05 18:56:25','2024-09-06 13:19:44'),(26,2,'101505 Valhalla Drive','Luxury Mountain Experience','<p>This modern 15,362 square foot legacy home is a crown jewel of Martis \r\nCamp, offering privacy, provoking imaginations, and dishing up views \r\nfrom all its deck.<span class=\"Apple-converted-space\">&nbsp;</span><span style=\"font-family: &quot;Helvetica Neue&quot;;\">Immerse\r\n yourself in a luxury mountain experience like never before. Live amidst\r\n natural splendor, sunrise to sunset and twinkling stars,</span></p><p><span style=\"font-family: &quot;Helvetica Neue&quot;;\"><br></span></p><p>Immerse yourself in a luxury mountain experience like never before. Live\r\n amidst natural splendor, sunrise to sunset and twinkling stars, This luxury mountain home lies within a category of legacy properties which rarely \r\ncome available. A haven sprawled throughout 2.2 acres of private \r\nserenity, nestled between , Omnia\r\n Mountain Lodge was thoughtfully designed to embrace sweeping vistas. \r\nServing as a modern retreat with classic Pacific Northwest elements, the\r\n lodge offers uncompromised indulgence. Over 14,000 square feet of space \r\nunfolds across ten bedrooms and six bathrooms, with opulent shared \r\nspaces and amenities. A truly rare opportunity!</p>',10,'property_features/1735047885_garage1use.jpg',8,'property_features/1735047885_AdobeStock_1011448442.jpeg',8,5,'101505-valhalla-drive-97','101505 Valhalla Drive','17,900,000','14,900',NULL,'Truckee','8',230,'96161',NULL,NULL,3,'property_features/1735047884_','101505 Valhalla Drive','2024-11-22',44,0,NULL,NULL,228,'Korisbo','Korisbo','Video','2025-02-20 04:07:47',1,'2024-11-14 23:05:45','2025-09-03 05:13:41'),(34,46,'1102 Valley Oak Drive','Real estate listing descriptions are a written narrative that provides details and information about a property. They’re used for both rental and sale properties and serves as a marketing tool to attr','<p><span style=\"font-size: 16px; caret-color: rgb(49, 50, 76); color: rgb(49, 50, 76); font-family: Sharpgrotesk, sans-serif;\">Real estate listing descriptions are a written narrative that provides details and information about a property. They’re used for both rental and sale properties and serves as a marketing tool to attract potential tenants or buyers or by highlighting the property\'s key features, amenities, location, and other relevant information.</span><br></p>',NULL,NULL,NULL,NULL,NULL,NULL,'1102-valley-oak-drive','1102 Valley Oak Drive',NULL,NULL,NULL,'Winters','8',230,'95694',NULL,NULL,NULL,NULL,'1102 Valley Oak Drive','2025-01-28',1,0,NULL,NULL,0,'Adobe','Adobe',NULL,NULL,NULL,'2025-01-28 10:26:49','2025-01-28 10:28:29'),(35,44,'596 Old Drive',NULL,NULL,NULL,NULL,NULL,NULL,NULL,NULL,'596-old-drive','596 Old Drive','25','777','Harum beatae dolores omnis dolor expedita quia deserunt occaecat magna repellendus Non temporibus ipsam id doloremque qui voluptatem','Dolorem numquam voluptatem impedit incidunt quae','27',230,'35485',NULL,NULL,NULL,NULL,'596 Old Drive','2025-02-05',6,0,NULL,NULL,0,NULL,NULL,NULL,NULL,NULL,'2025-01-28 21:04:12','2025-02-21 21:46:54'),(38,44,'31 Nobel Drive','In sit omnis dolorem id soluta sequi quaerat eaque dolorem',NULL,NULL,NULL,NULL,NULL,NULL,NULL,'31-nobel-drive-30','31 Nobel Drive',NULL,NULL,'Esse vero architecto aliquip ut aut quisquam ut quisquam blanditiis fugiat omnis nisi voluptatibus voluptatum aliquip excepturi','Inventore ut ut non eius minima velit cumque aliqu','2',230,'80018',NULL,NULL,NULL,NULL,'31 Nobel Drive','2025-03-02',8,1,NULL,NULL,0,'Quis facere officia et exercitation optio impedit quis consequatur Eos ipsum non labore illo duis qui nostrud laborum minim eligendi','Reprehenderit et autem corrupti aut rem',NULL,NULL,NULL,'2025-02-04 02:22:15','2025-04-16 20:59:56'),(47,44,'76 Hague Avenue',NULL,NULL,NULL,NULL,NULL,NULL,NULL,NULL,'76-hague-avenue','76 Hague Avenue',NULL,NULL,'In et consequatur voluptatem aliqua Modi','Delectus commodo unde ea magni quod adipisicing p','60',230,'70010',NULL,NULL,NULL,NULL,'76 Hague Avenue','2025-02-08',0,0,NULL,NULL,0,NULL,NULL,NULL,NULL,NULL,'2025-02-08 21:27:27','2025-02-08 21:27:27'),(51,44,'36 White New Freeway new',NULL,NULL,NULL,NULL,NULL,NULL,NULL,NULL,'36-white-new-freeway','36 White New Freeway new','777','777','Proident mollit nihil in laboriosam sed exercitationem non odit','Sint do perferendis labore labore blanditiis paria','37',230,'94908',NULL,NULL,NULL,NULL,'36 White New Freeway new',NULL,0,0,NULL,NULL,0,NULL,NULL,NULL,NULL,NULL,'2025-03-02 19:03:41','2025-03-02 19:28:09'),(57,2,'817 East Milton Drive',NULL,NULL,NULL,NULL,NULL,NULL,NULL,NULL,'817-east-milton-drive','817 East Milton Drive',NULL,NULL,'Ducimus omnis ut doloribus voluptas esse in labore corporis tempora ad blanditiis aliquam sint atque proident qui ipsa consequatur','Sed culpa sed adipisci enim maiores incididunt','14',230,'39307',NULL,NULL,NULL,NULL,'817 East Milton Drive',NULL,0,0,NULL,NULL,0,NULL,NULL,NULL,NULL,NULL,'2025-04-28 07:24:10','2025-04-28 07:24:10'),(59,2,'59 West Rocky Second Boulevard','Ad sunt optio mollitia omnis dolor est quia in sed elit ipsam aliquid dolor quasi facere a',NULL,1,NULL,1,NULL,1,1,'59-west-rocky-second-boulevard','59 West Rocky Second Boulevard','764','22','Iste eaque facere sed mollit pariatur Doloribus voluptate animi nisi quidem aut autem reprehenderit id','Libero maiores dicta et qui','25',230,'53483',NULL,NULL,4,NULL,'59 West Rocky Second Boulevard',NULL,0,0,NULL,NULL,0,'Totam accusamus non consequuntur sint dolorem dolorem laboriosam ut eius','Proident sequi ea eum est quis veniam et nulla cum repudiandae',NULL,NULL,NULL,'2025-04-30 18:58:53','2025-04-30 19:00:21'),(60,66,'878 North Cowley Boulevard',NULL,NULL,NULL,NULL,NULL,NULL,NULL,NULL,'878-north-cowley-boulevard','878 North Cowley Boulevard','111','11','Voluptatem et minim in dicta do dolore','Ut qui sint aliquip sint iste irure voluptate mod','50',230,'54819',NULL,NULL,NULL,NULL,'878 North Cowley Boulevard',NULL,0,0,NULL,NULL,0,NULL,NULL,NULL,NULL,NULL,'2025-07-31 11:37:54','2025-07-31 11:38:17'),(61,2,'40 West Hague Freeway',NULL,NULL,NULL,NULL,NULL,NULL,NULL,NULL,'40-west-hague-freeway','40 West Hague Freeway',NULL,NULL,'Pariatur Voluptas ipsam iusto architecto dolorum cupiditate impedit est','Consequatur elit quia sapiente quisquam fugiat a','20',230,'75753',NULL,NULL,NULL,NULL,'40 West Hague Freeway',NULL,2,0,NULL,NULL,0,NULL,NULL,NULL,NULL,NULL,'2025-09-08 10:17:48','2025-10-19 15:12:03'),(62,2,'130 East Hague Avenue',NULL,NULL,NULL,NULL,NULL,NULL,NULL,NULL,'130-east-hague-avenue','130 East Hague Avenue',NULL,NULL,'Odit fuga Aliquid et architecto autem qui quia velit quia','Officiis fuga Natus temporibus ad dolor minim ali','40',230,'37188',NULL,NULL,NULL,NULL,'130 East Hague Avenue',NULL,0,0,NULL,NULL,0,NULL,NULL,NULL,NULL,NULL,'2026-02-17 19:26:53','2026-02-17 19:26:53');
/*!40000 ALTER TABLE `properties` ENABLE KEYS */;
UNLOCK TABLES;

--
-- Table structure for table `property_amenities`
--

DROP TABLE IF EXISTS `property_amenities`;
/*!40101 SET @saved_cs_client     = @@character_set_client */;
/*!50503 SET character_set_client = utf8mb4 */;
CREATE TABLE `property_amenities` (
  `id` bigint unsigned NOT NULL AUTO_INCREMENT,
  `property_id` bigint unsigned NOT NULL,
  `amenity_id` int unsigned NOT NULL,
  `created_at` timestamp NULL DEFAULT NULL,
  `updated_at` timestamp NULL DEFAULT NULL,
  PRIMARY KEY (`id`),
  KEY `property_amenities_property_id_foreign` (`property_id`),
  CONSTRAINT `property_amenities_property_id_foreign` FOREIGN KEY (`property_id`) REFERENCES `properties` (`id`) ON DELETE CASCADE
) ENGINE=InnoDB AUTO_INCREMENT=388 DEFAULT CHARSET=utf8mb4 COLLATE=utf8mb4_unicode_ci;
/*!40101 SET character_set_client = @saved_cs_client */;

--
-- Dumping data for table `property_amenities`
--

LOCK TABLES `property_amenities` WRITE;
/*!40000 ALTER TABLE `property_amenities` DISABLE KEYS */;
INSERT INTO `property_amenities` VALUES (62,2,2,'2023-08-29 01:20:30','2023-08-29 01:20:30'),(63,2,4,'2023-08-29 01:20:30','2023-08-29 01:20:30'),(64,2,9,'2023-08-29 01:20:30','2023-08-29 01:20:30'),(65,2,19,'2023-08-29 01:20:30','2023-08-29 01:20:30'),(66,2,14,'2023-08-29 01:20:30','2023-08-29 01:20:30'),(67,2,17,'2023-08-29 01:20:30','2023-08-29 01:20:30'),(68,2,20,'2023-08-29 01:20:30','2023-08-29 01:20:30'),(69,2,24,'2023-08-29 01:20:30','2023-08-29 01:20:30'),(70,2,23,'2023-08-29 01:20:30','2023-08-29 01:20:30'),(71,2,22,'2023-08-29 01:20:30','2023-08-29 01:20:30'),(188,3,10,'2024-06-06 14:59:36','2024-06-06 14:59:36'),(189,3,80,'2024-06-06 14:59:36','2024-06-06 14:59:36'),(190,3,83,'2024-06-06 14:59:36','2024-06-06 14:59:36'),(191,3,84,'2024-06-06 14:59:36','2024-06-06 14:59:36'),(192,3,85,'2024-06-06 14:59:36','2024-06-06 14:59:36'),(193,3,86,'2024-06-06 14:59:36','2024-06-06 14:59:36'),(194,3,87,'2024-06-06 14:59:36','2024-06-06 14:59:36'),(195,3,88,'2024-06-06 14:59:36','2024-06-06 14:59:36'),(196,3,89,'2024-06-06 14:59:36','2024-06-06 14:59:36'),(197,3,4,'2024-06-06 14:59:36','2024-06-06 14:59:36'),(198,3,91,'2024-06-06 14:59:36','2024-06-06 14:59:36'),(199,3,57,'2024-06-06 14:59:36','2024-06-06 14:59:36'),(200,3,58,'2024-06-06 14:59:36','2024-06-06 14:59:36'),(201,3,60,'2024-06-06 14:59:36','2024-06-06 14:59:36'),(202,3,4,'2024-06-06 14:59:36','2024-06-06 14:59:36'),(203,3,93,'2024-06-06 14:59:36','2024-06-06 14:59:36'),(204,3,94,'2024-06-06 14:59:36','2024-06-06 14:59:36'),(211,24,100,'2024-09-05 18:43:01','2024-09-05 18:43:01'),(212,24,101,'2024-09-05 18:43:01','2024-09-05 18:43:01'),(213,24,11,'2024-09-05 18:43:01','2024-09-05 18:43:01'),(214,24,26,'2024-09-05 18:43:01','2024-09-05 18:43:01'),(215,24,9,'2024-09-05 18:43:01','2024-09-05 18:43:01'),(229,23,1,'2024-11-02 08:07:52','2024-11-02 08:07:52'),(230,23,95,'2024-11-02 08:07:52','2024-11-02 08:07:52'),(231,23,96,'2024-11-02 08:07:52','2024-11-02 08:07:52'),(232,23,97,'2024-11-02 08:07:52','2024-11-02 08:07:52'),(233,23,98,'2024-11-02 08:07:52','2024-11-02 08:07:52'),(234,23,99,'2024-11-02 08:07:52','2024-11-02 08:07:52'),(235,23,102,'2024-11-02 08:07:52','2024-11-02 08:07:52'),(284,26,10,'2024-11-19 19:37:52','2024-11-19 19:37:52'),(285,26,18,'2024-11-19 19:37:52','2024-11-19 19:37:52'),(286,26,21,'2024-11-19 19:37:52','2024-11-19 19:37:52'),(287,26,12,'2024-11-19 19:37:52','2024-11-19 19:37:52'),(288,26,5,'2024-11-19 19:37:52','2024-11-19 19:37:52'),(289,26,45,'2024-11-19 19:37:52','2024-11-19 19:37:52'),(290,26,48,'2024-11-19 19:37:52','2024-11-19 19:37:52'),(291,26,51,'2024-11-19 19:37:52','2024-11-19 19:37:52'),(292,26,44,'2024-11-19 19:37:52','2024-11-19 19:37:52'),(293,26,25,'2024-11-19 19:37:52','2024-11-19 19:37:52'),(294,26,63,'2024-11-19 19:37:52','2024-11-19 19:37:52'),(295,26,65,'2024-11-19 19:37:52','2024-11-19 19:37:52'),(296,26,87,'2024-11-19 19:37:52','2024-11-19 19:37:52'),(297,26,94,'2024-11-19 19:37:52','2024-11-19 19:37:52'),(298,26,98,'2024-11-19 19:37:52','2024-11-19 19:37:52'),(299,26,97,'2024-11-19 19:37:52','2024-11-19 19:37:52'),(300,26,96,'2024-11-19 19:37:52','2024-11-19 19:37:52'),(301,26,3,'2024-11-19 19:37:52','2024-11-19 19:37:52'),(302,26,15,'2024-11-19 19:37:52','2024-11-19 19:37:52'),(303,26,26,'2024-11-19 19:37:52','2024-11-19 19:37:52'),(304,26,46,'2024-11-19 19:37:52','2024-11-19 19:37:52'),(305,26,52,'2024-11-19 19:37:52','2024-11-19 19:37:52'),(306,26,56,'2024-11-19 19:37:52','2024-11-19 19:37:52'),(307,26,57,'2024-11-19 19:37:52','2024-11-19 19:37:52'),(308,1,49,'2024-11-22 21:55:52','2024-11-22 21:55:52'),(309,1,50,'2024-11-22 21:55:52','2024-11-22 21:55:52'),(310,1,51,'2024-11-22 21:55:52','2024-11-22 21:55:52'),(311,1,52,'2024-11-22 21:55:52','2024-11-22 21:55:52'),(312,1,53,'2024-11-22 21:55:52','2024-11-22 21:55:52'),(313,1,55,'2024-11-22 21:55:52','2024-11-22 21:55:52'),(314,1,56,'2024-11-22 21:55:52','2024-11-22 21:55:52'),(315,1,57,'2024-11-22 21:55:52','2024-11-22 21:55:52'),(316,1,58,'2024-11-22 21:55:52','2024-11-22 21:55:52'),(317,1,60,'2024-11-22 21:55:52','2024-11-22 21:55:52'),(318,1,61,'2024-11-22 21:55:52','2024-11-22 21:55:52'),(319,1,62,'2024-11-22 21:55:52','2024-11-22 21:55:52'),(320,1,63,'2024-11-22 21:55:52','2024-11-22 21:55:52'),(321,1,64,'2024-11-22 21:55:52','2024-11-22 21:55:52'),(322,1,65,'2024-11-22 21:55:52','2024-11-22 21:55:52'),(323,1,78,'2024-11-22 21:55:52','2024-11-22 21:55:52'),(324,1,5,'2024-11-22 21:55:52','2024-11-22 21:55:52'),(325,1,10,'2024-11-22 21:55:52','2024-11-22 21:55:52'),(326,1,27,'2024-11-22 21:55:52','2024-11-22 21:55:52'),(327,1,15,'2024-11-22 21:55:52','2024-11-22 21:55:52'),(333,35,26,'2025-01-28 21:06:04','2025-01-28 21:06:04'),(334,35,8,'2025-01-28 21:06:04','2025-01-28 21:06:04'),(335,35,13,'2025-01-28 21:06:04','2025-01-28 21:06:04'),(347,51,23,'2025-03-02 19:27:53','2025-03-02 19:27:53'),(382,59,6,'2025-04-30 18:59:41','2025-04-30 18:59:41'),(383,59,22,'2025-04-30 18:59:41','2025-04-30 18:59:41'),(384,59,38,'2025-04-30 18:59:41','2025-04-30 18:59:41'),(385,59,46,'2025-04-30 18:59:41','2025-04-30 18:59:41'),(386,59,45,'2025-04-30 18:59:41','2025-04-30 18:59:41'),(387,59,44,'2025-04-30 18:59:41','2025-04-30 18:59:41');
/*!40000 ALTER TABLE `property_amenities` ENABLE KEYS */;
UNLOCK TABLES;

--
-- Table structure for table `property_documents`
--

DROP TABLE IF EXISTS `property_documents`;
/*!40101 SET @saved_cs_client     = @@character_set_client */;
/*!50503 SET character_set_client = utf8mb4 */;
CREATE TABLE `property_documents` (
  `id` int unsigned NOT NULL AUTO_INCREMENT,
  `property_id` bigint unsigned NOT NULL,
  `name` varchar(255) CHARACTER SET utf8mb4 COLLATE utf8mb4_unicode_ci DEFAULT NULL,
  `file_name` varchar(512) CHARACTER SET utf8mb4 COLLATE utf8mb4_unicode_ci NOT NULL,
  `created_at` timestamp NULL DEFAULT NULL,
  `updated_at` timestamp NULL DEFAULT NULL,
  PRIMARY KEY (`id`),
  KEY `property_documents_property_id_foreign` (`property_id`),
  CONSTRAINT `property_documents_property_id_foreign` FOREIGN KEY (`property_id`) REFERENCES `properties` (`id`) ON DELETE CASCADE
) ENGINE=InnoDB AUTO_INCREMENT=30 DEFAULT CHARSET=utf8mb4 COLLATE=utf8mb4_unicode_ci;
/*!40101 SET character_set_client = @saved_cs_client */;

--
-- Dumping data for table `property_documents`
--

LOCK TABLES `property_documents` WRITE;
/*!40000 ALTER TABLE `property_documents` DISABLE KEYS */;
INSERT INTO `property_documents` VALUES (1,1,'Martis Camp Beach Shack.pdf','http://realtyinterface.s3.amazonaws.com/property_documents/fTzBVfQE533kDny2lZ6lsgCcXCFb0QguDuMJQDv1.pdf','2023-08-07 15:32:43','2023-08-07 15:35:27'),(2,1,'Tom Fazio Golf.pdf','http://realtyinterface.s3.amazonaws.com/property_documents/JgagzqDX9d7mxuxPPIHrF7m6eG9amcgPVPMJRpp5.pdf','2023-08-07 15:32:44','2023-08-07 15:34:46'),(3,1,'Private Ski Connection.pdf','http://realtyinterface.s3.amazonaws.com/property_documents/wNnJpX1iHKO7yAqg9DrovvfLOw19sWY8bipVY6nR.pdf','2023-08-07 15:32:48','2023-08-07 15:36:34'),(4,1,'Lost Library.pdf','http://realtyinterface.s3.amazonaws.com/property_documents/Wm0sILCNBrJSMXjLqcX0IwvVy5d8WrLQRWgrWlIx.pdf','2023-08-07 15:32:51','2023-08-07 15:37:27'),(5,1,'Camp Lodge.pdf','http://realtyinterface.s3.amazonaws.com/property_documents/qhQKwytAQ36xvgQUoI8sC61CX8ZM8WhNbNkBfHKE.pdf','2023-08-07 15:32:57','2023-08-07 15:37:53'),(6,1,'Family Barn.pdf','http://realtyinterface.s3.amazonaws.com/property_documents/NTKWTv0WmC51RUWPLwRtHGr2P27AVFHotyrRM7RN.pdf','2023-08-07 15:32:57','2023-08-07 15:38:58'),(12,3,'Stevens Pass Terrain Map','http://realtyinterface.s3.amazonaws.com/property_documents/CzqLMy8P5TFu96LbSYJBamePN6WMg1SFk495l8NY.jpg','2023-12-12 15:09:10','2023-12-12 15:09:47'),(13,3,'Whistler Mountain Bike Park','http://realtyinterface.s3.amazonaws.com/property_documents/krBIYmFQOiwu20VB5s26KG7b0AXd3vvATTRejjkC.pdf','2023-12-12 15:10:33','2023-12-12 15:11:29'),(14,3,'Leavenworth Adventure Park','http://realtyinterface.s3.amazonaws.com/property_documents/H4YGPgGxynK9gxf3BSuwg3IDog9nOU0BE5SSrvMn.pdf','2023-12-12 15:16:06','2023-12-12 15:16:24'),(15,3,'Stevens Pass Cross Country Map','http://realtyinterface.s3.amazonaws.com/property_documents/Ws780w5s7QXKnszZQS6vJvoxZD9PuSFKF9J6WOVl.pdf','2023-12-12 15:16:50','2023-12-12 15:17:14'),(17,26,'LH7Vb8BAxMgX5Tc2EFyTpJ72YsDOoPRzESfw43vD.pdf','property_documents/LH7Vb8BAxMgX5Tc2EFyTpJ72YsDOoPRzESfw43vD.pdf','2024-12-14 15:36:13','2024-12-14 15:36:13'),(18,26,'GCxRgDk7JBpDMNecfEgi7pib97xbAy9aLAivcaXR.webp','property_documents/GCxRgDk7JBpDMNecfEgi7pib97xbAy9aLAivcaXR.webp','2024-12-14 15:36:13','2024-12-14 15:36:13'),(19,26,'NJANJlWJpJsIH9F8Ev6yGVPzJZiUProOG4omxSVH.pdf','property_documents/NJANJlWJpJsIH9F8Ev6yGVPzJZiUProOG4omxSVH.pdf','2024-12-14 15:36:17','2024-12-14 15:36:17'),(20,26,'YZXMNByWM5zlrzq5rWHLu5loxmaoADZ8UM8OQDxh.pdf','property_documents/YZXMNByWM5zlrzq5rWHLu5loxmaoADZ8UM8OQDxh.pdf','2024-12-14 15:36:17','2024-12-14 15:36:17'),(21,26,'SmCcOx3jWfiMFKlN2ag8WsFnPdutuhUPzi2rDcEq.pdf','property_documents/SmCcOx3jWfiMFKlN2ag8WsFnPdutuhUPzi2rDcEq.pdf','2024-12-14 15:36:19','2024-12-14 15:36:19'),(22,26,'zEcSiHRjjW1MyOFb3PqGFciupdHazc6Zg9jf6Hgj.pdf','property_documents/zEcSiHRjjW1MyOFb3PqGFciupdHazc6Zg9jf6Hgj.pdf','2024-12-14 15:36:19','2024-12-14 15:36:19'),(23,26,'guPr2BZ0rZyZw0sz1pzo6BPgDXXNAhvCxuk3hOfW.jpg','property_documents/guPr2BZ0rZyZw0sz1pzo6BPgDXXNAhvCxuk3hOfW.jpg','2024-12-18 04:08:17','2024-12-18 04:08:17');
/*!40000 ALTER TABLE `property_documents` ENABLE KEYS */;
UNLOCK TABLES;

--
-- Table structure for table `property_floorplan_images`
--

DROP TABLE IF EXISTS `property_floorplan_images`;
/*!40101 SET @saved_cs_client     = @@character_set_client */;
/*!50503 SET character_set_client = utf8mb4 */;
CREATE TABLE `property_floorplan_images` (
  `id` bigint unsigned NOT NULL AUTO_INCREMENT,
  `property_id` bigint unsigned NOT NULL,
  `property_floorplan_id` bigint unsigned NOT NULL,
  `property_image_id` int unsigned NOT NULL,
  `coordinates` varchar(50) CHARACTER SET utf8mb4 COLLATE utf8mb4_unicode_ci NOT NULL,
  `floorplan_image_ratio` varchar(50) CHARACTER SET utf8mb4 COLLATE utf8mb4_unicode_ci DEFAULT NULL,
  `created_at` timestamp NULL DEFAULT NULL,
  `updated_at` timestamp NULL DEFAULT NULL,
  PRIMARY KEY (`id`),
  KEY `property_floorplan_images_property_floorplan_id_foreign` (`property_floorplan_id`),
  KEY `property_image_id` (`property_image_id`),
  CONSTRAINT `property_floorplan_images_property_floorplan_id_foreign` FOREIGN KEY (`property_floorplan_id`) REFERENCES `property_floorplans` (`id`) ON DELETE CASCADE ON UPDATE RESTRICT,
  CONSTRAINT `property_floorplan_images_property_image_id_foreign` FOREIGN KEY (`property_image_id`) REFERENCES `property_images` (`id`) ON DELETE CASCADE ON UPDATE RESTRICT
) ENGINE=InnoDB DEFAULT CHARSET=utf8mb4 COLLATE=utf8mb4_unicode_ci;
/*!40101 SET character_set_client = @saved_cs_client */;

--
-- Dumping data for table `property_floorplan_images`
--

LOCK TABLES `property_floorplan_images` WRITE;
/*!40000 ALTER TABLE `property_floorplan_images` DISABLE KEYS */;
/*!40000 ALTER TABLE `property_floorplan_images` ENABLE KEYS */;
UNLOCK TABLES;

--
-- Table structure for table `property_floorplans`
--

DROP TABLE IF EXISTS `property_floorplans`;
/*!40101 SET @saved_cs_client     = @@character_set_client */;
/*!50503 SET character_set_client = utf8mb4 */;
CREATE TABLE `property_floorplans` (
  `id` bigint unsigned NOT NULL AUTO_INCREMENT,
  `property_id` bigint unsigned NOT NULL,
  `name` varchar(100) CHARACTER SET utf8mb4 COLLATE utf8mb4_unicode_ci NOT NULL,
  `file_name` varchar(512) CHARACTER SET utf8mb4 COLLATE utf8mb4_unicode_ci NOT NULL,
  `thumb` varchar(255) CHARACTER SET utf8mb4 COLLATE utf8mb4_unicode_ci DEFAULT NULL,
  `sequence` int unsigned NOT NULL,
  `created_at` timestamp NULL DEFAULT NULL,
  `updated_at` timestamp NULL DEFAULT NULL,
  `sort_order` int NOT NULL DEFAULT '0',
  PRIMARY KEY (`id`),
  KEY `property_floorplans_property_id_foreign` (`property_id`),
  CONSTRAINT `property_floorplans_property_id_foreign` FOREIGN KEY (`property_id`) REFERENCES `properties` (`id`) ON DELETE CASCADE
) ENGINE=InnoDB AUTO_INCREMENT=30 DEFAULT CHARSET=utf8mb4 COLLATE=utf8mb4_unicode_ci;
/*!40101 SET character_set_client = @saved_cs_client */;

--
-- Dumping data for table `property_floorplans`
--

LOCK TABLES `property_floorplans` WRITE;
/*!40000 ALTER TABLE `property_floorplans` DISABLE KEYS */;
INSERT INTO `property_floorplans` VALUES (8,35,'Untitled','property_floorplans/php2eo7ia','property_floorplans_thumb/php2eo7ia',1,'2025-01-29 01:57:11','2025-01-29 01:57:14',1),(9,35,'Untitled','property_floorplans/phpME0FAX','property_floorplans_thumb/phpME0FAX',2,'2025-01-29 01:57:11','2025-01-29 01:57:14',2),(10,35,'Untitled','property_floorplans/phpKM3kOe','property_floorplans_thumb/phpKM3kOe',3,'2025-01-29 01:57:12','2025-01-29 01:57:14',3),(16,23,'Main Level','property_floorplans/phpaKI7zQ','property_floorplans_thumb/phpaKI7zQ',1,'2025-02-14 12:13:37','2025-02-14 12:14:55',1),(17,26,'Untitled','property_floorplans/phpAUypOY','property_floorplans_thumb/phpAUypOY',8,'2025-02-14 14:21:14','2025-02-14 14:21:37',3),(19,26,'Untitled','property_floorplans/phppczCNL','property_floorplans_thumb/phppczCNL',9,'2025-02-14 14:23:47','2025-02-14 14:23:47',0),(20,51,'Untitled','property_floorplans/phptdqx1P','property_floorplans_thumb/phptdqx1P',1,'2025-03-02 19:29:06','2025-03-02 19:29:21',1);
/*!40000 ALTER TABLE `property_floorplans` ENABLE KEYS */;
UNLOCK TABLES;

--
-- Table structure for table `property_galleries`
--

DROP TABLE IF EXISTS `property_galleries`;
/*!40101 SET @saved_cs_client     = @@character_set_client */;
/*!50503 SET character_set_client = utf8mb4 */;
CREATE TABLE `property_galleries` (
  `id` bigint unsigned NOT NULL AUTO_INCREMENT,
  `property_id` bigint unsigned NOT NULL,
  `name` varchar(100) CHARACTER SET utf8mb4 COLLATE utf8mb4_unicode_ci DEFAULT NULL,
  `short_description` varchar(255) CHARACTER SET utf8mb4 COLLATE utf8mb4_unicode_ci DEFAULT NULL,
  `active` tinyint(1) NOT NULL DEFAULT '1',
  `created_at` timestamp NULL DEFAULT NULL,
  `updated_at` timestamp NULL DEFAULT NULL,
  PRIMARY KEY (`id`),
  KEY `property_galleries_property_id_foreign` (`property_id`),
  CONSTRAINT `property_galleries_property_id_foreign` FOREIGN KEY (`property_id`) REFERENCES `properties` (`id`) ON DELETE CASCADE ON UPDATE RESTRICT
) ENGINE=InnoDB AUTO_INCREMENT=26 DEFAULT CHARSET=utf8mb4 COLLATE=utf8mb4_unicode_ci;
/*!40101 SET character_set_client = @saved_cs_client */;

--
-- Dumping data for table `property_galleries`
--

LOCK TABLES `property_galleries` WRITE;
/*!40000 ALTER TABLE `property_galleries` DISABLE KEYS */;
INSERT INTO `property_galleries` VALUES (1,1,'Exteriors','Over 4,000 square feet of space unfolds across five bedrooms and five and a half bathrooms, with opulent shared spaces and amenities. A truly rare opportunity!',1,'2023-08-05 19:49:22','2023-08-08 02:39:20'),(2,1,'Main Living Level','In the great room, tall Weiland pocket glass doors on opposing sides of the room disappear, ushering in to the great room, breakfast nook, kitchen and dining room.   There’s a soaring fireplace calling out from the corner of the great room.',1,'2023-08-05 22:26:47','2023-08-05 22:26:47'),(3,1,'Upper Level','Featured on the upper level is a theater room, recreation area and family room. with it\'s own deck and hot tub.',1,'2023-08-05 23:26:00','2023-08-06 00:03:40'),(4,1,'Lower Level','Great room w/ automated 39\' opening, indoor/outdoor living. Bowling alley, trackman golf simulator, 7-tv media room, game room.  3 laundry rooms. Pool, rooftop deck, 1000 sq ft exterior putting green, athletic court.',1,'2023-08-06 00:07:55','2023-09-13 17:52:39'),(5,1,'Dream Garage','A dream garage  is a 4,700 sq ft custom built (heated/insulated) toy shop. It comes complete with separate office, clean room and main work area and 3 PhantomPark 2-deck subterranean parking systems. The main shop area can hold 12+ cars and toys.',1,'2023-08-06 00:49:02','2023-08-07 15:07:45'),(6,2,'Dream Garage','Squarespace offers straightforward payment and checkout options for your customers. Take online payments with Stripe, Paypal, Apple Pay, and Afterpay (Afterpay is available in the US, Canada, Australia, and New Zealand).',1,'2023-08-29 01:24:10','2023-08-29 01:24:10'),(7,3,'Exteriors','Immerse yourself in a luxury mountain experience unlike any other. Nestled between Leavenworth and Stevens Pass Ski Resort, Omnia Mountain Lodge was thoughtfully designed to embrace sweeping vistas.',1,'2023-12-08 16:30:32','2023-12-10 16:44:35'),(8,3,'Main Level','Warm wood tones welcome you inside, where impressive vaulted ceilings with steel beams evoke a sense of decadence. A stone fireplace crackles, invigorating the senses while filling the residence with warmth, while chandeliers shine upon custom  finishes.',1,'2023-12-08 16:41:34','2023-12-10 16:44:41'),(9,3,'Upper Level','Upstairs a loft makes the prime location for a second living area with views Lake Wenatchee framed by treetops. The lodge is currently equipped to sleep up to 45 people throughout six chic bedrooms.',1,'2023-12-08 16:43:49','2023-12-10 16:44:50'),(10,3,'Lower Level','The seven accompanying bathrooms feature custom tilework, walk-in showers, free standing bathtubs, and backlit mirrors. World class amenities onsite beckon for memories to be made. Over 1,200 square feet of covered decks invite adventure during any season',1,'2023-12-08 16:47:31','2023-12-10 16:45:24'),(11,3,'Dream Garage','A dream garage  is a 4,700 sq ft custom built (heated/insulated) toy shop. It comes complete with separate office, clean room and main work area and 3 PhantomPark 2-deck subterranean parking systems. The main shop area can hold 12+ cars and toys!',1,'2023-12-08 16:48:01','2024-11-21 13:19:44'),(12,3,'Exteriors','Immerse yourself in a luxury mountain experience unlike any other. Nestled between Leavenworth and Stevens Pass Ski Resort, Omnia Mountain Lodge was thoughtfully designed to embrace sweeping vistas.',1,'2024-11-20 20:18:29','2024-11-20 20:18:29'),(15,26,'Exteriors','Nestled in the world renowned Martis Camp you will find a private ski access up to the Martis Camp Express Chairlift to Northstar California and a members-only ski lodge, a renowned 18-hole course designed by Tom Fazio, and exquisite dining.',1,'2024-11-21 14:50:56','2024-12-24 00:49:02'),(16,26,'Main Level','This 10 bedroom, 8 bathroom estate was designed by Shelton Construction.  Floors are eight-inch hickory while miter-edged countertops are Alpinus Granite. Appliances are Wolf, Sub-Zero and Viking.',1,'2024-12-24 00:51:08','2024-12-24 00:59:14'),(17,26,'Upper Level','The upper level is a  prime location for a second living area with views of Martis Valley framed by treetops.  Currently equipped to sleep up to 45 people throughout ten bedrooms.  Enjoy the home theater, wine room, and recreation area with bar.',1,'2024-12-24 01:07:23','2024-12-24 13:46:47'),(18,26,'Lower Level','The seven accompanying bathrooms feature custom tilework, walk-in showers, free standing bathtubs, and backlit mirrors. World class amenities onsite beckon for memories to be made. Over 1,200 square feet of covered decks invite adventure during any season',1,'2024-12-24 01:23:42','2024-12-24 13:47:15'),(19,26,'Dream Garage','A dream garage  is a 4,700 sq ft custom built (heated/insulated) toy shop. It comes complete with separate office, clean room and main work area and 3 PhantomPark 2-deck subterranean parking systems. The main shop area can hold 12+ cars and toys!',1,'2024-12-24 13:48:36','2024-12-24 13:48:36'),(25,23,'Gallery 1',NULL,1,'2025-06-09 17:27:05','2025-06-09 17:27:05');
/*!40000 ALTER TABLE `property_galleries` ENABLE KEYS */;
UNLOCK TABLES;

--
-- Table structure for table `property_gallery_images`
--

DROP TABLE IF EXISTS `property_gallery_images`;
/*!40101 SET @saved_cs_client     = @@character_set_client */;
/*!50503 SET character_set_client = utf8mb4 */;
CREATE TABLE `property_gallery_images` (
  `id` bigint unsigned NOT NULL AUTO_INCREMENT,
  `gallery_id` bigint unsigned NOT NULL,
  `property_image_id` int unsigned NOT NULL,
  `featured_image` bigint NOT NULL DEFAULT '0',
  `sequence` int unsigned NOT NULL DEFAULT '0',
  `created_at` timestamp NULL DEFAULT NULL,
  `updated_at` timestamp NULL DEFAULT NULL,
  PRIMARY KEY (`id`),
  KEY `property_gallery_images_gallery_id_foreign` (`gallery_id`),
  CONSTRAINT `property_gallery_images_gallery_id_foreign` FOREIGN KEY (`gallery_id`) REFERENCES `property_galleries` (`id`) ON DELETE CASCADE ON UPDATE RESTRICT
) ENGINE=InnoDB AUTO_INCREMENT=1242 DEFAULT CHARSET=utf8mb4 COLLATE=utf8mb4_unicode_ci;
/*!40101 SET character_set_client = @saved_cs_client */;

--
-- Dumping data for table `property_gallery_images`
--

LOCK TABLES `property_gallery_images` WRITE;
/*!40000 ALTER TABLE `property_gallery_images` DISABLE KEYS */;
INSERT INTO `property_gallery_images` VALUES (106,3,39,0,1,'2023-08-06 00:06:28','2024-11-20 14:23:48'),(107,3,37,0,2,'2023-08-06 00:06:28','2023-08-06 00:06:28'),(108,3,40,1,3,'2023-08-06 00:06:28','2024-11-20 14:23:48'),(109,3,29,0,4,'2023-08-06 00:06:28','2023-08-06 00:06:28'),(110,3,31,0,5,'2023-08-06 00:06:28','2023-08-06 00:06:28'),(111,3,42,0,6,'2023-08-06 00:06:28','2023-08-06 00:06:28'),(112,3,36,0,7,'2023-08-06 00:06:28','2023-08-06 00:06:28'),(220,5,72,0,1,'2023-08-07 15:07:45','2023-08-07 15:07:45'),(221,5,78,0,2,'2023-08-07 15:07:45','2023-08-28 16:39:17'),(222,5,79,1,3,'2023-08-07 15:07:45','2023-08-30 20:18:32'),(223,5,83,0,4,'2023-08-07 15:07:45','2023-08-30 20:18:32'),(224,5,75,0,5,'2023-08-07 15:07:45','2023-08-07 15:07:45'),(225,5,52,0,6,'2023-08-07 15:07:45','2023-08-07 15:07:45'),(226,5,82,0,7,'2023-08-07 15:07:45','2023-08-07 15:07:45'),(227,5,80,0,8,'2023-08-07 15:07:45','2023-08-07 15:07:45'),(228,5,84,0,9,'2023-08-07 15:07:45','2023-08-07 15:07:45'),(229,5,76,0,10,'2023-08-07 15:07:45','2023-08-07 15:07:45'),(230,5,57,0,11,'2023-08-07 15:07:45','2023-08-07 15:07:45'),(231,5,58,0,12,'2023-08-07 15:07:45','2023-08-07 15:07:45'),(232,5,74,0,13,'2023-08-07 15:07:45','2023-08-07 15:07:45'),(233,5,59,0,14,'2023-08-07 15:07:45','2023-08-07 15:07:45'),(234,5,62,0,15,'2023-08-07 15:07:45','2023-08-07 15:07:45'),(235,5,73,0,16,'2023-08-07 15:07:45','2023-08-07 15:07:45'),(236,5,61,0,17,'2023-08-07 15:07:45','2023-08-07 15:07:45'),(237,5,63,0,18,'2023-08-07 15:07:45','2023-08-07 15:07:45'),(238,5,64,0,19,'2023-08-07 15:07:45','2023-08-07 15:07:45'),(239,5,68,0,20,'2023-08-07 15:07:45','2023-08-07 15:07:45'),(247,1,4,0,1,'2023-08-08 02:39:20','2023-12-11 16:53:17'),(248,1,1,1,2,'2023-08-08 02:39:20','2023-12-11 16:53:17'),(249,1,2,0,3,'2023-08-08 02:39:20','2023-08-08 02:39:20'),(250,1,6,0,4,'2023-08-08 02:39:20','2023-08-08 02:39:20'),(251,1,9,0,5,'2023-08-08 02:39:20','2023-08-08 02:39:20'),(252,1,11,0,6,'2023-08-08 02:39:20','2023-08-08 02:39:20'),(253,1,10,0,7,'2023-08-08 02:39:20','2023-08-08 02:39:20'),(254,1,3,0,8,'2023-08-08 02:39:20','2023-08-08 02:39:20'),(255,1,8,0,9,'2023-08-08 02:39:20','2023-08-08 02:39:20'),(256,1,7,0,10,'2023-08-08 02:39:20','2023-08-08 02:39:20'),(257,1,5,0,11,'2023-08-08 02:39:20','2023-08-08 02:39:20'),(258,6,86,0,1,'2023-08-29 01:24:10','2023-08-29 01:24:10'),(259,6,90,1,2,'2023-08-29 01:24:10','2023-08-29 01:24:20'),(260,6,87,0,3,'2023-08-29 01:24:10','2023-08-29 01:24:10'),(261,6,93,0,4,'2023-08-29 01:24:10','2023-08-29 01:24:10'),(262,6,92,0,5,'2023-08-29 01:24:10','2023-08-29 01:24:10'),(263,6,91,0,6,'2023-08-29 01:24:10','2023-08-29 01:24:10'),(264,6,89,0,7,'2023-08-29 01:24:10','2023-08-29 01:24:10'),(265,6,88,0,8,'2023-08-29 01:24:10','2023-08-29 01:24:10'),(266,6,94,0,9,'2023-08-29 01:24:10','2023-08-29 01:24:10'),(267,6,95,0,10,'2023-08-29 01:24:10','2023-08-29 01:24:10'),(268,6,98,0,11,'2023-08-29 01:24:10','2023-08-29 01:24:10'),(269,6,96,0,12,'2023-08-29 01:24:10','2023-08-29 01:24:10'),(270,6,100,0,13,'2023-08-29 01:24:10','2023-08-29 01:24:10'),(271,6,97,0,14,'2023-08-29 01:24:10','2023-08-29 01:24:10'),(272,6,102,0,15,'2023-08-29 01:24:10','2023-08-29 01:24:10'),(273,6,101,0,16,'2023-08-29 01:24:10','2023-08-29 01:24:10'),(274,6,103,0,17,'2023-08-29 01:24:10','2023-08-29 01:24:10'),(275,6,99,0,18,'2023-08-29 01:24:10','2023-08-29 01:24:10'),(276,2,24,1,1,'2023-08-30 20:17:46','2023-08-30 20:18:14'),(277,2,17,0,2,'2023-08-30 20:17:46','2023-08-30 20:17:46'),(278,2,18,0,3,'2023-08-30 20:17:46','2023-08-30 20:17:46'),(279,2,23,0,4,'2023-08-30 20:17:46','2023-08-30 20:17:46'),(280,2,22,0,5,'2023-08-30 20:17:46','2023-08-30 20:17:46'),(281,2,20,0,6,'2023-08-30 20:17:46','2023-08-30 20:17:46'),(282,2,19,0,7,'2023-08-30 20:17:46','2023-08-30 20:17:46'),(283,2,21,0,8,'2023-08-30 20:17:46','2023-08-30 20:17:46'),(284,2,27,0,9,'2023-08-30 20:17:46','2023-08-30 20:17:46'),(285,2,26,0,10,'2023-08-30 20:17:46','2023-08-30 20:17:46'),(286,2,30,0,11,'2023-08-30 20:17:46','2023-08-30 20:17:46'),(287,2,29,0,12,'2023-08-30 20:17:46','2023-08-30 20:17:46'),(288,2,28,0,13,'2023-08-30 20:17:46','2023-08-30 20:17:46'),(289,2,31,0,14,'2023-08-30 20:17:46','2023-08-30 20:17:46'),(290,2,32,0,15,'2023-08-30 20:17:46','2023-08-30 20:17:46'),(291,2,8,0,16,'2023-08-30 20:17:46','2023-08-30 20:17:46'),(292,4,85,0,1,'2023-09-13 17:52:39','2023-09-13 17:52:39'),(293,4,45,0,2,'2023-09-13 17:52:39','2023-09-13 17:52:39'),(294,4,46,0,3,'2023-09-13 17:52:39','2023-09-13 17:52:39'),(295,4,47,0,4,'2023-09-13 17:52:39','2023-09-13 17:52:39'),(296,4,28,0,5,'2023-09-13 17:52:39','2023-09-13 17:52:39'),(297,4,43,0,6,'2023-09-13 17:52:39','2023-09-13 17:52:39'),(298,4,44,0,7,'2023-09-13 17:52:39','2023-09-13 17:52:39'),(686,8,112,0,1,'2023-12-12 15:41:03','2023-12-12 15:41:03'),(687,8,115,0,2,'2023-12-12 15:41:03','2023-12-12 15:41:03'),(688,8,114,0,3,'2023-12-12 15:41:03','2023-12-12 15:41:03'),(689,8,117,0,4,'2023-12-12 15:41:03','2023-12-12 15:41:03'),(690,8,118,0,5,'2023-12-12 15:41:03','2023-12-12 15:41:03'),(691,8,120,0,6,'2023-12-12 15:41:03','2023-12-12 15:41:03'),(692,8,116,0,7,'2023-12-12 15:41:03','2023-12-12 15:41:03'),(693,8,119,0,8,'2023-12-12 15:41:03','2023-12-12 15:41:03'),(694,8,110,0,9,'2023-12-12 15:41:03','2023-12-12 15:41:03'),(695,8,185,0,10,'2023-12-12 15:41:03','2023-12-12 15:41:03'),(696,8,184,0,11,'2023-12-12 15:41:03','2023-12-12 15:41:03'),(697,8,186,0,12,'2023-12-12 15:41:03','2023-12-12 15:41:03'),(698,8,187,0,13,'2023-12-12 15:41:03','2023-12-12 15:41:03'),(699,8,189,0,14,'2023-12-12 15:41:03','2023-12-12 15:41:03'),(700,8,188,0,15,'2023-12-12 15:41:03','2023-12-12 15:41:03'),(701,8,190,0,16,'2023-12-12 15:41:03','2023-12-12 15:41:03'),(702,8,191,0,17,'2023-12-12 15:41:03','2023-12-12 15:41:03'),(703,9,133,0,1,'2023-12-12 15:41:09','2023-12-12 15:41:09'),(704,9,132,0,2,'2023-12-12 15:41:09','2023-12-12 15:41:09'),(705,9,131,0,3,'2023-12-12 15:41:09','2023-12-12 15:41:09'),(706,9,121,0,4,'2023-12-12 15:41:09','2023-12-12 15:41:09'),(707,9,127,0,5,'2023-12-12 15:41:09','2023-12-12 15:41:09'),(708,9,122,0,6,'2023-12-12 15:41:09','2023-12-12 15:41:09'),(709,9,123,0,7,'2023-12-12 15:41:09','2023-12-12 15:41:09'),(710,9,130,0,8,'2023-12-12 15:41:09','2023-12-12 15:41:09'),(711,9,126,0,9,'2023-12-12 15:41:09','2023-12-12 15:41:09'),(712,9,124,0,10,'2023-12-12 15:41:09','2023-12-12 15:41:09'),(713,9,125,0,11,'2023-12-12 15:41:09','2023-12-12 15:41:09'),(714,9,129,0,12,'2023-12-12 15:41:09','2023-12-12 15:41:09'),(715,9,210,0,13,'2023-12-12 15:41:09','2023-12-12 15:41:09'),(716,9,201,0,14,'2023-12-12 15:41:09','2023-12-12 15:41:09'),(717,9,209,0,15,'2023-12-12 15:41:09','2023-12-12 15:41:09'),(718,9,208,0,16,'2023-12-12 15:41:09','2023-12-12 15:41:09'),(719,9,205,0,17,'2023-12-12 15:41:09','2023-12-12 15:41:09'),(720,9,203,0,18,'2023-12-12 15:41:09','2023-12-12 15:41:09'),(721,9,202,0,19,'2023-12-12 15:41:09','2023-12-12 15:41:09'),(722,9,211,0,20,'2023-12-12 15:41:09','2023-12-12 15:41:09'),(723,9,130,0,21,'2023-12-12 15:41:09','2023-12-12 15:41:09'),(739,10,135,0,1,'2023-12-12 15:41:38','2023-12-12 15:41:38'),(740,10,138,0,2,'2023-12-12 15:41:38','2023-12-12 15:41:38'),(741,10,134,0,3,'2023-12-12 15:41:38','2023-12-12 15:41:38'),(742,10,200,0,4,'2023-12-12 15:41:38','2023-12-12 15:41:38'),(743,10,136,0,5,'2023-12-12 15:41:38','2023-12-12 15:41:38'),(744,10,193,0,6,'2023-12-12 15:41:38','2023-12-12 15:41:38'),(745,10,192,0,7,'2023-12-12 15:41:38','2023-12-12 15:41:38'),(746,10,195,0,8,'2023-12-12 15:41:38','2023-12-12 15:41:38'),(747,10,196,0,9,'2023-12-12 15:41:38','2023-12-12 15:41:38'),(748,10,194,0,10,'2023-12-12 15:41:38','2023-12-12 15:41:38'),(749,10,198,0,11,'2023-12-12 15:41:38','2023-12-12 15:41:38'),(750,10,197,0,12,'2023-12-12 15:41:38','2023-12-12 15:41:38'),(751,10,140,0,13,'2023-12-12 15:41:38','2023-12-12 15:41:38'),(752,10,139,0,14,'2023-12-12 15:41:38','2023-12-12 15:41:38'),(753,10,137,0,15,'2023-12-12 15:41:38','2023-12-12 15:41:38'),(754,7,107,0,1,'2024-10-25 14:18:42','2024-10-25 14:18:42'),(755,7,168,0,2,'2024-10-25 14:18:42','2024-10-25 14:18:42'),(756,7,106,0,3,'2024-10-25 14:18:42','2024-10-25 14:18:42'),(757,7,108,0,4,'2024-10-25 14:18:42','2024-10-25 14:18:42'),(758,7,110,0,5,'2024-10-25 14:18:42','2024-10-25 14:18:42'),(759,7,111,0,6,'2024-10-25 14:18:42','2024-10-25 14:18:42'),(760,7,104,0,7,'2024-10-25 14:18:42','2024-10-25 14:18:42'),(761,7,178,0,8,'2024-10-25 14:18:42','2024-10-25 14:18:42'),(762,7,179,0,9,'2024-10-25 14:18:42','2024-10-25 14:18:42'),(763,7,175,0,10,'2024-10-25 14:18:42','2024-10-25 14:18:42'),(764,7,176,0,11,'2024-10-25 14:18:42','2024-10-25 14:18:42'),(765,7,169,0,12,'2024-10-25 14:18:42','2024-10-25 14:18:42'),(766,7,155,0,13,'2024-10-25 14:18:42','2024-10-25 14:18:42'),(767,7,156,0,14,'2024-10-25 14:18:42','2024-10-25 14:18:42'),(768,7,158,0,15,'2024-10-25 14:18:42','2024-10-25 14:18:42'),(769,7,163,0,16,'2024-10-25 14:18:42','2024-10-25 14:18:42'),(770,7,160,0,17,'2024-10-25 14:18:42','2024-10-25 14:18:42'),(771,7,161,0,18,'2024-10-25 14:18:42','2024-10-25 14:18:42'),(772,7,162,0,19,'2024-10-25 14:18:42','2024-10-25 14:18:42'),(773,7,159,0,20,'2024-10-25 14:18:42','2024-10-25 14:18:42'),(774,7,165,0,21,'2024-10-25 14:18:42','2024-10-25 14:18:42'),(775,7,164,0,22,'2024-10-25 14:18:42','2024-10-25 14:18:42'),(776,7,173,0,23,'2024-10-25 14:18:42','2024-10-25 14:18:42'),(777,7,170,0,24,'2024-10-25 14:18:42','2024-10-25 14:18:42'),(778,7,105,0,25,'2024-10-25 14:18:42','2024-10-25 14:18:42'),(779,7,181,0,26,'2024-10-25 14:18:42','2024-10-25 14:18:42'),(780,7,180,0,27,'2024-10-25 14:18:42','2024-10-25 14:18:42'),(781,7,172,0,28,'2024-10-25 14:18:42','2024-10-25 14:18:42'),(782,7,171,0,29,'2024-10-25 14:18:42','2024-10-25 14:18:42'),(783,7,109,0,30,'2024-10-25 14:18:42','2024-10-25 14:18:42'),(784,7,167,0,31,'2024-10-25 14:18:42','2024-10-25 14:18:42'),(785,7,174,0,32,'2024-10-25 14:18:42','2024-10-25 14:18:42'),(786,7,182,0,33,'2024-10-25 14:18:42','2024-10-25 14:18:42'),(787,7,166,0,34,'2024-10-25 14:18:42','2024-10-25 14:18:42'),(788,12,230,0,1,'2024-11-20 20:18:29','2024-11-20 20:18:29'),(789,12,228,0,2,'2024-11-20 20:18:29','2024-11-20 20:18:29'),(790,12,224,0,3,'2024-11-20 20:18:29','2024-11-20 20:18:29'),(791,12,225,0,4,'2024-11-20 20:18:29','2024-11-20 20:18:29'),(792,12,223,0,5,'2024-11-20 20:18:29','2024-11-20 20:18:29'),(793,12,227,0,6,'2024-11-20 20:18:29','2024-11-20 20:18:29'),(794,12,229,0,7,'2024-11-20 20:18:29','2024-11-20 20:18:29'),(795,12,226,0,8,'2024-11-20 20:18:29','2024-11-20 20:18:29'),(831,11,148,0,1,'2024-11-21 13:19:44','2024-11-21 13:19:44'),(832,11,149,0,2,'2024-11-21 13:19:44','2024-11-21 13:19:44'),(833,11,152,0,3,'2024-11-21 13:19:44','2024-11-21 13:19:44'),(834,11,150,0,4,'2024-11-21 13:19:44','2024-11-21 13:19:44'),(835,11,151,0,5,'2024-11-21 13:19:44','2024-11-21 13:19:44'),(836,11,146,0,6,'2024-11-21 13:19:44','2024-11-21 13:19:44'),(837,11,145,0,7,'2024-11-21 13:19:44','2024-11-21 13:19:44'),(838,11,147,0,8,'2024-11-21 13:19:44','2024-11-21 13:19:44'),(839,11,141,0,9,'2024-11-21 13:19:44','2024-11-21 13:19:44'),(840,11,153,0,10,'2024-11-21 13:19:44','2024-11-21 13:19:44'),(841,11,143,0,11,'2024-11-21 13:19:44','2024-11-21 13:19:44'),(842,11,142,0,12,'2024-11-21 13:19:44','2024-11-21 13:19:44'),(843,11,144,0,13,'2024-11-21 13:19:44','2024-11-21 13:19:44'),(978,15,297,0,1,'2024-12-24 00:49:02','2024-12-24 00:49:02'),(979,15,279,0,2,'2024-12-24 00:49:02','2024-12-24 00:49:02'),(980,15,290,0,3,'2024-12-24 00:49:02','2024-12-24 00:49:02'),(981,15,298,0,4,'2024-12-24 00:49:02','2024-12-24 00:49:02'),(982,15,299,0,5,'2024-12-24 00:49:02','2024-12-24 00:49:02'),(983,15,291,0,6,'2024-12-24 00:49:02','2024-12-24 00:49:02'),(984,15,296,0,7,'2024-12-24 00:49:02','2024-12-24 00:49:02'),(985,15,300,0,8,'2024-12-24 00:49:02','2024-12-24 00:49:02'),(986,15,278,0,9,'2024-12-24 00:49:02','2024-12-24 00:49:02'),(987,15,301,0,10,'2024-12-24 00:49:02','2024-12-24 00:49:02'),(988,15,292,0,11,'2024-12-24 00:49:02','2024-12-24 00:49:02'),(989,15,280,0,12,'2024-12-24 00:49:02','2024-12-24 00:49:02'),(990,15,281,0,13,'2024-12-24 00:49:02','2024-12-24 00:49:02'),(991,15,282,0,14,'2024-12-24 00:49:02','2024-12-24 00:49:02'),(992,15,283,0,15,'2024-12-24 00:49:02','2024-12-24 00:49:02'),(993,15,284,0,16,'2024-12-24 00:49:02','2024-12-24 00:49:02'),(994,15,285,0,17,'2024-12-24 00:49:02','2024-12-24 00:49:02'),(995,15,286,0,18,'2024-12-24 00:49:02','2024-12-24 00:49:02'),(996,15,295,0,19,'2024-12-24 00:49:02','2024-12-24 00:49:02'),(997,15,287,0,20,'2024-12-24 00:49:02','2024-12-24 00:49:02'),(998,15,289,0,21,'2024-12-24 00:49:02','2024-12-24 00:49:02'),(999,15,293,0,22,'2024-12-24 00:49:02','2024-12-24 00:49:02'),(1000,15,288,0,23,'2024-12-24 00:49:02','2024-12-24 00:49:02'),(1001,15,294,0,24,'2024-12-24 00:49:02','2024-12-24 00:49:02'),(1100,16,306,1,1,'2024-12-24 01:03:28','2024-12-24 01:08:07'),(1101,16,318,0,2,'2024-12-24 01:03:28','2024-12-24 01:03:28'),(1102,16,321,0,3,'2024-12-24 01:03:28','2024-12-24 01:03:28'),(1103,16,302,0,4,'2024-12-24 01:03:28','2024-12-24 01:03:28'),(1104,16,308,0,5,'2024-12-24 01:03:28','2024-12-24 01:03:28'),(1105,16,317,0,6,'2024-12-24 01:03:28','2024-12-24 01:03:28'),(1106,16,311,0,7,'2024-12-24 01:03:28','2024-12-24 01:03:28'),(1107,16,304,0,8,'2024-12-24 01:03:28','2024-12-24 01:03:28'),(1108,16,314,0,9,'2024-12-24 01:03:28','2024-12-24 01:03:28'),(1109,16,319,0,10,'2024-12-24 01:03:28','2024-12-24 01:03:28'),(1110,16,320,0,11,'2024-12-24 01:03:28','2024-12-24 01:03:28'),(1111,16,309,0,12,'2024-12-24 01:03:28','2024-12-24 01:03:28'),(1112,16,307,0,13,'2024-12-24 01:03:28','2024-12-24 01:03:28'),(1113,16,310,0,14,'2024-12-24 01:03:28','2024-12-24 01:03:28'),(1114,16,313,0,15,'2024-12-24 01:03:28','2024-12-24 01:03:28'),(1115,16,305,0,16,'2024-12-24 01:03:28','2024-12-24 01:03:28'),(1116,16,323,0,17,'2024-12-24 01:03:28','2024-12-24 01:03:28'),(1189,18,338,0,1,'2024-12-24 13:47:33','2024-12-24 13:47:33'),(1190,18,339,0,2,'2024-12-24 13:47:33','2024-12-24 13:47:33'),(1191,18,340,0,3,'2024-12-24 13:47:33','2024-12-24 13:47:33'),(1192,18,342,0,4,'2024-12-24 13:47:33','2024-12-24 13:47:33'),(1193,18,341,0,5,'2024-12-24 13:47:33','2024-12-24 13:47:33'),(1194,18,350,0,6,'2024-12-24 13:47:33','2024-12-24 13:47:33'),(1195,18,349,0,7,'2024-12-24 13:47:33','2024-12-24 13:47:33'),(1196,18,348,0,8,'2024-12-24 13:47:33','2024-12-24 13:47:33'),(1197,18,336,0,9,'2024-12-24 13:47:33','2024-12-24 13:47:33'),(1198,18,335,0,10,'2024-12-24 13:47:33','2024-12-24 13:47:33'),(1199,18,347,0,11,'2024-12-24 13:47:33','2024-12-24 13:47:33'),(1200,18,346,0,12,'2024-12-24 13:47:33','2024-12-24 13:47:33'),(1201,18,345,0,13,'2024-12-24 13:47:33','2024-12-24 13:47:33'),(1202,18,344,0,14,'2024-12-24 13:47:33','2024-12-24 13:47:33'),(1203,18,343,0,15,'2024-12-24 13:47:33','2024-12-24 13:47:33'),(1204,17,327,0,1,'2024-12-24 13:47:38','2024-12-24 13:47:38'),(1205,17,326,0,2,'2024-12-24 13:47:38','2024-12-24 13:47:38'),(1206,17,324,0,3,'2024-12-24 13:47:38','2024-12-24 13:47:38'),(1207,17,330,0,4,'2024-12-24 13:47:38','2024-12-24 13:47:38'),(1208,17,328,0,5,'2024-12-24 13:47:38','2024-12-24 13:47:38'),(1209,17,325,0,6,'2024-12-24 13:47:38','2024-12-24 13:47:38'),(1210,17,329,0,7,'2024-12-24 13:47:38','2024-12-24 13:47:38'),(1211,17,332,0,8,'2024-12-24 13:47:38','2024-12-24 13:47:38'),(1212,17,334,0,9,'2024-12-24 13:47:38','2024-12-24 13:47:38'),(1213,17,335,0,10,'2024-12-24 13:47:38','2024-12-24 13:47:38'),(1214,17,331,0,11,'2024-12-24 13:47:38','2024-12-24 13:47:38'),(1215,17,337,0,12,'2024-12-24 13:47:38','2024-12-24 13:47:38'),(1216,17,336,0,13,'2024-12-24 13:47:38','2024-12-24 13:47:38'),(1217,17,333,0,14,'2024-12-24 13:47:38','2024-12-24 13:47:38'),(1219,19,351,0,1,'2024-12-24 13:51:23','2024-12-24 13:51:23'),(1220,19,362,0,2,'2024-12-24 13:51:23','2024-12-24 13:51:23'),(1221,19,353,0,3,'2024-12-24 13:51:23','2024-12-24 13:51:23'),(1222,19,355,0,4,'2024-12-24 13:51:23','2024-12-24 13:51:23'),(1223,19,352,0,5,'2024-12-24 13:51:23','2024-12-24 13:51:23'),(1224,19,354,0,6,'2024-12-24 13:51:23','2024-12-24 13:51:23'),(1225,19,359,0,7,'2024-12-24 13:51:23','2024-12-24 13:51:23'),(1226,19,360,0,8,'2024-12-24 13:51:23','2024-12-24 13:51:23'),(1227,19,356,0,9,'2024-12-24 13:51:23','2024-12-24 13:51:23'),(1228,19,357,0,10,'2024-12-24 13:51:23','2024-12-24 13:51:23'),(1229,19,358,0,11,'2024-12-24 13:51:23','2024-12-24 13:51:23'),(1240,25,380,0,1,'2025-06-09 17:28:22','2025-06-09 17:28:22'),(1241,25,379,0,2,'2025-06-09 17:28:22','2025-06-09 17:28:22');
/*!40000 ALTER TABLE `property_gallery_images` ENABLE KEYS */;
UNLOCK TABLES;

--
-- Table structure for table `property_images`
--

DROP TABLE IF EXISTS `property_images`;
/*!40101 SET @saved_cs_client     = @@character_set_client */;
/*!50503 SET character_set_client = utf8mb4 */;
CREATE TABLE `property_images` (
  `id` int unsigned NOT NULL AUTO_INCREMENT,
  `property_id` bigint unsigned NOT NULL,
  `file_name` varchar(512) CHARACTER SET utf8mb4 COLLATE utf8mb4_unicode_ci NOT NULL,
  `thumb` varchar(255) CHARACTER SET utf8mb4 COLLATE utf8mb4_unicode_ci DEFAULT NULL,
  `small` varchar(255) CHARACTER SET utf8mb4 COLLATE utf8mb4_unicode_ci DEFAULT NULL,
  `created_at` timestamp NULL DEFAULT NULL,
  `updated_at` timestamp NULL DEFAULT NULL,
  PRIMARY KEY (`id`),
  KEY `property_images_property_id_foreign` (`property_id`),
  CONSTRAINT `property_images_property_id_foreign` FOREIGN KEY (`property_id`) REFERENCES `properties` (`id`) ON DELETE CASCADE ON UPDATE RESTRICT
) ENGINE=InnoDB AUTO_INCREMENT=381 DEFAULT CHARSET=utf8mb4 COLLATE=utf8mb4_unicode_ci;
/*!40101 SET character_set_client = @saved_cs_client */;

--
-- Dumping data for table `property_images`
--

LOCK TABLES `property_images` WRITE;
/*!40000 ALTER TABLE `property_images` DISABLE KEYS */;
INSERT INTO `property_images` VALUES (1,1,'property_images/dblupeOmne5aGGGA4pPD3YYtvCDvbQf0R8P1TKM8.jpg','property_images_thumb/back1_1691264765.jpg',NULL,'2023-08-05 19:46:05','2023-08-05 19:46:05'),(2,1,'property_images/rD8NL5DqbHAdZHxbU5wz2ro7QvReO3NoEvSaaody.jpg','property_images_thumb/firepitfront_1691264767.jpg',NULL,'2023-08-05 19:46:07','2023-08-05 19:46:07'),(3,1,'property_images/bsCoZhDXsRjBuyWdSRtE4ShgtPGEtut1ZfK9tPz1.jpg','property_images_thumb/back2_1691264767.jpg',NULL,'2023-08-05 19:46:07','2023-08-05 19:46:07'),(4,1,'property_images/5DN3NZAzj6IVunzwwYz4XoMRt8iTzSeGshxvIUEp.jpg','property_images_thumb/front2_1691264768.jpg',NULL,'2023-08-05 19:46:08','2023-08-05 19:46:08'),(5,1,'property_images/0yjMVaX8xOensCPWNimcdJub5nPmREOMwq9Uw24T.jpg','property_images_thumb/front1_1691264771.jpg',NULL,'2023-08-05 19:46:11','2023-08-05 19:46:11'),(6,1,'property_images/DJ1r8usaa5iRPvMEJ7eEYk0zNmb0umjVFn2vE7t8.jpg','property_images_thumb/front3_1691264772.jpg',NULL,'2023-08-05 19:46:12','2023-08-05 19:46:12'),(7,1,'property_images/imnto1EiNZDVzG1trVFaLgzGySN7wRwIUOmqK02I.jpg','property_images_thumb/longdriveway_1691264772.jpg',NULL,'2023-08-05 19:46:13','2023-08-05 19:46:13'),(8,1,'property_images/4ebzLD8oSHnEnJa1jIEeSAtVFXRgIY1PMwXheYf3.jpg','property_images_thumb/1deck_1691264796.jpg',NULL,'2023-08-05 19:46:37','2023-08-05 19:46:37'),(9,1,'property_images/EPp1awzwNpYEoCUfPZNWcfE40IolH0hNLJ4TZ9RA.jpg','property_images_thumb/2deck_1691264796.jpg',NULL,'2023-08-05 19:46:37','2023-08-05 19:46:37'),(10,1,'property_images/D9njWMRC11S8JAIz63cGl3VGdYl5exmIcMcAHzKZ.jpg','property_images_thumb/5hottub-deck_1691264798.jpg',NULL,'2023-08-05 19:46:38','2023-08-05 19:46:38'),(11,1,'property_images/eYPojASIyhBhGbHNMbHJjd4YiF9EheEdIzSGP9rF.jpg','property_images_thumb/fireplace_1691264798.jpg',NULL,'2023-08-05 19:46:38','2023-08-05 19:46:38'),(17,1,'property_images/lIqmx1FhIoTgBQb0dGS3TnEXpAn0DZIHEgYvfjGv.jpg','property_images_thumb/2_1691274480.jpg',NULL,'2023-08-05 22:28:00','2023-08-05 22:28:00'),(18,1,'property_images/qfNxQTf0poJDGyaZmKYni65nvtvQRnwoaz9GZQEj.jpg','property_images_thumb/1_1691274480.jpg',NULL,'2023-08-05 22:28:00','2023-08-05 22:28:00'),(19,1,'property_images/OkZSTvanrgxELWjzrxyXXkDwYY8lSgTuR9d8pJti.jpg','property_images_thumb/3_1691274481.jpg',NULL,'2023-08-05 22:28:02','2023-08-05 22:28:02'),(20,1,'property_images/BiwhiSEDsLToO4RqRxNUk1p47EiecP0kblUYqCl2.jpg','property_images_thumb/4_1691274482.jpg',NULL,'2023-08-05 22:28:02','2023-08-05 22:28:02'),(21,1,'property_images/40fOCAfqXo2ZxVClLZcNHvsnBASOJ7u25BaMdGzB.jpg','property_images_thumb/5_1691274483.jpg',NULL,'2023-08-05 22:28:03','2023-08-05 22:28:03'),(22,1,'property_images/c0nUT1XZhgOdNyI72qHprYfsM2iEX0FIimUoa0rf.jpg','property_images_thumb/6_1691274483.jpg',NULL,'2023-08-05 22:28:03','2023-08-05 22:28:03'),(23,1,'property_images/wpYPcJMI5EFy4r2Zeg7fcJWsY70NubCK1WNiVm4k.jpg','property_images_thumb/7_1691274484.jpg',NULL,'2023-08-05 22:28:04','2023-08-05 22:28:04'),(24,1,'property_images/w8Vd27tQ0S0rsr8X7LijtsM2zk0OAM0FrdxK6WdW.jpg','property_images_thumb/use_1691274622.jpg',NULL,'2023-08-05 22:30:22','2023-08-05 22:30:22'),(26,1,'property_images/fLDj0lrw2nU8UBE7REfbWmsRxWjodMADaSU3mxne.jpg','property_images_thumb/1_1691275171.jpg',NULL,'2023-08-05 22:39:31','2023-08-05 22:39:31'),(27,1,'property_images/Vrbnto5OgEVDZ8HMtoao16SfqVWlTajXak8pCm9p.jpg','property_images_thumb/2_1691275171.jpg',NULL,'2023-08-05 22:39:31','2023-08-05 22:39:31'),(28,1,'property_images/28hyBIiPMJJYwRUvRvJbtwS80M13mNcTVaha2wDu.jpg','property_images_thumb/2_1691277565.jpg',NULL,'2023-08-05 23:19:26','2023-08-05 23:19:26'),(29,1,'property_images/doBEwQtJ6OijVCctLJmq51CRtXkKrKLAkxhNi2XK.jpg','property_images_thumb/1_1691277566.jpg',NULL,'2023-08-05 23:19:26','2023-08-05 23:19:26'),(30,1,'property_images/H5mJtoTaf5J9gLd6eadlePJt776I8aPNfFxGphOl.jpg','property_images_thumb/3_1691277567.jpg',NULL,'2023-08-05 23:19:27','2023-08-05 23:19:27'),(31,1,'property_images/7NFAYDYNu36yaFOrJZCO1hEYlWpIwMFNfdwoFaFe.jpg','property_images_thumb/4_1691277567.jpg',NULL,'2023-08-05 23:19:27','2023-08-05 23:19:27'),(32,1,'property_images/CAF3TUe9qwYQqdEag74cYl9RLWbqlCwjRGgiVQIa.jpg','property_images_thumb/6_1691277568.jpg',NULL,'2023-08-05 23:19:28','2023-08-05 23:19:28'),(33,1,'property_images/tWI4s888aoEUUPgH5OTyK9GPkSZ4NEDUHO9mzzQc.jpg','property_images_thumb/5_1691277568.jpg',NULL,'2023-08-05 23:19:28','2023-08-05 23:19:28'),(34,1,'property_images/PHEtHh1HUWDM4AXBtx8E2FHLOAynObCYEVKTKfhd.jpg','property_images_thumb/7_1691277569.jpg',NULL,'2023-08-05 23:19:29','2023-08-05 23:19:29'),(35,1,'property_images/HRBFJAMAdOTMUtTTQ8jXOYvXqyqWkGisWdSswtYs.jpg','property_images_thumb/8_1691277569.jpg',NULL,'2023-08-05 23:19:29','2023-08-05 23:19:29'),(36,1,'property_images/alOpypnHBfZudVbGlDnuSzZUc7McLQBhNGdCbqXI.jpg','property_images_thumb/9_1691277570.jpg',NULL,'2023-08-05 23:19:30','2023-08-05 23:19:30'),(37,1,'property_images/vv0lvokNJXoliWpzCPlTjylvEyrq2y3wEWmkvPeP.jpg','property_images_thumb/1_1691277991.jpg',NULL,'2023-08-05 23:26:32','2023-08-05 23:26:32'),(39,1,'property_images/hHexhlca04Up90qMGQBP5XXWFqef0v7VOTMT2FqG.jpg','property_images_thumb/billiard_1691277993.jpg',NULL,'2023-08-05 23:26:33','2023-08-05 23:26:33'),(40,1,'property_images/AbtVo6xobrzwWDC2c2U35V2j5cpPRJsOCfv3oN2w.jpg','property_images_thumb/theater_1691277993.jpg',NULL,'2023-08-05 23:26:33','2023-08-05 23:26:33'),(41,1,'property_images/edNfxt9Rk0IaS45ppohnwhzKldpgn0bTmooS7QDI.jpg','property_images_thumb/pinballUSE_1691278111.jpg',NULL,'2023-08-05 23:28:31','2023-08-05 23:28:31'),(42,1,'property_images/ob2htOKt8vF9qeMZXbOS04Mxpqzf8IvYW0j5az6H.jpg','property_images_thumb/upperhottub_1691280318.jpg',NULL,'2023-08-06 00:05:18','2023-08-06 00:05:18'),(43,1,'property_images/e2Gkc9xmYFORiT5JALeNkJhyK11vasI3QDfPvpnZ.jpg','property_images_thumb/lowerspa_1691280823.jpg',NULL,'2023-08-06 00:13:44','2023-08-06 00:13:44'),(44,1,'property_images/GwE6ticX7JYNOS4WfJnsb3hN7b3nxm39SJiI35qc.jpg','property_images_thumb/lowersteam_1691280824.jpg',NULL,'2023-08-06 00:13:44','2023-08-06 00:13:44'),(45,1,'property_images/gRcB8krjCKzlMMhM80GX2sfZAakOQ30C2gkltBxh.jpg','property_images_thumb/bath_1691280850.jpg',NULL,'2023-08-06 00:14:10','2023-08-06 00:14:10'),(46,1,'property_images/MP3hpXgUTKXt9faBXrIDEwML839E4JWkpQDdcYOo.jpg','property_images_thumb/bedroom1_1691280850.jpg',NULL,'2023-08-06 00:14:10','2023-08-06 00:14:10'),(47,1,'property_images/5NzXL2PmSjzHDudCMGjywfTIddPujauVCdfAWk6t.jpg','property_images_thumb/bedroom2_1691280851.jpg',NULL,'2023-08-06 00:14:11','2023-08-06 00:14:11'),(48,1,'property_images/YOzPI9O3AvWtMhVdiv39o678f3ACgEvZK4leNbAJ.jpg','property_images_thumb/bunk_1691280851.jpg',NULL,'2023-08-06 00:14:12','2023-08-06 00:14:12'),(49,1,'property_images/LXozCfEJXPH6tUGCYWIjv0KsqhB69I38vyXNdxQW.jpg','property_images_thumb/bunkbath_1691280852.jpg',NULL,'2023-08-06 00:14:12','2023-08-06 00:14:12'),(52,1,'property_images/NucFEfWxMVeuuZEwll2uaFEotGGTnpOHqo5f2meo.jpg','property_images_thumb/gar4_1691282711.jpg',NULL,'2023-08-06 00:45:11','2023-08-06 00:45:11'),(57,1,'property_images/SdoneNdPhFH0p8thu05iI9cB67CN0nsdFUNtRmnj.jpg','property_images_thumb/gar8_1691282713.jpg',NULL,'2023-08-06 00:45:14','2023-08-06 00:45:14'),(58,1,'property_images/qSYs2d2GIFtzHTx8wBmikUNzDQENVFI0nDYj8PIi.jpg','property_images_thumb/gar9_1691282714.jpg',NULL,'2023-08-06 00:45:14','2023-08-06 00:45:14'),(59,1,'property_images/N7KuqOoIDmIvbpBwiqumRAeopY5ToEpOiFkYmVG2.jpg','property_images_thumb/gar10_1691282714.jpg',NULL,'2023-08-06 00:45:14','2023-08-06 00:45:14'),(61,1,'property_images/H74ec3UgvlKELCJVCrLungFHGYJUfygE62r0QWFr.jpg','property_images_thumb/gar12_1691282715.jpg',NULL,'2023-08-06 00:45:15','2023-08-06 00:45:15'),(62,1,'property_images/pUOxBKnmWYkneEO25UIrZucJ5tXkLGtDzCeBq6zg.jpg','property_images_thumb/gar13_1691282716.jpg',NULL,'2023-08-06 00:45:16','2023-08-06 00:45:16'),(63,1,'property_images/Dpl9MNH99nEl66ND5EuuLITTQkVMbReAcua6YEiz.jpg','property_images_thumb/gar14_1691282716.jpg',NULL,'2023-08-06 00:45:16','2023-08-06 00:45:16'),(64,1,'property_images/qJIVb83N3HvXO41gWKFS394JEQ59WHIDWO2dzjGs.jpg','property_images_thumb/gar15_1691282717.jpg',NULL,'2023-08-06 00:45:17','2023-08-06 00:45:17'),(68,1,'property_images/JtfJp26XKHYSNPy8RUWJcXYNnyIo4pSpk4J0pscA.jpg','property_images_thumb/garage4_1691282719.jpg',NULL,'2023-08-06 00:45:19','2023-08-06 00:45:19'),(70,1,'property_images/B5Q6kjxs9YdDZwQjAIIaQ8I7oR8GKKdSSoPuBpc8.jpg','property_images_thumb/boat_1691283184.jpg',NULL,'2023-08-06 00:53:04','2023-08-06 00:53:04'),(71,1,'property_images/zVpiSLSqQZBdQjFSTTrqS8EU8eHzro5o7K6SUFh0.jpg','property_images_thumb/newhome_1691284841.jpg',NULL,'2023-08-06 01:20:42','2023-08-06 01:20:42'),(72,1,'property_images/dyBf5JO79sZUJYa9NqY3mYKXHmS4SQMl1aEihsec.jpg','property_images_thumb/boat_1691419982.jpg',NULL,'2023-08-07 14:53:02','2023-08-07 14:53:02'),(73,1,'property_images/iaLMnDdRYBMYOU371d7bEOU1ReqJKz29IDxI5kqA.jpg','property_images_thumb/1_1691419982.jpg',NULL,'2023-08-07 14:53:03','2023-08-07 14:53:03'),(74,1,'property_images/oUv3EmjQjCZv9o5pFDzFP7mWULbxoAE6CRjYW5dO.jpg','property_images_thumb/car2_1691419984.jpg',NULL,'2023-08-07 14:53:04','2023-08-07 14:53:04'),(75,1,'property_images/bvODD8CAmQW1c3H97kzuwkZfjcB7Id6IjTpWFDOq.jpg','property_images_thumb/carlift_1691419984.jpg',NULL,'2023-08-07 14:53:04','2023-08-07 14:53:04'),(76,1,'property_images/w7Cn0RUqxUCt70bUKOYkFIOxmn7lou40tZa5z6qX.jpg','property_images_thumb/carlift2_1691419984.jpg',NULL,'2023-08-07 14:53:05','2023-08-07 14:53:05'),(77,1,'property_images/R9MMKQAQrWN5EBqF8qqyTfVi6VhgpNWTXN5Il8PI.jpg','property_images_thumb/garflat_1691419985.jpg',NULL,'2023-08-07 14:53:05','2023-08-07 14:53:05'),(78,1,'property_images/XmrBJtvhwqyIvKoPz5fbIFF8ttvyNaMb6jNncmYF.jpg','property_images_thumb/lift_1691419986.jpg',NULL,'2023-08-07 14:53:06','2023-08-07 14:53:06'),(79,1,'property_images/tZ3BIAqk82U68jgWHw59DT8nOhskV0rB7rLa582L.jpg','property_images_thumb/lift2_1691419986.jpg',NULL,'2023-08-07 14:53:06','2023-08-07 14:53:06'),(80,1,'property_images/SvyTTfTaHOLw1lhiNvdBCXXLDwfbvn7EfdGPQM8C.jpg','property_images_thumb/lift3_1691419986.jpg',NULL,'2023-08-07 14:53:07','2023-08-07 14:53:07'),(81,1,'property_images/jFSNIs0X3cvUT1peARmfeHphdM3wnrgjBmSSjGrW.jpg','property_images_thumb/Untitled-3_1691419987.jpg',NULL,'2023-08-07 14:53:07','2023-08-07 14:53:07'),(82,1,'property_images/4W1vdtTJVnn0an5jEPm7fzBjrh66YJCrohZNMYlz.jpg','property_images_thumb/Untitled-6_1691419987.jpg',NULL,'2023-08-07 14:53:08','2023-08-07 14:53:08'),(83,1,'property_images/PnlBQnetknk8jwS3xxUZvkeWdfKgOnczTE5G26Vw.jpg','property_images_thumb/Untitled-7_1691419988.jpg',NULL,'2023-08-07 14:53:08','2023-08-07 14:53:08'),(84,1,'property_images/72nYHBRdSz5RVlar0cXgtOwyQPIZNxEr2XeHe9rA.jpg','property_images_thumb/Untitled-8_1691419988.jpg',NULL,'2023-08-07 14:53:09','2023-08-07 14:53:09'),(85,1,'property_images/EUjcSIw2aBJP1vnKiyqfl88WTuAWzpOR1tCk8dtQ.jpg','property_images_thumb/01newlower_1691462153.jpg',NULL,'2023-08-08 02:35:53','2023-08-08 02:35:53'),(86,2,'property_images/GS8hpnGLbLr6VIcXmZZkeOYTYM8SrgCBhKHB7Tkc.jpg','property_images_thumb/gar1_1693272151.jpg',NULL,'2023-08-29 01:22:31','2023-08-29 01:22:31'),(87,2,'property_images/JrwOF5j8ISXAeC2IuDYZVMnVBXX2jL3XHImWsF5z.jpg','property_images_thumb/boat_1693272151.jpg',NULL,'2023-08-29 01:22:31','2023-08-29 01:22:31'),(88,2,'property_images/4MxkKhhLhnAUVv5Ns8NV3vNhUvvLJtj6GWUwy65f.jpg','property_images_thumb/gar2_1693272152.jpg',NULL,'2023-08-29 01:22:32','2023-08-29 01:22:32'),(89,2,'property_images/OrJ2uHiHDNC2WaOSQJYNlKYm1u9r2Hy6G8K1r08D.jpg','property_images_thumb/gar4_1693272152.jpg',NULL,'2023-08-29 01:22:32','2023-08-29 01:22:32'),(90,2,'property_images/z8yyiPeQO4wgBHL0rRyM4zCHR0oH5shylLaqXN1B.jpg','property_images_thumb/gar5_1693272153.jpg',NULL,'2023-08-29 01:22:33','2023-08-29 01:22:33'),(91,2,'property_images/M0HbHjdox4RNAVJ0aDe8EsU1i7xbclmgp63UVeDk.jpg','property_images_thumb/gar6_1693272153.jpg',NULL,'2023-08-29 01:22:33','2023-08-29 01:22:33'),(92,2,'property_images/euI5fXspMDqwXmsoYsQ4afZH5UYSmRae1u9rWbt6.jpg','property_images_thumb/gar8_1693272153.jpg',NULL,'2023-08-29 01:22:33','2023-08-29 01:22:33'),(93,2,'property_images/xW1FXE1TdmCtwG28mKnlofT8prXuUrf2ulWvJ3Oe.jpg','property_images_thumb/gar7_1693272153.jpg',NULL,'2023-08-29 01:22:34','2023-08-29 01:22:34'),(94,2,'property_images/mIdAmYLNWeru2UHkKvZ1CvOGFIg55F7ML4gm0Kqo.jpg','property_images_thumb/gar9_1693272154.jpg',NULL,'2023-08-29 01:22:34','2023-08-29 01:22:34'),(95,2,'property_images/JljCdpmoe6axE0GAtkZTp2TQaVVcCMZLvot7qFJs.jpg','property_images_thumb/gar10_1693272154.jpg',NULL,'2023-08-29 01:22:34','2023-08-29 01:22:34'),(96,2,'property_images/JZr3BDFq2ybm5LPADmNXXzxdGh2g8GszBCWw3DyL.jpg','property_images_thumb/gar12_1693272155.jpg',NULL,'2023-08-29 01:22:35','2023-08-29 01:22:35'),(97,2,'property_images/RCptbIeug3zdQkoiM2TXc1JjjMTevJlJRo5rvvCg.jpg','property_images_thumb/gar11_1693272155.jpg',NULL,'2023-08-29 01:22:35','2023-08-29 01:22:35'),(98,2,'property_images/zHjLiILxyjjWTmTg8YpGpUbvjDnp8eKk4tZ38Qpx.jpg','property_images_thumb/gar14_1693272155.jpg',NULL,'2023-08-29 01:22:36','2023-08-29 01:22:36'),(99,2,'property_images/JEjSm8u486xCXsh6hcZR1Q9GFv1SfSpuRTb3Edy1.jpg','property_images_thumb/gar13_1693272156.jpg',NULL,'2023-08-29 01:22:36','2023-08-29 01:22:36'),(100,2,'property_images/dngnxNH8oe76jFldLeCLXhfAmrdNYls4Nm9SWiDz.jpg','property_images_thumb/gar15_1693272156.jpg',NULL,'2023-08-29 01:22:36','2023-08-29 01:22:36'),(101,2,'property_images/o1Hft6S0frVlY2BqppvjyMQX9IeCfRj286uYez1H.jpg','property_images_thumb/garage1_1693272157.jpg',NULL,'2023-08-29 01:22:37','2023-08-29 01:22:37'),(102,2,'property_images/IOfZ6q4o23EH9cPVyskqgagKCuoJ7DFwMnTu96cg.jpg','property_images_thumb/garage2_1693272157.jpg',NULL,'2023-08-29 01:22:37','2023-08-29 01:22:37'),(103,2,'property_images/6eydYUPmO2Ei07YM5W8h9ykxGV0GnoeDLNVsjNtM.jpg','property_images_thumb/garage4_1693272157.jpg',NULL,'2023-08-29 01:22:38','2023-08-29 01:22:38'),(104,3,'property_images/LHpCghsDK4jFzWGGMrzNXm7r8gmXmeEljGzfhH8A.jpg','property_images_thumb/exteriorfront_1702052853.jpg',NULL,'2023-12-08 16:27:33','2023-12-08 16:27:33'),(105,3,'property_images/G74LvJheEmEmBunw5pCH6VfkHHmx8PNX3DHPlUyN.jpg','property_images_thumb/exteriorbacksnow_1702052853.jpg',NULL,'2023-12-08 16:27:33','2023-12-08 16:27:33'),(106,3,'property_images/1hqowsheLwOTwtxkBs3RubjSAarYgVYiZmjaKx2c.jpg','property_images_thumb/exteriormain2_1702052854.jpg',NULL,'2023-12-08 16:27:35','2023-12-08 16:27:35'),(107,3,'property_images/QTzHwbQqlsvIGhwMDzZoIWKkyXx9pmJ7dqolxvEJ.jpg','property_images_thumb/exteriormain_1702052855.jpg',NULL,'2023-12-08 16:27:35','2023-12-08 16:27:35'),(108,3,'property_images/LNnt4g4zdcKHrkO9S1UR20JHiWVft8KTi69sawgv.jpg','property_images_thumb/exteriorlake_1702052856.jpg',NULL,'2023-12-08 16:27:36','2023-12-08 16:27:36'),(109,3,'property_images/LZaktYtMVYEEwylKvVVftBULEsfCb7UpFQ5iYe90.jpg','property_images_thumb/exteriorback2_1702052856.jpg',NULL,'2023-12-08 16:27:36','2023-12-08 16:27:36'),(110,3,'property_images/HUY83olQ6IughoECNHpOXZdyryhs4muki63DZA3G.jpg','property_images_thumb/deck_1702053464.jpg',NULL,'2023-12-08 16:37:44','2023-12-08 16:37:44'),(111,3,'property_images/auWAG6GMpFIFca0fygGKVUmCknmqjt1oaru5tzgG.jpg','property_images_thumb/deck2_1702053465.jpg',NULL,'2023-12-08 16:37:45','2023-12-08 16:37:45'),(112,3,'property_images/z4a02n8FTBbx4HCWoU7fG2yckUWyvMn5BtBs2iJZ.jpg','property_images_thumb/mainliving_1702053552.jpg',NULL,'2023-12-08 16:39:13','2023-12-08 16:39:13'),(113,3,'property_images/pO1sQQx3tEd84GFz7ol3uUB1dTLWYmVKLuRr1lFK.jpg','property_images_thumb/mainliving_1702053553.jpg',NULL,'2023-12-08 16:39:13','2023-12-08 16:39:13'),(114,3,'property_images/9eBNfREuGxeHAt8j2RhvUwu38itJyAORD88YkyPq.jpg','property_images_thumb/mainliving3_1702053554.jpg',NULL,'2023-12-08 16:39:14','2023-12-08 16:39:14'),(115,3,'property_images/V32HFHsFXzBfl2CebsVamP0qaWojmJRyk253HFPv.jpg','property_images_thumb/mainliving2_1702053554.jpg',NULL,'2023-12-08 16:39:14','2023-12-08 16:39:14'),(116,3,'property_images/90NFkPOLl4Ap9wvtoqX4ayjapqz1S6bduo7bfppA.jpg','property_images_thumb/mainliving4_1702053555.jpg',NULL,'2023-12-08 16:39:15','2023-12-08 16:39:15'),(117,3,'property_images/2hOrxuJMnhqFwzOB5DX1mh8fIe7pd2deKcd9Znge.jpg','property_images_thumb/mainliving5_1702053555.jpg',NULL,'2023-12-08 16:39:15','2023-12-08 16:39:15'),(118,3,'property_images/8QXclPc9gcmoEzItJLxr2ZpHe2q8ifXDgYJqeGPZ.jpg','property_images_thumb/mainliving6_1702053555.jpg',NULL,'2023-12-08 16:39:16','2023-12-08 16:39:16'),(119,3,'property_images/pgdLmnVxbLl1kmSdNoGCbyvecU1p2CQRBytFt1az.jpg','property_images_thumb/mainliving7_1702053556.jpg',NULL,'2023-12-08 16:39:16','2023-12-08 16:39:16'),(120,3,'property_images/r1YqRmUm936WhmLtaTAAM2KFVWFOI7scUw4A2eLI.jpg','property_images_thumb/mainliving8_1702053556.jpg',NULL,'2023-12-08 16:39:16','2023-12-08 16:39:16'),(121,3,'property_images/m9g6v1DQdcHGQ2ZTNnlToCRX6jJObnPQTjW2zdBR.jpg','property_images_thumb/upperbathroom_1702053732.jpg',NULL,'2023-12-08 16:42:13','2023-12-08 16:42:13'),(122,3,'property_images/jKb4HB15m9LwQc3ws1zWEhKMOdgshGlwdArEsNAv.jpg','property_images_thumb/upperbedroom_1702053733.jpg',NULL,'2023-12-08 16:42:13','2023-12-08 16:42:13'),(123,3,'property_images/Q3pJtMo3huB2E7xeilMonHmTR1GqaVWr1VlmyO2L.jpg','property_images_thumb/upperbedroom2_1702053733.jpg',NULL,'2023-12-08 16:42:13','2023-12-08 16:42:13'),(124,3,'property_images/IfLYap1NLL6cHIk5uKHs7MddOt3KysHETZfuox67.jpg','property_images_thumb/upperbedroom3_1702053733.jpg',NULL,'2023-12-08 16:42:13','2023-12-08 16:42:13'),(125,3,'property_images/nYmI3Ir7wdG5XynbasNogQVHwfsUMwt2kBxPpeBF.jpg','property_images_thumb/upperbedroom4_1702053734.jpg',NULL,'2023-12-08 16:42:14','2023-12-08 16:42:14'),(126,3,'property_images/YUteBHaDMMqq3eEWVERyNUEkd2lASlKrin02Lbul.jpg','property_images_thumb/upperbedroom5_1702053735.jpg',NULL,'2023-12-08 16:42:15','2023-12-08 16:42:15'),(127,3,'property_images/syGCRnxHMA9dztCy8bC9MhNXL0zE4okD23qQjUXe.jpg','property_images_thumb/upperbedroom6_1702053735.jpg',NULL,'2023-12-08 16:42:15','2023-12-08 16:42:15'),(128,3,'property_images/amBW97n9XOncBmK6DIF2GZ2ea1xK1TwBfON2165A.jpg','property_images_thumb/upperdeck_1702053736.jpg',NULL,'2023-12-08 16:42:16','2023-12-08 16:42:16'),(129,3,'property_images/0owSje72k7HpDZoSHBv2PZQOzY5PYMJv5msgnhlt.jpg','property_images_thumb/upperdeck2_1702053736.jpg',NULL,'2023-12-08 16:42:16','2023-12-08 16:42:16'),(130,3,'property_images/xrFHDEWePf8mEFJR8Y7mxqqxQ6ckIdLqZYPq3Mhw.jpg','property_images_thumb/upperhottub_1702053737.jpg',NULL,'2023-12-08 16:42:17','2023-12-08 16:42:17'),(131,3,'property_images/IW8gLmDY4O4GEUvoA0GbFVjqi0hFhjpu4ZJQnAu2.jpg','property_images_thumb/upperliving_1702053737.jpg',NULL,'2023-12-08 16:42:17','2023-12-08 16:42:17'),(132,3,'property_images/LsXcHgTiPJmbyKlY9OKdl7j7CC6hpkiGhotldjmh.jpg','property_images_thumb/upperliving2_1702053737.jpg',NULL,'2023-12-08 16:42:18','2023-12-08 16:42:18'),(133,3,'property_images/ltx5qFy6SCzGNmxOicZnEObBkCtugGg2nwR0QCdl.jpg','property_images_thumb/upperliving3_1702053738.jpg',NULL,'2023-12-08 16:42:18','2023-12-08 16:42:18'),(134,3,'property_images/XmEXEIQ5ZoWkmayNlR06URK9dC7o4n7N9hToNsDq.jpg','property_images_thumb/lowerbedroom1_1702053943.jpg',NULL,'2023-12-08 16:45:43','2023-12-08 16:45:43'),(135,3,'property_images/lZ8rSSl2HEuAtrtxxlHWeTnhrq51VFSjIxiKbRzw.jpg','property_images_thumb/lowerbunk_1702053943.jpg',NULL,'2023-12-08 16:45:43','2023-12-08 16:45:43'),(136,3,'property_images/qpQBC3eAcwzNde7Q4b87RHAJBC5QTpjQOpDscE0W.jpg','property_images_thumb/lowergame_1702053944.jpg',NULL,'2023-12-08 16:45:44','2023-12-08 16:45:44'),(137,3,'property_images/0rR0fhzklmFbuTCBFRx0niuzVapqRqVEvXSwKP82.jpg','property_images_thumb/lowerhottub_1702053944.jpg',NULL,'2023-12-08 16:45:44','2023-12-08 16:45:44'),(138,3,'property_images/KMtkVsR6Df1jNDOsbcIxVEGY4vfesaCmGWPyZ70H.jpg','property_images_thumb/lowerliving_1702053945.jpg',NULL,'2023-12-08 16:45:45','2023-12-08 16:45:45'),(139,3,'property_images/vYGssfKpGwQQXQUIP9aX0yv4CHEe9CjCsGgqJ3iC.jpg','property_images_thumb/lowerspa_1702053945.jpg',NULL,'2023-12-08 16:45:45','2023-12-08 16:45:45'),(140,3,'property_images/4CsJ3ByLw4A0rHGotxnTeXYKKI3ATiYeu51s7kwf.jpg','property_images_thumb/lowersteam_1702053946.jpg',NULL,'2023-12-08 16:45:46','2023-12-08 16:45:46'),(141,3,'property_images/d0nvJPkG5oEUXvMuMmhAMXtF0NMkVEIzbKDpuTTS.jpg','property_images_thumb/lowergarage1_1702054197.jpg',NULL,'2023-12-08 16:49:57','2023-12-08 16:49:57'),(142,3,'property_images/88nDsbwetu4F0IGXaW8Z0WmHH8r5nbaQ7CsZOW0I.jpg','property_images_thumb/lowergarage2_1702054197.jpg',NULL,'2023-12-08 16:49:57','2023-12-08 16:49:57'),(143,3,'property_images/SMkcqIcDrNnExpTJnT819pnrRZ9HMNaGblgHTFqP.jpg','property_images_thumb/lowergarage3_1702054198.jpg',NULL,'2023-12-08 16:49:58','2023-12-08 16:49:58'),(144,3,'property_images/q5DvIrvzb5iPrgk3KwlvOEGjSymYKdOICK5NAelB.jpg','property_images_thumb/lowergarage4_1702054198.jpg',NULL,'2023-12-08 16:49:59','2023-12-08 16:49:59'),(145,3,'property_images/vDHtDQaPph6PmN6FpvLkuFJElVVHP6pDO6f4K6cV.jpg','property_images_thumb/lowergarage6_1702054199.jpg',NULL,'2023-12-08 16:50:00','2023-12-08 16:50:00'),(146,3,'property_images/YWaA2mg8ABqaSIp6vReI5b7kMMJAhS5wZDRXCcSV.jpg','property_images_thumb/lowergarage5_1702054200.jpg',NULL,'2023-12-08 16:50:00','2023-12-08 16:50:00'),(147,3,'property_images/UNTbtgnbD46NAxlJpJXIvp21JoLoulPzpq4nGWmd.jpg','property_images_thumb/lowergarage7_1702054201.jpg',NULL,'2023-12-08 16:50:01','2023-12-08 16:50:01'),(148,3,'property_images/GShKDBOt24S0VjnzXW7clglENcjHqHIit46AlTmb.jpg','property_images_thumb/lowergarage8_1702054201.jpg',NULL,'2023-12-08 16:50:01','2023-12-08 16:50:01'),(149,3,'property_images/Yz7EmMxlK4LaYCevtGeyNRI7eW7Lnv2bZuAN1Wm9.jpg','property_images_thumb/lowergarage9use_1702054202.jpg',NULL,'2023-12-08 16:50:02','2023-12-08 16:50:02'),(150,3,'property_images/GmdDel6aQlzJ8ivTINgqJOrvZWudCCXoFulLtxqo.jpg','property_images_thumb/lowergarage10_1702054202.jpg',NULL,'2023-12-08 16:50:02','2023-12-08 16:50:02'),(151,3,'property_images/AebuNKI4D9uM4CUMwu9i7MHsdWQ4qwXXeoC3jFuO.jpg','property_images_thumb/lowergarage11_1702054203.jpg',NULL,'2023-12-08 16:50:03','2023-12-08 16:50:03'),(152,3,'property_images/aikThVK5qLowvEMjpuXoD8WNvL31s4HaqZa9KueQ.jpg','property_images_thumb/lowergarage12_1702054203.jpg',NULL,'2023-12-08 16:50:03','2023-12-08 16:50:03'),(153,3,'property_images/arJ07UtNk9MI6S8mwMhvNjNYcLSD7TUMscu8dd0e.jpg','property_images_thumb/boat_1702226995.jpg',NULL,'2023-12-10 16:49:55','2023-12-10 16:49:55'),(154,3,'property_images/X8J4SzF5p9uV2Zd64UQpmruNH3gtNg5Lln6mpuyN.jpg','property_images_thumb/1_1702311507.jpg',NULL,'2023-12-11 16:18:27','2023-12-11 16:18:27'),(155,3,'property_images/IVZEgXgoLnQMFE0yoNXa9DuHxvzl7P0i4DnAp6wO.jpg','property_images_thumb/10_1702311508.jpg',NULL,'2023-12-11 16:18:28','2023-12-11 16:18:28'),(156,3,'property_images/JWYqAb4KiE6azNOigNirrykq2QPUPWTYAROQ650j.jpg','property_images_thumb/9_1702311509.jpg',NULL,'2023-12-11 16:18:29','2023-12-11 16:18:29'),(157,3,'property_images/uJOHHY3j7PPdEw7xusZ68ZuQGeI8s5dHjvzwggfJ.jpg','property_images_thumb/8_1702311510.jpg',NULL,'2023-12-11 16:18:30','2023-12-11 16:18:30'),(158,3,'property_images/PZthwIrREgeqLyqsUOtfGJ9y0hFHT6BqykBhKKBs.jpg','property_images_thumb/7_1702311512.jpg',NULL,'2023-12-11 16:18:32','2023-12-11 16:18:32'),(159,3,'property_images/5sAB0dWoFRkDZx1Z8C6LWPq4JCDokEKRyaBJADwt.jpg','property_images_thumb/6_1702311512.jpg',NULL,'2023-12-11 16:18:32','2023-12-11 16:18:32'),(160,3,'property_images/IKZUCdDierZbZUKzmKu2V3oxJeRJw76RRHJJ6SIa.jpg','property_images_thumb/4_1702311514.jpg',NULL,'2023-12-11 16:18:34','2023-12-11 16:18:34'),(161,3,'property_images/dWy2XTB6y1brrH1qrETDQd1IRimEOUi3xYCQANmQ.jpg','property_images_thumb/5_1702311514.jpg',NULL,'2023-12-11 16:18:34','2023-12-11 16:18:34'),(162,3,'property_images/JRVY9B9ahcK41yOct8prayMax3lCt7YCz0fUfQzr.jpg','property_images_thumb/3_1702311516.jpg',NULL,'2023-12-11 16:18:36','2023-12-11 16:18:36'),(163,3,'property_images/jvxfbUvQE4a11qG3NLaM3rPFDL8hBZ7HsoDUUCqq.jpg','property_images_thumb/2_1702311516.jpg',NULL,'2023-12-11 16:18:36','2023-12-11 16:18:36'),(164,3,'property_images/7sHqSGZwbPj4F1RSQNXET0qD2XwvK17boJkTW64F.jpg','property_images_thumb/50_1702311619.jpg',NULL,'2023-12-11 16:20:19','2023-12-11 16:20:19'),(165,3,'property_images/hfu2aAY8YQdqByfRjTQh9Fs0r81HHG9va7Asx8iV.jpg','property_images_thumb/11_1702311620.jpg',NULL,'2023-12-11 16:20:21','2023-12-11 16:20:21'),(166,3,'property_images/kUcFglJOiwbc5ubKBIiPlAU6lsrUPX2qu3mAbqMX.jpg','property_images_thumb/45_1702311622.jpg',NULL,'2023-12-11 16:20:22','2023-12-11 16:20:22'),(167,3,'property_images/WFsEaaq43OD27zEM0CeXTKhN7Fd6lLHHSn8aGM4L.jpg','property_images_thumb/41_1702311623.jpg',NULL,'2023-12-11 16:20:23','2023-12-11 16:20:23'),(168,3,'property_images/jg8lDuATEUSnWva3LnOUhrmNHBIZQKO3rB7ZZYxn.jpg','property_images_thumb/40_1702311624.jpg',NULL,'2023-12-11 16:20:24','2023-12-11 16:20:24'),(169,3,'property_images/qKWaPH8zpl2rm2xjl7EBURwsBJMBdtXqt6065Zng.jpg','property_images_thumb/38_1702311624.jpg',NULL,'2023-12-11 16:20:25','2023-12-11 16:20:25'),(170,3,'property_images/f09Rmy3RQuzVRGjwX9Jx01LWgUxlK506W02xewAU.jpg','property_images_thumb/31_1702311625.jpg',NULL,'2023-12-11 16:20:26','2023-12-11 16:20:26'),(171,3,'property_images/RopPwgUjD6SjxdHlFXATxtDesnsA6TejTtKay0gu.jpg','property_images_thumb/30_1702311626.jpg',NULL,'2023-12-11 16:20:26','2023-12-11 16:20:26'),(172,3,'property_images/L7OO3c28LVcmkmVjFiIsd9YDgvgT9bcFrOcXtKL4.jpg','property_images_thumb/28_1702311627.jpg',NULL,'2023-12-11 16:20:27','2023-12-11 16:20:27'),(173,3,'property_images/Z63moVXB62SDnYz9RU4a8XCI0EYaOEACrVQdaeB0.jpg','property_images_thumb/27_1702311628.jpg',NULL,'2023-12-11 16:20:29','2023-12-11 16:20:29'),(174,3,'property_images/75SoT4zCJFyRRBJl38bAOikQ0RJMWhGee7rD2DxB.jpg','property_images_thumb/26_1702311629.jpg',NULL,'2023-12-11 16:20:29','2023-12-11 16:20:29'),(175,3,'property_images/gmFBJ6ZcRaX8PRxelw2TyuqSY93Gsgrq14075nc7.jpg','property_images_thumb/24_1702311631.jpg',NULL,'2023-12-11 16:20:31','2023-12-11 16:20:31'),(176,3,'property_images/xC1E2Lw56VrXBP4UBpCPRn23icb5SUh8LxbBUO0n.jpg','property_images_thumb/23_1702311632.jpg',NULL,'2023-12-11 16:20:32','2023-12-11 16:20:32'),(177,3,'property_images/0wf4rblGWj1HfJX25AG7pwuLuAK00QNeWBsw7bmo.jpg','property_images_thumb/20_1702311632.jpg',NULL,'2023-12-11 16:20:33','2023-12-11 16:20:33'),(178,3,'property_images/4GLOn9PRim8KC8zU1HbGOY7ZSWTLS6MHnAQxsoSv.jpg','property_images_thumb/18_1702311633.jpg',NULL,'2023-12-11 16:20:33','2023-12-11 16:20:33'),(179,3,'property_images/Baw6KGVWDajH2aK8l7fyTmqPYYeirYGCWziiYKBX.jpg','property_images_thumb/17_1702311634.jpg',NULL,'2023-12-11 16:20:34','2023-12-11 16:20:34'),(180,3,'property_images/7qXxxJe7scm1QWqy6pfAYpPRZ9w8YAUfZ2T5Hy3s.jpg','property_images_thumb/16_1702311635.jpg',NULL,'2023-12-11 16:20:35','2023-12-11 16:20:35'),(181,3,'property_images/yt6sUYKjxOLEVrkenCUWZojhtC0EB6PluviKssiy.jpg','property_images_thumb/15_1702311635.jpg',NULL,'2023-12-11 16:20:35','2023-12-11 16:20:35'),(182,3,'property_images/7cOfqDaxdlo7k07tS8Id1iUjJ50nZ6ZzYsuVmuyz.jpg','property_images_thumb/14_1702311636.jpg',NULL,'2023-12-11 16:20:36','2023-12-11 16:20:36'),(183,3,'property_images/KdnwFnKnOEblLt1ETgn1PO5pC6Q7dwB9ZeMynzRk.jpg','property_images_thumb/13_1702311637.jpg',NULL,'2023-12-11 16:20:37','2023-12-11 16:20:37'),(184,3,'property_images/uBHoFT1z4mWrmfYZNOdchFKVAH8wQiXPNLaMA2Oa.jpg','property_images_thumb/kitchen3_1702325847.jpg',NULL,'2023-12-11 20:17:27','2023-12-11 20:17:27'),(185,3,'property_images/pYKNM3Pjv5C5nKKJ4Js6LlC7xdBQAdy9tSizLAZA.jpg','property_images_thumb/kitchen2_1702325847.jpg',NULL,'2023-12-11 20:17:28','2023-12-11 20:17:28'),(186,3,'property_images/0ivwZFqXM4vEbz4SVNSrJSZKwxZV2JCtubcxVve4.jpg','property_images_thumb/kitchen5_1702325849.jpg',NULL,'2023-12-11 20:17:29','2023-12-11 20:17:29'),(187,3,'property_images/cN6jAbF0kdJx5xJZehBNpe8UgMm8HxkjIZOf7fz2.jpg','property_images_thumb/kitchen4_1702325849.jpg',NULL,'2023-12-11 20:17:29','2023-12-11 20:17:29'),(188,3,'property_images/1Hmfgukj8sCFsZJPPjUTExHAYSp6epGJNpepv233.jpg','property_images_thumb/kitchen7_1702325850.jpg',NULL,'2023-12-11 20:17:30','2023-12-11 20:17:30'),(189,3,'property_images/XL9ZzSu8Qj2fKD4EMKBz7FvgxKLa23GVBIBmNWKo.jpg','property_images_thumb/kitchen8_1702325850.jpg',NULL,'2023-12-11 20:17:30','2023-12-11 20:17:30'),(190,3,'property_images/5zLnpXVu5bzzb6R75T6fEvKGUNdrHQVkeqBuHnOz.jpg','property_images_thumb/kitchen10_1702325851.jpg',NULL,'2023-12-11 20:17:31','2023-12-11 20:17:31'),(191,3,'property_images/NzVdm0DZC7qRV5leNxvLwFRrmd2Ux3eWQutAyFOH.jpg','property_images_thumb/kitchen9_1702325851.jpg',NULL,'2023-12-11 20:17:31','2023-12-11 20:17:31'),(192,3,'property_images/zEzPeFFRLDV5Lh2wu9Fr8pLRljws8Ez6uyLm1pY0.jpg','property_images_thumb/WEB-6-Martis-Camp-Realty-Home-581-greatroom_1702328204.jpg',NULL,'2023-12-11 20:56:44','2023-12-11 20:56:44'),(193,3,'property_images/HEpOOHvTVUSpx09EH0rVkdfTGtLBogeBzH79sAgI.jpg','property_images_thumb/WEB-7-Martis-Camp-Realty-Home-581-kitchen_1702328204.jpg',NULL,'2023-12-11 20:56:44','2023-12-11 20:56:44'),(194,3,'property_images/AwWZ3AvORx9OxvhbQiwft8I845O9tiPDBLEM48wP.jpg','property_images_thumb/WEB-8-Martis-Camp-Realty-Home-581-media_1702328206.jpg',NULL,'2023-12-11 20:56:46','2023-12-11 20:56:46'),(195,3,'property_images/4nk8p6YMreI30kbqTNxy3yNE0UDmNZDmjIzkLj4z.jpg','property_images_thumb/WEB-9-Martis-Camp-Realty-Home-581-dining_1702328206.jpg',NULL,'2023-12-11 20:56:46','2023-12-11 20:56:46'),(196,3,'property_images/Wdz7fMAkILn1lQWODtutb5FVWM1RJ5qSc0QDVgZY.jpg','property_images_thumb/WEB-10-Martis-Camp-Realty-Home-581-patio-back-creek_1702328207.jpg',NULL,'2023-12-11 20:56:47','2023-12-11 20:56:47'),(197,3,'property_images/OVSIAojVqechBr8BSJio2rcMvPxat0BZPrXvzLi4.jpg','property_images_thumb/WEB-12-Martis-Camp-Realty-Home-581-patio-back_1702328207.jpg',NULL,'2023-12-11 20:56:47','2023-12-11 20:56:47'),(198,3,'property_images/F1QfNrq3UKSUcCDQDCyPW6yvx3gEblo1xIMaLOJc.jpg','property_images_thumb/WEB-15-Martis-Camp-Realty-Home-581-hottub_1702328208.jpg',NULL,'2023-12-11 20:56:48','2023-12-11 20:56:48'),(200,3,'property_images/mxGpmI7EFdKPobVFfq1FvIQWN2IDN5BftY8UuEhN.jpg','property_images_thumb/WEB-19-Martis-Camp-Realty-Home-581-Gym_1702328209.jpg',NULL,'2023-12-11 20:56:49','2023-12-11 20:56:49'),(201,3,'property_images/CBw2xxFXaufYMjEV7BFAyRNGAsijZMwui6iTgnDl.jpg','property_images_thumb/WEB-16-Martis-Camp-Realty-Home-581-Primary-bedroom_1702328359.jpg',NULL,'2023-12-11 20:59:19','2023-12-11 20:59:19'),(202,3,'property_images/VqlBhCe66BCJFULxTyosQ9HUBR0yJ8bEf58QgJtc.jpg','property_images_thumb/WEB-12-Martis-Camp-Realty-Home-538-Primary-Bath_1702329619.jpg',NULL,'2023-12-11 21:20:19','2023-12-11 21:20:19'),(203,3,'property_images/8WheQuXhi6pM0HNTsJueteiA1MBYrStthuv27KCW.jpg','property_images_thumb/WEB-13-Martis-Camp-Realty-Home-538-Primary-Bed_1702329619.jpg',NULL,'2023-12-11 21:20:20','2023-12-11 21:20:20'),(204,3,'property_images/aGXJj3Rx2cLRXIGkYqyeXdteVKpfimjUlGPzlQNQ.jpg','property_images_thumb/WEB-14-Martis-Camp-Realty-Home-538-office_1702329621.jpg',NULL,'2023-12-11 21:20:21','2023-12-11 21:20:21'),(205,3,'property_images/D0s3Gf2GGCPWqcZ4vPxp3O74iDoTlMAa3R0BgYvl.jpg','property_images_thumb/WEB-15-Martis-Camp-Realty-Home-169-170-primary-suite_1702329621.jpg',NULL,'2023-12-11 21:20:21','2023-12-11 21:20:21'),(206,3,'property_images/o5rG3t3GMad5l3LdCU4NIzEhghcFbSdjiWhbHawQ.jpg','property_images_thumb/WEB-18-Martis-Camp-Realty-Home-538-bath-1_1702329622.jpg',NULL,'2023-12-11 21:20:22','2023-12-11 21:20:22'),(207,3,'property_images/WvjKFI9KfNt4hLTjK3Hx10fjUTEJB7AdQdUP3pJA.jpg','property_images_thumb/WEB-16-Martis-Camp-Realty-Home-581-Primary-bedroom_1702329622.jpg',NULL,'2023-12-11 21:20:22','2023-12-11 21:20:22'),(208,3,'property_images/OCrLKrxhzchlbOrwbJLBRjaJJ1zosy3VdCWhrGKl.jpg','property_images_thumb/WEB-19-Martis-Camp-Home-538-halfbath_1702329623.jpg',NULL,'2023-12-11 21:20:23','2023-12-11 21:20:23'),(209,3,'property_images/5rAUsXQoYGaciPsCOLAVkeSTpjFycrbvSsgqnPAC.jpg','property_images_thumb/WEB-20-Martis-Camp-Realty-Home-538-bunkroom_1702329623.jpg',NULL,'2023-12-11 21:20:23','2023-12-11 21:20:23'),(210,3,'property_images/6uSaac3QTKEbgiB7rizdF5lKe7DXSRneyHVuz7fL.jpg','property_images_thumb/WEB-22-Martis-Camp-Realty-Home-538-bedroom-2_1702329624.jpg',NULL,'2023-12-11 21:20:24','2023-12-11 21:20:24'),(211,3,'property_images/1QR5hQQ0SMyP9iwMjhKKh79DeJ3PwiVkDYQnmTOq.jpg','property_images_thumb/theater_1702395439.jpg',NULL,'2023-12-12 15:37:19','2023-12-12 15:37:19'),(212,24,'property_images/FsvMJQMH3LfcBqghkzswa1VyvX2AW37mfN20uGGS.jpg','property_images_thumb/bedroom%20cabinet_1725561935.jpg',NULL,'2024-09-05 18:45:36','2024-09-05 18:45:36'),(231,1,'property_images/aEuqNjKEluxBkx0OFHoZ5cacUdirRZswlxfa54Dt.jpg','property_images_thumb/hhYcr49dor9qHZIlxKYUKeKIJq1A4p-metaNjA4NzAzMTFfbC5qcGc%3D-.jpg',NULL,'2024-11-20 20:30:59','2024-11-20 20:30:59'),(278,26,'property_images/9r7L69iyThKNZ7RPdmxDnOZij5xmxNPeX7vNKic4.jpg','property_images_thumb/gVUwrF8m4ghHBXxw6GRZjWd5z18k57-metaMSBjb3B5LmpwZw==-.jpg','property_images_small/67af52132751a.jpg','2024-12-23 23:59:29','2025-02-14 14:24:19'),(279,26,'property_images/8Ikdk5LcuERn15sGbz0yYz5TD3ih2hEzPgWRF1cu.jpg','property_images_thumb/c3T2kZjXsOQnJCE8v6tFrVaRsSvsAw-metaMS5qcGc=-.jpg','property_images_small/67af5214ccc78.jpg','2024-12-23 23:59:29','2025-02-14 14:24:20'),(280,26,'property_images/hpi1E6jmoCmqKH1PqjUxsrZ0xUjOa6SlrBRQE2yz.jpg','property_images_thumb/M4TYebwcLk6ZvY7ycdhojhyV0zsvLP-metaMi5qcGc=-.jpg','property_images_small/676ad9595cd22.jpg','2024-12-23 23:59:30','2024-12-24 15:55:05'),(281,26,'property_images/t4jMeNrmOPaha3KWNZO97NMHyr80AcreS4hzzY4x.jpg','property_images_thumb/D87m5uT0HFm1Wlni8NhymuMcGnQpD0-metaMy5qcGc=-.jpg',NULL,'2024-12-23 23:59:30','2024-12-23 23:59:30'),(282,26,'property_images/cYjcFAeOtI7b5EcGav9VVnTaGWr8bt0Wr0RNfCGy.jpg','property_images_thumb/NOVz0IvLPdRwIsnNXpcpiMvpL5I6zy-metaM3NpZGVzaG90XzI1MDAuanBn-.jpg',NULL,'2024-12-23 23:59:31','2024-12-23 23:59:31'),(283,26,'property_images/VaPFlMBWmPOiR6GhiKngD9C9VUf3bnT1sJTuXW7Q.jpg','property_images_thumb/8YO9FhRxrnoHj7mIgx1Orx77Kr93Ej-metaNC5qcGc=-.jpg','property_images_small/676ad96632699.jpg','2024-12-23 23:59:32','2024-12-24 15:55:18'),(284,26,'property_images/i7KgyrHuKLqlJYadHRLC9BmsQkQOfh0MLkxADXKn.jpg','property_images_thumb/azrMSFpJxkCoBbG2iNHspT3JHmPJA3-metabWFydGlzLWNhbXAtcHJpdmF0ZS1za2ktY29ubmVjdGlvbi1nYWxsZXJ5LTAwNS5qcGc=-.jpg',NULL,'2024-12-23 23:59:54','2024-12-23 23:59:54'),(285,26,'property_images/QhlYoGkzop5Tk1pqDAlGEve4UbyZXtAdViArEJ2r.jpg','property_images_thumb/I2DTKX3oOixMtdobT6gN7hfIKCUJRt-metabWFydGlzLWNhbXAtcHJpdmF0ZS1za2ktY29ubmVjdGlvbi1nYWxsZXJ5LTAxMC5qcGc=-.jpg',NULL,'2024-12-23 23:59:55','2024-12-23 23:59:55'),(286,26,'property_images/tSg1s0FzirP9e6SHVrZR5TW7MulgGVIhtIOZvaE5.jpg','property_images_thumb/9LKz2qmFTYVuzFzxfXNWJGB9lyorhz-metaYmFjay5qcGVn-.jpeg',NULL,'2024-12-24 00:00:56','2024-12-24 00:00:56'),(287,26,'property_images/XCK4gAbOExWngOsBdzQjlL5WEEtt9M6eSDzXeZ2v.jpg','property_images_thumb/lcMLACBUeYEVsZXHk4If4NNEOhPK7h-metaYmFjazIuanBlZw==-.jpeg',NULL,'2024-12-24 00:00:57','2024-12-24 00:00:57'),(288,26,'property_images/Wp9ubvUvlXeNTXfWLcrEtluS7n4NtALDWpK5aWW4.jpg','property_images_thumb/1gfJXqfqF4vcF6MMbHD9Go9rpmFXEI-metaYmFjazMuanBlZw==-.jpeg',NULL,'2024-12-24 00:00:58','2024-12-24 00:00:58'),(289,26,'property_images/nrhW7ISioNs9yKGvE0wt25kcj6X5msq8kgoRTeBd.jpg','property_images_thumb/NOGrxnCstQn9Ivk8NwnU3hXwl2mbWv-metaZGVjazEuanBn-.jpg',NULL,'2024-12-24 00:00:58','2024-12-24 00:00:58'),(290,26,'property_images/R80dTcDFLZecJHoABnOH2K33tTXXBUqZ9FDWqafy.jpg','property_images_thumb/Ur0Uig5V3jlCA2cU0JVTarM2rmPISZ-metaZnJvbnQyLmpwZw==-.jpg',NULL,'2024-12-24 00:00:59','2024-12-24 00:00:59'),(291,26,'property_images/Aphhra0vsHPUxrjCvWeT8LgDAPwZBfFYpcDIhXPP.jpg','property_images_thumb/cHC5JWCaUwSXrdbofslcaWPQHy1yyR-metaZnJvbnRkb29yLmpwZw==-.jpg',NULL,'2024-12-24 00:01:00','2024-12-24 00:01:00'),(292,26,'property_images/HNYKutiGiuJTvMNapWFwURPV5hUIpwPbhl0zTdBN.jpg','property_images_thumb/csXiCDzRtP2J9yfiwcDXd1n9pLPY9F-metaZnJvbnRkb29yMi5qcGc=-.jpg',NULL,'2024-12-24 00:01:00','2024-12-24 00:01:00'),(293,26,'property_images/gyetTXGcapvxsQx2G7mfuP4tvr3DTu7z3ExtRV8e.jpg','property_images_thumb/ZLK5sURLdZJJvbLxkBvoVy91Pi78iQ-metaY2x1Yi1jbHBvb2wuanBn-.jpg','property_images_small/67af52229eb7f.jpg','2024-12-24 00:01:36','2025-02-14 14:24:34'),(294,26,'property_images/SGRqA4uP2r4SsFh3ejEHpnS26EDPFJcorNQsk9pH.jpg','property_images_thumb/ovUQAWcqDTTYl6hsl59QTdkspX84gL-metaY2x1Yi1wdXR0aW5ncGFyazE4LmpwZw==-.jpg','property_images_small/67af522471dec.jpg','2024-12-24 00:01:36','2025-02-14 14:24:36'),(295,26,'property_images/t0SuubWQBdmO9dYnldkjmmNFAD0mIohDeySxDUgx.jpg','property_images_thumb/M7OGRIbscsbfqN5nyWD6Fko7Nk6yDj-metaUm93XzNfTUNfRXhwcmVzc19MaWZ0LmpwZw==-.jpg',NULL,'2024-12-24 00:01:36','2024-12-24 00:01:36'),(296,26,'property_images/T9EkVIAFM55aFVbjeyol6bkYsmAsJBf3TVN8DoJZ.jpg','property_images_thumb/mXoYawTGjBwZqdWyL35cv6XKlIIK2N-metaQWRvYmVTdG9ja182NDQ0MDM1OTNfMjUwMC5qcGc=-.jpg',NULL,'2024-12-24 00:02:10','2024-12-24 00:02:10'),(297,26,'property_images/e1zqAKPmX61XOBDfgF4DfDo6iAfTMq0WueF3M33A.jpg','property_images_thumb/dVqgQ4eOhopc636ChtI1EPuLjtsXvh-metaQWRvYmVTdG9ja182NTAxODczMjlfMjUwMC5qcGc=-.jpg',NULL,'2024-12-24 00:02:10','2024-12-24 00:02:10'),(298,26,'property_images/3li1xfK9x2kVKQtGNXZIaXUKmStTvfhOoI0MSz3p.jpg','property_images_thumb/JZA2wh7xF18TTN2N6tFcsiSRKZuOYB-metaQWRvYmVTdG9ja182NjA0NDE1MTRfMjUwMC5qcGc=-.jpg',NULL,'2024-12-24 00:02:11','2024-12-24 00:02:11'),(299,26,'property_images/8VTMsahvgySmMQwtKFIb7OOJgsOFMDhi94k4VuVB.jpg','property_images_thumb/Se9tp4NQzRrz8pbZHOhu1wGqChxnCA-metac2lkZS5qcGc=-.jpg',NULL,'2024-12-24 00:03:53','2024-12-24 00:03:53'),(300,26,'property_images/cOzkhjw2psuBYkS50ZSCOpyfEtZDoKReA1EbNAae.jpg','property_images_thumb/4tVpq2gB20J4e3xNBVxHiMqfJryF9K-metac2lkZXNob3QyXzI1MDAuanBn-.jpg',NULL,'2024-12-24 00:03:54','2024-12-24 00:03:54'),(301,26,'property_images/V0XVDB3M24RGD9vCqKs3lZPLCVyAYmUFK8xlyDb7.jpg','property_images_thumb/39JxdCztDSdzxLlmNpcaKSJBRvsybp-metac2tpLmpwZw==-.jpg',NULL,'2024-12-24 00:03:54','2024-12-24 00:03:54'),(302,26,'property_images/W1l2EdFjViGZnxN6NLS2NTVFYk9jlZrYPGvMFCN1.jpg','property_images_thumb/EkY7Tco8eMlLQ40D5fwIS4skQqtXz4-metaQWRvYmVTdG9ja185MTk2NjY3ODIuanBlZw==-.jpeg','property_images_small/676ad2902b00d.jpg','2024-12-24 00:47:07','2024-12-24 15:26:08'),(303,26,'property_images/NUfTSYiJClFz5x9v6xbXdB1yHfyduKCOGht27379.jpg','property_images_thumb/pZ0ecPPLktbepUJVdO2EPXv1ktnfuP-metaQWRvYmVTdG9ja185MTk2NjY3ODIuanBn-.jpg','property_images_small/676ad4a19abfd.jpg','2024-12-24 00:47:08','2024-12-24 15:34:57'),(304,26,'property_images/FEJ9NrciqmRGeTwMhl5ZsQ75CURmJ6DbrvHzevhv.jpg','property_images_thumb/XFrAxCNlzBoJNzeitre01E56IDsWeM-metaQWRvYmVTdG9ja185Mjc2MzAwNjcuanBlZw==-.jpeg','property_images_small/676ad4db5a20e.jpg','2024-12-24 00:47:09','2024-12-24 15:35:55'),(305,26,'property_images/B2q4EaQaQF1SkJNWGNkfwC0Pix2B66WeVMNFLkha.jpg','property_images_thumb/EkqoGtBgkXDbwBwuOQ5HYoPoQKLCYF-metaQWRvYmVTdG9ja185ODk4NzA0MjMuanBlZw==-.jpeg',NULL,'2024-12-24 00:47:11','2024-12-24 00:47:11'),(306,26,'property_images/0Xg2xqHomthSyJBuLZpHK7f5aIMluxfa8tjiXPH9.jpg','property_images_thumb/GSXpTSudfLrHd1IOF4foXhJETrSnJ6-metaQWRvYmVTdG9ja18xMDExNDQ4NDQyLmpwZWc=-.jpeg','property_images_small/676ad5dec090f.jpg','2024-12-24 00:47:12','2024-12-24 15:40:14'),(307,26,'property_images/nAo9oS1MbUsSfstmBGiYyTtMMvHMwIxSjYz2XXC1.jpg','property_images_thumb/5hEW2VjrlZd6OyxyaU9FE1LGZ4BU9y-metaQWRvYmVTdG9ja18xMDM2MDMwOTY4LmpwZWc=-.jpeg',NULL,'2024-12-24 00:47:14','2024-12-24 00:47:14'),(308,26,'property_images/Uc5ByKqNb6XdGI3QYx9fgG8A182BGNsQJJINSJDF.jpg','property_images_thumb/9bbbMkhFcobDKWKm0TUMqNmwLPtwIM-metaQWRvYmVTdG9ja18xMDY5NDg0NDYyLmpwZWc=-.jpeg','property_images_small/676ad2c4a7ce5.jpg','2024-12-24 00:47:15','2024-12-24 15:27:00'),(309,26,'property_images/MgCBk4H0WJhamn4n21mQ0oFR1hFRxflzS5OV7h9f.jpg','property_images_thumb/CJvSOZQexUOig8D1kfsdBR7cb9Bvzn-metaYmVkcm9vbTMuanBn-.jpg',NULL,'2024-12-24 00:47:16','2024-12-24 00:47:16'),(310,26,'property_images/oeQi0bZK9bxJUA4Ec18eq8o5sFgLrjgApYc9o4r4.jpg','property_images_thumb/AmqpZlR7PIT7YD42yQPktv2qsx4OoW-metaYmVkcm9vbTQuanBn-.jpg',NULL,'2024-12-24 00:47:16','2024-12-24 00:47:16'),(311,26,'property_images/BJ6HgbsxmNbfjNi5u85K7ADHab4lKPgDbzXm1GdI.jpg','property_images_thumb/cPoMhI80y9WF6P9i4h28erNXq9q4tu-metaRmlyZWZseSBibGFjayBjaGVmcyBraXRjaGVuIGx1eHVyeSBtb3VudGFpbiBob21lIGluIHNub3cgNTQ2NTYuanBn-.jpg','property_images_small/676ad2e631bd3.jpg','2024-12-24 00:47:17','2024-12-24 15:27:34'),(312,26,'property_images/ZO5MakSswt5v9GepFTWGwTIZT6OVHwZ5nqHi8VEo.jpg','property_images_thumb/Lr9NLKIr5QeN5STKPhDLp6x3kAlYY2-metaRmlyZWZseSBsYXJnZSBibGFjayBnb3VybWV0IGtpdGNoZW4gY2FiaW5ldHMgMjEwNTcuanBn-.jpg',NULL,'2024-12-24 00:47:17','2024-12-24 00:47:17'),(313,26,'property_images/T5AV0Ar136OgYJ1tP0K8Zv2RYLETU16PUjldxEQe.jpg','property_images_thumb/BABdqYfLfwXUmj5j5BuiYygowdoLJJ-metaRmlyZWZseSBsdXh1cnkgbW91bnRhaW4gaG9tZSBtb2Rlcm4gYmF0aHJvb20gODAwOTAuanBn-.jpg',NULL,'2024-12-24 00:47:18','2024-12-24 00:47:18'),(314,26,'property_images/rUTX6Hny7dITWKNmhTzEBLmwKMqtec4wdv4kWjsQ.jpg','property_images_thumb/93f1BwXm5QJ942YwbuSJRtafc0oawo-metaRmlyZWZseSBtb3VudGFpbiBsdXh1cnkgaG9tZSBraXRjaGVuIHdpbmRvd3Mgc25vdyA5NDk1MC5qcGc=-.jpg','property_images_small/676ad514d98c7.jpg','2024-12-24 00:47:18','2024-12-24 15:36:52'),(315,26,'property_images/zjS9ro7ZNX4ler1a8mWdTswtVSKUEyvSWv35G3KQ.jpg','property_images_thumb/RRi34Bx0OZQ7Tz2zNs0DUCFh7XSnEE-metaRmlyZWZseSB3aW50ZXIgc25vdyBvdXRzaWRlIG9ubHkuIFdoaXRlIGFuZCBibGFjayBtYXJibGUgYmFyIHRvcCBhbmQgYmFja3NwbGFzaC4gVmlldyBmcm9tIHRoZSB3aW5kby5qcGc=-.jpg',NULL,'2024-12-24 00:47:18','2024-12-24 00:47:18'),(316,26,'property_images/y9Fd9DvHclBFQoz57ofaVZXMOGqUOT1f9ZT3an9b.jpg','property_images_thumb/3ydEPxpJQBsq6ZRLRNcmiDe6TZHHYH-metaa2l0Y2hlbjEuanBn-.jpg',NULL,'2024-12-24 00:47:19','2024-12-24 00:47:19'),(317,26,'property_images/fKpTokntZ0jpBDDbTBwEzzUJedtDrWQ635eh8Ti3.jpg','property_images_thumb/7Dncd1dNnahCTfGObYDVDGEMOFtmEk-metaa2l0Y2hlbjIuanBn-.jpg','property_images_small/676ad50478c2b.jpg','2024-12-24 00:47:20','2024-12-24 15:36:36'),(318,26,'property_images/CrDgVMhzlelqpgvADLmRYnUkaWtQzpVOT5zhdj6F.jpg','property_images_thumb/BlX993TwLS8DpYaL5yFcOu6jfltEAj-metaTGl2aW5nX3Jvb20uanBn-.jpg','property_images_small/676ad5f91a290.jpg','2024-12-24 00:47:20','2024-12-24 15:40:41'),(319,26,'property_images/OdBAj5DysskN4aIoIZYIO4oAApiQiebxpSrjgomH.jpg','property_images_thumb/vDtiPEAjqAQmvqLmI9pPPfs7umbgBd-metabGF1bmRyeS5qcGc=-.jpg','property_images_small/676ad60372a4d.jpg','2024-12-24 00:53:52','2024-12-24 15:40:51'),(320,26,'property_images/yGJMcqgRv7pcxCsSlIb6zcwqYX8I3xAWSsat8pHC.jpg','property_images_thumb/RXcNefFDu5M6hfTpSCjjwQgzMexu18-metaRmlyZWZseSBleGVyY2lzZSByb29tIGluIGx1eHVyeSBtb3VudGFpbiBob21lIHdpdGggc25vdyBvdXRzaWRlIG9uIHRyZWUgdG9wcyA4Nzc5NS5qcGc=-.jpg',NULL,'2024-12-24 00:54:09','2024-12-24 00:54:09'),(321,26,'property_images/6F4LU4wgqMSjMlsv6KV352pJABree3uR4sYDRjpz.jpg','property_images_thumb/9qT4gfaKNIpSaRQ4CiNb1rKsvLAZio-metaRmlyZWZseSBsYXJnZSBiZWRyb29tIHNub3cgZmlyZXBsYWNlIDg0ODI0LmpwZw==-.jpg','property_images_small/676ad5a2a1d06.jpg','2024-12-24 00:57:49','2024-12-24 15:39:14'),(322,26,'property_images/aGX2XdBbtIJKoZhXF2CzoCqZsR6c36BtcZmvW26S.jpg','property_images_thumb/YAfr4EA82J8KKs3bMTB11JbgCg2HpD-metaQWRvYmVTdG9ja18xMDk5Njc5NTAzLmpwZWc=-.jpeg','property_images_small/676ac894150fb.jpg','2024-12-24 01:02:26','2024-12-24 14:43:32'),(323,26,'property_images/GwXhPh9oCSPqhYOZZCRPgF0WGnZDbbkopok0xoI3.jpg','property_images_thumb/dE1QisccpSYky1krOKAIcjRCnd2MN2-metaRmlyZWZseSBtb2Rlcm4gbHV4dXJ5IG1vdW50YWluIGhvbWUgcGFudHJ5IHdpdGggYSB2aWV3IG9mIHNub3d5IG1vdW50YWlucyAxMTk0MC5qcGc=-.jpg',NULL,'2024-12-24 01:02:26','2024-12-24 01:02:26'),(324,26,'property_images/OLx1RrOEPj1SlPQrT6xwt2s54QNfaGkeN9hu3yk6.jpg','property_images_thumb/a54A9U8f8VFoYl7W9n4L1F0F9S8Acb-metaQWRvYmVTdG9ja18xMDYzMjI2MjU1LmpwZWc=-.jpeg','property_images_small/676acb0fb2638.jpg','2024-12-24 01:04:33','2024-12-24 14:54:07'),(325,26,'property_images/e5KZc5nfgmtutLKoUQdtN4jAgfUeTTv0vJpqNah6.jpg','property_images_thumb/6nW1YW32XcSRRTOCUKgCcVbBY2ctQw-metaQWRvYmVTdG9ja18xMDk5Njc5NTAzLmpwZWc=-.jpeg',NULL,'2024-12-24 01:04:34','2024-12-24 01:04:34'),(326,26,'property_images/XPGtm8rPxMhIx9gSHb5qjIJafUzsG8QKALQAJoJI.jpg','property_images_thumb/dgpqnIMyiqmXMYrELhU9ezQKxxIDwr-metaRmlyZWZseSBtb2Rlcm4gbHV4dXJ5IG1vdW50YWluIGhvbWUgcGFudHJ5IHdpdGggYSB2aWV3IG9mIHNub3d5IG1vdW50YWlucyAxMTk0MC5qcGc=-.jpg','property_images_small/676acbfd953d3.jpg','2024-12-24 01:04:35','2024-12-24 14:58:05'),(327,26,'property_images/i0RRHUrOnV7J2IuribUyIe6PJ3btiWE4lh6AWd6n.jpg','property_images_thumb/PR4xIKb4hX3N5SACuVThEHQUrXZ8KH-metaRmlyZWZseSBjb21mb3J0YWJsZSBob21lIHRoZWF0ZXIgcm9vbSA3NDgyMC5qcGc=-.jpg','property_images_small/676aca0e1f85a.jpg','2024-12-24 01:04:58','2024-12-24 14:49:50'),(328,26,'property_images/OUrnnzDt82fjl5BhS70ojrQkwxBzFXEaWUGxBBBD.jpg','property_images_thumb/DgH24R3kcplQnGrkAtNXQQi2rZz82B-metaRmlyZWZseSBsYXJnZSBsdXh1cnkgbW91bnRhaW4gaG9tZSBtb2Rlcm4gcmVjcmVhdGlvbiByb29tIHZhdWx0IGNlaWxpbmdzIDU0MTc2LmpwZw==-.jpg','property_images_small/676aca35ef8e3.jpg','2024-12-24 01:04:59','2024-12-24 14:50:30'),(329,26,'property_images/eOq9cMLShE2fmiB1l977o8ZVPqV26GyEToIPS9eB.jpg','property_images_thumb/dxBBQBbAf4RJaBkLZh83iGjIkMh4KT-metaRmlyZWZseSBsdXh1cnkgbW91bnRhaW4gaG9tZSBkZWNrIHNub3cgNDczMDguanBn-.jpg','property_images_small/676aca9b58b9c.jpg','2024-12-24 01:05:00','2024-12-24 14:52:11'),(330,26,'property_images/8XKA1SWk5k5jLwvuMs5UaW8jLJKnlAHL36qvncti.jpg','property_images_thumb/UuixaawgeUDNMFfjPUjn8RBQnb8e55-metaRmlyZWZseSBsdXh1cnkgbW91bnRhaW4gaG9tZSBtb2Rlcm4gaW5kb29yIGJhciBmaXJlcGxhY2Ugc25vdyAyNzY1Ny5qcGc=-.jpg','property_images_small/676acbdb6a922.jpg','2024-12-24 01:05:00','2024-12-24 14:57:31'),(331,26,'property_images/WghjNlZMMbkVBUp6y3IOY3nrCFxCnrDNfqDa0eEb.jpg','property_images_thumb/Zq0Vz1reUcKUOY5kqI2nQF5CNtlKcJ-metaRmlyZWZseSBsdXh1cnkgbW91bnRhaW4gaG9tZSBtb2Rlcm4gc3BhIHJvb20gNzcwMC5qcGc=-.jpg','property_images_small/676acb2fe6a71.jpg','2024-12-24 01:05:01','2024-12-24 14:54:39'),(332,26,'property_images/iwdOhu6mOwX25eEWPM3j9ZEMIv0f0LRLmITmKemQ.jpg','property_images_thumb/n2vsUdcA3jY7D7Aeb352m3vcf9xArv-metaRmlyZWZseSBsdXh1cnkgbW91bnRhaW4gaG9tZSBtb2Rlcm4gd2luZSBjZWxsYXIgc25vdyA3NzE4My5qcGc=-.jpg','property_images_small/676acb5135a67.jpg','2024-12-24 01:05:01','2024-12-24 14:55:13'),(333,26,'property_images/h7dhj6LaXGgAI17LbFKkGLmgSWTDKcjFKkcPVIWZ.jpg','property_images_thumb/FicH5oRnPN7kB7gvvaAuoF0XkZPgWS-metaRmlyZWZseSBsdXh1cnkgbW91bnRhaW4gaG9tZSBvZmZpY2Ugd2l0aCBzbm93IG91dHNpZGUgMjU1MTQuanBn-.jpg',NULL,'2024-12-24 01:05:02','2024-12-24 01:05:02'),(334,26,'property_images/t79UARDWGGN2am1x2iCXInbFwCgWN27lHM3L3fPA.jpg','property_images_thumb/L0oYJdZp39GDZ3lEH1sl8zOSBhYDGd-metaRmlyZWZseSBsdXh1cnkgbW91bnRhaW4gaG9tZSBzbm93IGV4ZXJjaXNlIHJvb20gNDI2MDYuanBn-.jpg','property_images_small/676acb61834ee.jpg','2024-12-24 01:05:03','2024-12-24 14:55:29'),(335,26,'property_images/oVFiIYsXWbWLBr7dtcSa3onz12ScJntC4zYfEMba.jpg','property_images_thumb/aX7AImDIDGo13lZkgF0KKalzsfxaaB-metaRmlyZWZseSBsdXh1cnkgbW91bnRhaW4gbWFzdGVyIHN1aXRlIHdpdGggc25vdyBvdXRzaWRlIGF0IGR1c2sgd2l0aCBzdG9uZSBmaXJlcGxhY2UgOTEyMjkuanBn-.jpg',NULL,'2024-12-24 01:05:03','2024-12-24 01:05:03'),(336,26,'property_images/f584zNN3rdkGWNOcOjncFp3Ebj8MKlrffscWUHxt.jpg','property_images_thumb/61Nh8qZ5jc43HFlXNZb44Raciy8g6K-metaRmlyZWZseSBsdXh1cnkgbW91bnRhaW4gcmVjcmVhdGlvbiByb29tIHdpdGggcG9vbCB0YWJsZSBhbmQgYXJjYWRlIHdpdGggc25vdyBvdXRzaWRlIDM4NzQ2LmpwZw==-.jpg','property_images_small/676acad04cc5a.jpg','2024-12-24 01:05:04','2024-12-24 14:53:04'),(337,26,'property_images/4dP6UT7NT3THmytGlraq05Hj6LJDcM7kA4RQiIsm.jpg','property_images_thumb/owD6Ut9o3SaVDnpPwkogZ4NQVevUKA-metaRmlyZWZseSBNb3VudGFpbiBsdXh1cnkgYmF0aHJvb20uIFNub3cgaW4gc21hbGxlciBzaG9ydCB3aW5kb3cuIEF0IGR1c2sgOTQ4MTIuanBn-.jpg','property_images_small/676ac9fa3f2db.jpg','2024-12-24 01:05:04','2024-12-24 14:49:30'),(338,26,'property_images/eo9KbizzChalixYPhNsziqAcUyrDHmSeDytooU0g.jpg','property_images_thumb/ni3HBE5TLRVmd5JeiqzVntKtxx2ATJ-metaRmlyZWZseSBsdXh1cnkgbW91bnRhaW4ga2l0Y2hlbiBpbiBibGFjayB3aXRoIHNub3cgaW4gdHJlZXMgODIzNzEuanBn-.jpg',NULL,'2024-12-24 01:20:52','2024-12-24 01:20:52'),(339,26,'property_images/weTjmSUqaPfOCJmt0szGOZOPrnB76Oo8gyT4VXV6.jpg','property_images_thumb/8JnkGDy4tnPVnurXYutVnxIQCxbCG3-metaYmVkcm9vbS5qcGc=-.jpg',NULL,'2024-12-24 01:21:39','2024-12-24 01:21:39'),(340,26,'property_images/k2q1Ij6TJV68LdNDZUNCRD06prA5dfEx12JFpHBT.jpg','property_images_thumb/AgcP0e0xUI734VE21dTwXAvKhALlnl-metaYmVkcm9vbTIuanBn-.jpg',NULL,'2024-12-24 01:21:39','2024-12-24 01:21:39'),(341,26,'property_images/ElbqXstL1pIdkiKdKKROR80tKYm3YXRG69R3vfKX.jpg','property_images_thumb/ZQrebYbQVmxYSLvcyOmWahrOsesIeG-metaYmVkcm9vbTUuanBn-.jpg',NULL,'2024-12-24 01:21:40','2024-12-24 01:21:40'),(342,26,'property_images/4MgRmGztT23JDgbmD0D5sbeE7tm3PVVxAPfkKrmV.jpg','property_images_thumb/1R5DVrt04dQYXb2IFyxIwgMLbUaFrQ-metaRmlyZWZseSBsYXJnZSBiZWRyb29tIHNub3cgZmlyZXBsYWNlIDg0ODI0LmpwZw==-.jpg',NULL,'2024-12-24 01:21:40','2024-12-24 01:21:40'),(343,26,'property_images/9YdjO3Qp40M2z9Rem12eL9rBozGVKbGxwJUIo07M.jpg','property_images_thumb/DPAJoRhIK9JvcMY6tJJCgdlvrlS1Vp-metaRmlyZWZseSBsdXh1cnkgbW91bnRhaW4gaG9tZSBtb2Rlcm4gcmVjcmVhdGlvbiByb29tIHNub3cgcG9vbCB0YWJsZSBhcmNhZGUgOTA0NDAuanBn-.jpg',NULL,'2024-12-24 01:21:41','2024-12-24 01:21:41'),(344,26,'property_images/EmjKwtZik47WwULrodrHsodWhajIPEGcOlomhTSj.jpg','property_images_thumb/2raxZF7aMOVVk1ECDHP55i5hkRpiiZ-metaRmlyZWZseSBsdXh1cnkgbW91bnRhaW4gaG9tZSBzbm93IDMxMzYuanBn-.jpg',NULL,'2024-12-24 01:21:41','2024-12-24 01:21:41'),(345,26,'property_images/2HfmD6y1vlfVuQXJrX0rC09eUik8icKcbdYLjZcU.jpg','property_images_thumb/VdACeSqQqrzlePgK52G7fwrNfj7OTo-metaRmlyZWZseSBsdXh1cnkgbW91bnRhaW4gaG9tZSBzbm93IDk1MDA0LmpwZw==-.jpg',NULL,'2024-12-24 01:21:42','2024-12-24 01:21:42'),(346,26,'property_images/7HrEmPveBI53k84rg4PtzmSFxj1y66qSjAd9JMHn.jpg','property_images_thumb/nTXkEEJdBfXsPycWYKcRpSY1wnh2CL-metaRmlyZWZseSBsdXh1cnkgbW91bnRhaW4gaG9tZSBzbm93IGF0IGR1c2sgNDI2OS5qcGc=-.jpg',NULL,'2024-12-24 01:21:42','2024-12-24 01:21:42'),(347,26,'property_images/t3dCHqohenNP28thRplwsbXGqP0AmQ7UC0A2rTZq.jpg','property_images_thumb/cd3BBcO1z5QkWj8AzXOCIRmMwDPsuJ-metaRmlyZWZseSBsdXh1cnkgbW91bnRhaW4gbWFzdGVyIHN1aXRlIHdpdGggc25vdyBvdXRzaWRlIGF0IGR1c2sgNzMwMjUoMykuanBn-.jpg',NULL,'2024-12-24 01:21:43','2024-12-24 01:21:43'),(348,26,'property_images/kHqh3LDECn0FSG4QB1EasFUBgRQmlkZjKZVK9me9.jpg','property_images_thumb/QIyQneYGAzHDC63SMIsHbWsaQbw2ti-metaRmlyZWZseSBsdXh1cnkgbW91bnRhaW4gcmVjcmVhdGlvbiByb29tIHdpdGggc25vdyBvdXRzaWRlIDI4NTEzLmpwZw==-.jpg',NULL,'2024-12-24 01:21:43','2024-12-24 01:21:43'),(349,26,'property_images/825BHkHV3cbzbYe5UJpKQEyPSEHdQUkTaTHi8oOP.jpg','property_images_thumb/Ht48U1g64ws0zW7qvs40mpXZZ9nMoa-metaRmlyZWZseSBsdXh1cnkgbW91bnRhaW4gcm9vbSBidW5rIGJlZHMgc25vdyBvdXRzaWRlIGFuZCBzdG9uZSBlbGVjdHJpYyBmaXJlcGxhY2Ugd2l0aCByZWNlc3NlZCBsaWdodCgxKS5qcGc=-.jpg','property_images_small/676ac9b11031f.jpg','2024-12-24 01:21:44','2024-12-24 14:48:17'),(350,26,'property_images/Sdihbe65dW0ZeTJh5QGxwiEg3kFdvuDAPr374Vov.jpg','property_images_thumb/LbSPujNpwGbdYmvs2OtLYd5I4FXpzP-metaRmlyZWZseSBtb3VudGFpbiBsdXh1cnkgaG9tZSBvdXRkb29yIGtpdGNoZW4gY292ZXJlZCB3aXRoIHNub3cgMjI4MTguanBn-.jpg',NULL,'2024-12-24 01:21:44','2024-12-24 01:21:44'),(351,26,'property_images/mB1nRAQWqXOgrtb8BhBrSUvpWd15rjJzueYVCb8G.jpg','property_images_thumb/2ZTgwJYKUlsgsd8t87Mae4TmqhB8l7-metaRmlyZWZseSBsdXh1cnkgbW91bnRhaW4gbG9kZ2Ugd2l0aCB0aHJlZSBzdG9yeSBnYXJhZ2UgYmFybiB3aXRoIDQgZ2FyYWdlIGRvb3JzIHBoYW50b20gY2FyIGxpZnRlZCB1cC5qcGc=-.jpg',NULL,'2024-12-24 13:49:18','2024-12-24 13:49:18'),(352,26,'property_images/nHmGpWulAwMZ7cb0E82wmXUnwD47toHnl73yybnb.jpg','property_images_thumb/XLWPNMtlUudVrkyZEEm56ZSSs4jQ1Y-metaZ2FyYWdlMS5qcGc=-.jpg',NULL,'2024-12-24 13:49:19','2024-12-24 13:49:19'),(353,26,'property_images/QhYoajoOEGKvtmhrmW3XYESMat59LCk5W15lCGUy.jpg','property_images_thumb/tE8xFqfpgjrfonWHaxKFE9h2rxGuic-metaZ2FyYWdlMXVzZS5qcGc=-.jpg',NULL,'2024-12-24 13:49:19','2024-12-24 13:49:19'),(354,26,'property_images/iIfusjyszX19qwgcbQzbULgjN7oPDSSRiUfKhMdv.jpg','property_images_thumb/JAasAL0UT6czNkhvWORerClyjF6XGV-metaZ2FyYWdlMi5qcGc=-.jpg',NULL,'2024-12-24 13:49:20','2024-12-24 13:49:20'),(355,26,'property_images/NRrhrzNMtHib2F2dmDryp8PhYzawy7wg4mWU0Nu4.jpg','property_images_thumb/FJdJCVLiO8gvh2qkdSLU3tH1PaJeax-metaZ2FyYWdlMy5qcGc=-.jpg',NULL,'2024-12-24 13:49:21','2024-12-24 13:49:21'),(356,26,'property_images/Q6uDw9tqPqSoIFneEDHHcJxBcw6o0eNLprZTmvHe.jpg','property_images_thumb/YS9XCaoxc3VBqt7bvPAsHyPZw2qE1x-metaZ2FyYWdlNC5qcGc=-.jpg',NULL,'2024-12-24 13:49:21','2024-12-24 13:49:21'),(357,26,'property_images/3JRMM37wJja6CbHv3vZjAjA2VPuNvhfgh05SY8bj.jpg','property_images_thumb/fi0VbDqFGS5PRNwdXhsC2jgaeKWONP-metaZ2FyYWdlNS5qcGc=-.jpg',NULL,'2024-12-24 13:49:22','2024-12-24 13:49:22'),(358,26,'property_images/HdaAieM7zpVcDKFPVOQ4yj89XGSIOLefVO67T8MV.jpg','property_images_thumb/Sfxj5ZlTn1qz5ALon79f4GOqGyuVBq-metaZ2FyYWdlNi5qcGc=-.jpg',NULL,'2024-12-24 13:49:22','2024-12-24 13:49:22'),(359,26,'property_images/RWlTiUS4canW0cBPyxpek654myRZ1umNpX1LfiIf.jpg','property_images_thumb/a40sME20awonhj2JjjE2k8rlWn905s-metaZ2FyYWdlNy5qcGc=-.jpg',NULL,'2024-12-24 13:49:23','2024-12-24 13:49:23'),(360,26,'property_images/NmOWgfUx4KMY6iTcPPTxmBR1S4o9xGGk25sufj1y.jpg','property_images_thumb/EYevCaxbIPAwGxSsUU9UbJtWqJtRxN-metaZ2FyYWdlOC5qcGc=-.jpg',NULL,'2024-12-24 13:49:24','2024-12-24 13:49:24'),(361,26,'property_images/iBv9svMXkyNbQtPxMzDvLB2Fss8YMjpfrTy2GOuh.jpg','property_images_thumb/tIfmvLEj0D0Yl1IXrvEkEQ7SJyuyzg-metaZ2FyYWdlOS5qcGc=-.jpg',NULL,'2024-12-24 13:49:24','2024-12-24 13:49:24'),(362,26,'property_images/LFsFQso6vDriKNfMi6o6S4Cla0LfVN5G2M74VEoa.jpg','property_images_thumb/EDeZdqss6oIwnJPeZhDw7DSY1kq918-metaZ2FyYWdlMTAuanBn-.jpg',NULL,'2024-12-24 13:49:25','2024-12-24 13:49:25'),(363,26,'property_images/cWu5D7uhoVqx64OuzKEFtwmLafEBvVFQtE0g7cUQ.jpg','property_images_thumb/kPuMhFl5dOKXhZUZvGf2vA9qnN0NCs-metabGlicmFyeS5qcGVn-.jpeg','property_images_small/676ad936e6e0f.jpg','2024-12-24 15:53:24','2024-12-24 15:54:31'),(365,35,'property_images/gIVFEptjPVOIueYfwse3CC5fsMpmVKHzg8oFnTP7.jpg','property_images_thumb/D6qJYSIPqs4JauB8meN1JKefhQoI9v-metaYmVkcm9vbS5qcGc=-.jpg',NULL,'2025-01-29 01:58:41','2025-01-29 01:58:41'),(370,51,'property_images/9AMTz8wkAdiKedeMtJ0WuRPMcmXND1KPYuVaitL0.png','property_images_thumb/gj559JJJZrwIQXGXXtVP3ksMB53Y2r-metaZG93bmxvYWQucG5n-.png',NULL,'2025-03-02 19:28:49','2025-03-02 19:28:49'),(377,59,'0','property_images_thumb/2XwRzu1AoFzMRRKtg8KfRhM3LwC0VO-metadTc0ODI5OTI5NjhfaHR0cHNzLm1qLnJ1blRja25IRUExSUNvX2FfYmVhdXRpZnVsX2RyYW1hdGljX292ZXJoXzVmZDE3ODhjLTgwYmMtNDc1Zi05MWZiLTZjMmY3Zjk1ZjI2OC5wbmc=-.png',NULL,'2025-04-30 19:00:43','2025-04-30 19:00:43'),(379,23,'property_images/mqlEInCdSpJayVrT9kXzQt5l7MuSsLYOk7Md4ICZ.png','property_images_thumb/tts8herhmmKyORgZW8xb8h6JenfUcG-metaMTA4MHgxMzUwLnBuZw==-.png',NULL,'2025-06-09 17:25:55','2025-06-09 17:25:55'),(380,23,'property_images/Iv8A2J4IPzKJh70VhReZk87xgYi2Xbn6wAqtzVPB.jpg','property_images_thumb/tezZTwZtElVFSp2hqdv5TmJ3Fu2oJn-metaaW1hZ2VzICgxKS5qcGc=-.jpg',NULL,'2025-06-09 17:26:44','2025-06-09 17:26:44');
/*!40000 ALTER TABLE `property_images` ENABLE KEYS */;
UNLOCK TABLES;

--
-- Table structure for table `property_matterport`
--

DROP TABLE IF EXISTS `property_matterport`;
/*!40101 SET @saved_cs_client     = @@character_set_client */;
/*!50503 SET character_set_client = utf8mb4 */;
CREATE TABLE `property_matterport` (
  `id` int unsigned NOT NULL AUTO_INCREMENT,
  `property_id` bigint unsigned NOT NULL,
  `matterport_url` varchar(500) CHARACTER SET utf8mb4 COLLATE utf8mb4_unicode_ci NOT NULL,
  `created_at` timestamp NULL DEFAULT NULL,
  `updated_at` timestamp NULL DEFAULT NULL,
  PRIMARY KEY (`id`),
  KEY `property_matterport_property_id_foreign` (`property_id`),
  CONSTRAINT `property_matterport_property_id_foreign` FOREIGN KEY (`property_id`) REFERENCES `properties` (`id`) ON DELETE CASCADE
) ENGINE=InnoDB AUTO_INCREMENT=8 DEFAULT CHARSET=utf8mb4 COLLATE=utf8mb4_unicode_ci;
/*!40101 SET character_set_client = @saved_cs_client */;

--
-- Dumping data for table `property_matterport`
--

LOCK TABLES `property_matterport` WRITE;
/*!40000 ALTER TABLE `property_matterport` DISABLE KEYS */;
INSERT INTO `property_matterport` VALUES (1,1,'https://my.matterport.com/show/?m=ZFSNF6SuXPQ&epik=dj0yJnU9MWM4a0pDX3JTeWdMcmJ1RnhEendWSW5RVzd0T2FIYTkmcD0wJm49eGZiOHhZaFJvU3Zlbjl2TVppQUZaUSZ0PUFBQUFBR1NMTlJR','2023-08-05 20:54:06','2023-08-05 20:54:06'),(2,3,'https://my.matterport.com/show/?m=ZFSNF6SuXPQ&epik=dj0yJnU9MWM4a0pDX3JTeWdMcmJ1RnhEendWSW5RVzd0T2FIYTkmcD0wJm49eGZiOHhZaFJvU3Zlbjl2TVppQUZaUSZ0PUFBQUFBR1NMTlJR','2023-12-08 16:58:51','2023-12-08 16:58:51'),(3,26,'https://my.matterport.com/show/?m=ZFSNF6SuXPQ&epik=dj0yJnU9MWM4a0pDX3JTeWdMcmJ1RnhEendWSW5RVzd0T2FIYTkmcD0wJm49eGZiOHhZaFJvU3Zlbjl2TVppQUZaUSZ0PUFBQUFBR1NMTlJR','2024-12-14 15:35:38','2024-12-14 15:35:38');
/*!40000 ALTER TABLE `property_matterport` ENABLE KEYS */;
UNLOCK TABLES;

--
-- Table structure for table `property_slider`
--

DROP TABLE IF EXISTS `property_slider`;
/*!40101 SET @saved_cs_client     = @@character_set_client */;
/*!50503 SET character_set_client = utf8mb4 */;
CREATE TABLE `property_slider` (
  `id` bigint unsigned NOT NULL AUTO_INCREMENT,
  `property_id` bigint unsigned NOT NULL,
  `image_id` int NOT NULL,
  `created_at` timestamp NULL DEFAULT NULL,
  `updated_at` timestamp NULL DEFAULT NULL,
  PRIMARY KEY (`id`)
) ENGINE=InnoDB AUTO_INCREMENT=17 DEFAULT CHARSET=utf8mb4 COLLATE=utf8mb4_general_ci;
/*!40101 SET character_set_client = @saved_cs_client */;

--
-- Dumping data for table `property_slider`
--

LOCK TABLES `property_slider` WRITE;
/*!40000 ALTER TABLE `property_slider` DISABLE KEYS */;
INSERT INTO `property_slider` VALUES (7,3,107,'2024-11-02 13:28:45','2024-11-02 13:28:45'),(8,3,105,'2024-11-02 13:28:45','2024-11-02 13:28:45'),(9,3,108,'2024-11-02 13:28:45','2024-11-02 13:28:45'),(10,3,117,'2024-11-02 13:28:45','2024-11-02 13:28:45'),(11,3,110,'2024-11-02 13:28:45','2024-11-02 13:28:45'),(12,49,368,'2025-02-11 22:51:53','2025-02-11 22:51:53'),(13,49,369,'2025-02-11 22:51:53','2025-02-11 22:51:53'),(14,54,371,'2025-03-13 23:48:57','2025-03-13 23:48:57'),(15,54,372,'2025-03-13 23:48:57','2025-03-13 23:48:57'),(16,55,373,'2025-03-14 00:07:35','2025-03-14 00:07:35');
/*!40000 ALTER TABLE `property_slider` ENABLE KEYS */;
UNLOCK TABLES;

--
-- Table structure for table `property_videos`
--

DROP TABLE IF EXISTS `property_videos`;
/*!40101 SET @saved_cs_client     = @@character_set_client */;
/*!50503 SET character_set_client = utf8mb4 */;
CREATE TABLE `property_videos` (
  `id` bigint unsigned NOT NULL AUTO_INCREMENT,
  `property_id` bigint unsigned NOT NULL,
  `title` varchar(100) CHARACTER SET utf8mb4 COLLATE utf8mb4_unicode_ci DEFAULT NULL,
  `file_name` varchar(100) CHARACTER SET utf8mb4 COLLATE utf8mb4_unicode_ci DEFAULT NULL,
  `video_type` varchar(255) CHARACTER SET utf8mb4 COLLATE utf8mb4_unicode_ci DEFAULT NULL,
  `video_url` varchar(255) CHARACTER SET utf8mb4 COLLATE utf8mb4_unicode_ci DEFAULT NULL,
  `featured` tinyint(1) NOT NULL DEFAULT '0',
  `main_video` tinyint(1) NOT NULL DEFAULT '0',
  `active` tinyint(1) NOT NULL DEFAULT '0',
  `created_at` timestamp NULL DEFAULT NULL,
  `updated_at` timestamp NULL DEFAULT NULL,
  PRIMARY KEY (`id`),
  KEY `property_videos_property_id_foreign` (`property_id`),
  CONSTRAINT `property_videos_property_id_foreign` FOREIGN KEY (`property_id`) REFERENCES `properties` (`id`) ON DELETE CASCADE
) ENGINE=InnoDB AUTO_INCREMENT=41 DEFAULT CHARSET=utf8mb4 COLLATE=utf8mb4_unicode_ci;
/*!40101 SET character_set_client = @saved_cs_client */;

--
-- Dumping data for table `property_videos`
--

LOCK TABLES `property_videos` WRITE;
/*!40000 ALTER TABLE `property_videos` DISABLE KEYS */;
INSERT INTO `property_videos` VALUES (2,1,NULL,NULL,'Vimeo','https://vimeo.com/843895447?share=copy',0,0,0,'2023-08-05 20:55:11','2023-09-22 20:09:32'),(5,1,NULL,NULL,'Vimeo','https://vimeo.com/843895447?share=copy',1,1,0,'2023-09-18 19:32:03','2023-09-22 20:09:32'),(22,23,NULL,NULL,'Vimeo','https://vimeo.com/893058072',0,1,0,'2024-07-18 13:53:27','2024-11-12 19:01:27'),(23,23,NULL,NULL,'Vimeo','https://vimeo.com/893058072',1,0,0,'2024-07-18 13:54:08','2024-11-12 19:01:27'),(24,24,NULL,NULL,'YouTube','https://youtu.be/ai68gh0FjLw?si=nEi6TOz909nRDdU4',0,0,0,'2024-09-05 18:46:57','2024-09-05 18:46:57'),(25,3,NULL,NULL,'Vimeo','https://vimeo.com/893058072',0,1,0,'2024-10-28 03:00:30','2024-11-05 14:21:12'),(35,26,NULL,NULL,'Vimeo','https://vimeo.com/1035230717',1,1,0,'2024-12-18 03:24:38','2024-12-18 03:24:51');
/*!40000 ALTER TABLE `property_videos` ENABLE KEYS */;
UNLOCK TABLES;

--
-- Table structure for table `sessions`
--

DROP TABLE IF EXISTS `sessions`;
/*!40101 SET @saved_cs_client     = @@character_set_client */;
/*!50503 SET character_set_client = utf8mb4 */;
CREATE TABLE `sessions` (
  `id` varchar(255) CHARACTER SET utf8mb4 COLLATE utf8mb4_unicode_ci NOT NULL,
  `user_id` bigint unsigned DEFAULT NULL,
  `ip_address` varchar(45) CHARACTER SET utf8mb4 COLLATE utf8mb4_unicode_ci DEFAULT NULL,
  `user_agent` text CHARACTER SET utf8mb4 COLLATE utf8mb4_unicode_ci,
  `payload` longtext CHARACTER SET utf8mb4 COLLATE utf8mb4_unicode_ci NOT NULL,
  `last_activity` int NOT NULL,
  PRIMARY KEY (`id`),
  KEY `sessions_user_id_index` (`user_id`),
  KEY `sessions_last_activity_index` (`last_activity`)
) ENGINE=InnoDB DEFAULT CHARSET=utf8mb4 COLLATE=utf8mb4_unicode_ci;
/*!40101 SET character_set_client = @saved_cs_client */;

--
-- Dumping data for table `sessions`
--

LOCK TABLES `sessions` WRITE;
/*!40000 ALTER TABLE `sessions` DISABLE KEYS */;
/*!40000 ALTER TABLE `sessions` ENABLE KEYS */;
UNLOCK TABLES;

--
-- Table structure for table `states`
--

DROP TABLE IF EXISTS `states`;
/*!40101 SET @saved_cs_client     = @@character_set_client */;
/*!50503 SET character_set_client = utf8mb4 */;
CREATE TABLE `states` (
  `state_id` bigint unsigned NOT NULL AUTO_INCREMENT,
  `code` char(2) CHARACTER SET utf8mb4 COLLATE utf8mb4_unicode_ci NOT NULL,
  `name` varchar(100) CHARACTER SET utf8mb4 COLLATE utf8mb4_unicode_ci NOT NULL,
  `created_at` timestamp NULL DEFAULT NULL,
  `updated_at` timestamp NULL DEFAULT NULL,
  PRIMARY KEY (`state_id`)
) ENGINE=InnoDB AUTO_INCREMENT=76 DEFAULT CHARSET=utf8mb4 COLLATE=utf8mb4_unicode_ci;
/*!40101 SET character_set_client = @saved_cs_client */;

--
-- Dumping data for table `states`
--

LOCK TABLES `states` WRITE;
/*!40000 ALTER TABLE `states` DISABLE KEYS */;
INSERT INTO `states` VALUES (1,'AL','Alabama','2022-10-06 00:28:44','2022-10-06 00:28:44'),(2,'AK','Alaska','2022-10-06 00:28:45','2022-10-06 00:28:45'),(3,'AB','Alberta','2022-10-06 00:28:45','2022-10-06 00:28:45'),(4,'AS','American Samoa','2022-10-06 00:28:45','2022-10-06 00:28:45'),(5,'AZ','Arizona','2022-10-06 00:28:45','2022-10-06 00:28:45'),(6,'AR','Arkansas','2022-10-06 00:28:45','2022-10-06 00:28:45'),(7,'BC','British Columbia','2022-10-06 00:28:45','2022-10-06 00:28:45'),(8,'CA','California','2022-10-06 00:28:45','2022-10-06 00:28:45'),(9,'PW','Caroline ISLANDS','2022-10-06 00:28:45','2022-10-06 00:28:45'),(10,'CO','Colorado','2022-10-06 00:28:45','2022-10-06 00:28:45'),(11,'CT','Conneticut','2022-10-06 00:28:45','2022-10-06 00:28:45'),(12,'DE','Delaware','2022-10-06 00:28:45','2022-10-06 00:28:45'),(13,'DC','District of Columbia','2022-10-06 00:28:45','2022-10-06 00:28:45'),(14,'FM','Federated State','2022-10-06 00:28:45','2022-10-06 00:28:45'),(15,'FL','Florida','2022-10-06 00:28:45','2022-10-06 00:28:45'),(16,'GA','Georgia','2022-10-06 00:28:45','2022-10-06 00:28:45'),(17,'GU','Guam','2022-10-06 00:28:45','2022-10-06 00:28:45'),(18,'HI','Hawaii','2022-10-06 00:28:45','2022-10-06 00:28:45'),(19,'ID','Idoha','2022-10-06 00:28:45','2022-10-06 00:28:45'),(20,'IL','Illinois','2022-10-06 00:28:46','2022-10-06 00:28:46'),(21,'IN','Indiana','2022-10-06 00:28:46','2022-10-06 00:28:46'),(22,'IA','Iowa','2022-10-06 00:28:46','2022-10-06 00:28:46'),(23,'KS','Kansas','2022-10-06 00:28:46','2022-10-06 00:28:46'),(24,'KY','Kentucky','2022-10-06 00:28:46','2022-10-06 00:28:46'),(25,'LA','Lousiana','2022-10-06 00:28:46','2022-10-06 00:28:46'),(26,'ME','Maine','2022-10-06 00:28:46','2022-10-06 00:28:46'),(27,'MB','Manitoba','2022-10-06 00:28:46','2022-10-06 00:28:46'),(28,'MP','Mariana Islands','2022-10-06 00:28:46','2022-10-06 00:28:46'),(29,'MH','Marshall Islands','2022-10-06 00:28:46','2022-10-06 00:28:46'),(30,'MD','Maryland','2022-10-06 00:28:46','2022-10-06 00:28:46'),(31,'MA','Massachusetts','2022-10-06 00:28:46','2022-10-06 00:28:46'),(32,'MI','Illmichiganinois','2022-10-06 00:28:46','2022-10-06 00:28:46'),(33,'MN','Minnesota','2022-10-06 00:28:46','2022-10-06 00:28:46'),(34,'MS','Mississippi','2022-10-06 00:28:46','2022-10-06 00:28:46'),(35,'MO','Missouri','2022-10-06 00:28:46','2022-10-06 00:28:46'),(36,'MT','Montana','2022-10-06 00:28:46','2022-10-06 00:28:46'),(37,'NE','Nebraska','2022-10-06 00:28:46','2022-10-06 00:28:46'),(38,'NV','Nevada','2022-10-06 00:28:46','2022-10-06 00:28:46'),(39,'NB','New Brunswick','2022-10-06 00:28:46','2022-10-06 00:28:46'),(40,'NH','New Hampshire','2022-10-06 00:28:46','2022-10-06 00:28:46'),(41,'NJ','New Jersey','2022-10-06 00:28:46','2022-10-06 00:28:46'),(42,'NM','New Mexico','2022-10-06 00:28:47','2022-10-06 00:28:47'),(43,'NY','New York','2022-10-06 00:28:47','2022-10-06 00:28:47'),(44,'NF','Newfoundland','2022-10-06 00:28:47','2022-10-06 00:28:47'),(45,'NC','North Carlolina','2022-10-06 00:28:47','2022-10-06 00:28:47'),(46,'ND','North Dakota','2022-10-06 00:28:47','2022-10-06 00:28:47'),(47,'NT','Northwest Territories','2022-10-06 00:28:47','2022-10-06 00:28:47'),(48,'NS','Nova Scotia','2022-10-06 00:28:47','2022-10-06 00:28:47'),(49,'NU','Nunavut','2022-10-06 00:28:47','2022-10-06 00:28:47'),(50,'OH','Ohio','2022-10-06 00:28:47','2022-10-06 00:28:47'),(51,'OK','Oklahoma','2022-10-06 00:28:47','2022-10-06 00:28:47'),(52,'ON','Ontario','2022-10-06 00:28:47','2022-10-06 00:28:47'),(53,'OR','Oregon','2022-10-06 00:28:47','2022-10-06 00:28:47'),(54,'PA','Pennsylvania','2022-10-06 00:28:47','2022-10-06 00:28:47'),(55,'PE','Prince Edward Island','2022-10-06 00:28:47','2022-10-06 00:28:47'),(56,'PR','Puerto Rica','2022-10-06 00:28:47','2022-10-06 00:28:47'),(57,'PQ','Quebec','2022-10-06 00:28:48','2022-10-06 00:28:48'),(58,'RI','Rhode Island','2022-10-06 00:28:48','2022-10-06 00:28:48'),(59,'SK','Saskatchewan','2022-10-06 00:28:48','2022-10-06 00:28:48'),(60,'SC','South Carolina','2022-10-06 00:28:48','2022-10-06 00:28:48'),(61,'SD','South Dakota','2022-10-06 00:28:48','2022-10-06 00:28:48'),(62,'TN','Tennessee','2022-10-06 00:28:48','2022-10-06 00:28:48'),(63,'TX','Texas','2022-10-06 00:28:48','2022-10-06 00:28:48'),(64,'UT','Utah','2022-10-06 00:28:48','2022-10-06 00:28:48'),(65,'VT','Vermont','2022-10-06 00:28:48','2022-10-06 00:28:48'),(66,'VI','Virgin Islands','2022-10-06 00:28:48','2022-10-06 00:28:48'),(67,'VA','Virginia','2022-10-06 00:28:48','2022-10-06 00:28:48'),(68,'WA','Washington','2022-10-06 00:28:48','2022-10-06 00:28:48'),(69,'WV','West Virgania','2022-10-06 00:28:48','2022-10-06 00:28:48'),(70,'WI','Wisconsin','2022-10-06 00:28:48','2022-10-06 00:28:48'),(71,'WY','Wyoming','2022-10-06 00:28:49','2022-10-06 00:28:49'),(72,'YT','Yukon Territory','2022-10-06 00:28:49','2022-10-06 00:28:49'),(73,'AE','Armed Forces - EUROPE','2022-10-06 00:28:49','2022-10-06 00:28:49'),(74,'AA','Armed Forces - AMERICAS','2022-10-06 00:28:49','2022-10-06 00:28:49'),(75,'AP','Armed Forces - PACIFIC','2022-10-06 00:28:49','2022-10-06 00:28:49');
/*!40000 ALTER TABLE `states` ENABLE KEYS */;
UNLOCK TABLES;

--
-- Table structure for table `subscriptions`
--

DROP TABLE IF EXISTS `subscriptions`;
/*!40101 SET @saved_cs_client     = @@character_set_client */;
/*!50503 SET character_set_client = utf8mb4 */;
CREATE TABLE `subscriptions` (
  `id` bigint unsigned NOT NULL AUTO_INCREMENT,
  `agent_id` bigint unsigned NOT NULL,
  `name` varchar(255) CHARACTER SET utf8mb4 COLLATE utf8mb4_unicode_ci DEFAULT NULL,
  `stripe_id` varchar(255) CHARACTER SET utf8mb4 COLLATE utf8mb4_unicode_ci DEFAULT NULL,
  `stripe_status` varchar(255) CHARACTER SET utf8mb4 COLLATE utf8mb4_unicode_ci DEFAULT NULL,
  `stripe_price` varchar(255) CHARACTER SET utf8mb4 COLLATE utf8mb4_unicode_ci DEFAULT NULL,
  `quantity` int DEFAULT NULL,
  `start_date` timestamp NULL DEFAULT NULL,
  `current_period_end` timestamp NULL DEFAULT NULL,
  `ends_at` timestamp NULL DEFAULT NULL,
  `created_at` timestamp NULL DEFAULT NULL,
  `updated_at` timestamp NULL DEFAULT NULL,
  PRIMARY KEY (`id`),
  UNIQUE KEY `subscriptions_stripe_id_unique` (`stripe_id`),
  KEY `subscriptions_agent_id_foreign` (`agent_id`),
  CONSTRAINT `subscriptions_agent_id_foreign` FOREIGN KEY (`agent_id`) REFERENCES `agents` (`id`) ON DELETE CASCADE
) ENGINE=InnoDB AUTO_INCREMENT=22 DEFAULT CHARSET=utf8mb4 COLLATE=utf8mb4_unicode_ci;
/*!40101 SET character_set_client = @saved_cs_client */;

--
-- Dumping data for table `subscriptions`
--

LOCK TABLES `subscriptions` WRITE;
/*!40000 ALTER TABLE `subscriptions` DISABLE KEYS */;
INSERT INTO `subscriptions` VALUES (4,35,NULL,'sub_1QqFsrBmSBYzAObmNLfYwhSA','active','plan_Ri9Isekimi0Tcm',1,'2025-02-08 15:23:53','2027-12-31 15:23:53',NULL,'2025-02-08 15:23:58','2025-04-08 15:24:45'),(19,2,NULL,'sub_1QsR8MBmSBYzAObm6zJT32Kw','active','plan_Ri9Hwpp7wnQxEU',1,'2025-02-14 15:48:54','2027-12-31 15:48:54',NULL,'2025-02-14 15:48:58','2025-04-14 15:49:05');
/*!40000 ALTER TABLE `subscriptions` ENABLE KEYS */;
UNLOCK TABLES;

--
-- Table structure for table `users`
--

DROP TABLE IF EXISTS `users`;
/*!40101 SET @saved_cs_client     = @@character_set_client */;
/*!50503 SET character_set_client = utf8mb4 */;
CREATE TABLE `users` (
  `id` bigint unsigned NOT NULL AUTO_INCREMENT,
  `name` varchar(255) CHARACTER SET utf8mb4 COLLATE utf8mb4_unicode_ci NOT NULL,
  `email` varchar(255) CHARACTER SET utf8mb4 COLLATE utf8mb4_unicode_ci NOT NULL,
  `email_verified_at` timestamp NULL DEFAULT NULL,
  `password` varchar(255) CHARACTER SET utf8mb4 COLLATE utf8mb4_unicode_ci NOT NULL,
  `remember_token` varchar(100) CHARACTER SET utf8mb4 COLLATE utf8mb4_unicode_ci DEFAULT NULL,
  `created_at` timestamp NULL DEFAULT NULL,
  `updated_at` timestamp NULL DEFAULT NULL,
  PRIMARY KEY (`id`),
  UNIQUE KEY `users_email_unique` (`email`)
) ENGINE=InnoDB AUTO_INCREMENT=2 DEFAULT CHARSET=utf8mb4 COLLATE=utf8mb4_unicode_ci;
/*!40101 SET character_set_client = @saved_cs_client */;

--
-- Dumping data for table `users`
--

LOCK TABLES `users` WRITE;
/*!40000 ALTER TABLE `users` DISABLE KEYS */;
INSERT INTO `users` VALUES (1,'Winter Salas','xagut@mailinator.com',NULL,'$2y$10$SD83K/Iy1xvf5U.Ilz8XSeBFErnA2Po9VcB2wrIxhEOrqIL2/sZ3a',NULL,'2024-01-11 15:19:50','2024-01-11 15:19:50');
/*!40000 ALTER TABLE `users` ENABLE KEYS */;
UNLOCK TABLES;
/*!40103 SET TIME_ZONE=@OLD_TIME_ZONE */;

/*!40101 SET SQL_MODE=@OLD_SQL_MODE */;
/*!40014 SET FOREIGN_KEY_CHECKS=@OLD_FOREIGN_KEY_CHECKS */;
/*!40014 SET UNIQUE_CHECKS=@OLD_UNIQUE_CHECKS */;
/*!40101 SET CHARACTER_SET_CLIENT=@OLD_CHARACTER_SET_CLIENT */;
/*!40101 SET CHARACTER_SET_RESULTS=@OLD_CHARACTER_SET_RESULTS */;
/*!40101 SET COLLATION_CONNECTION=@OLD_COLLATION_CONNECTION */;
/*!40111 SET SQL_NOTES=@OLD_SQL_NOTES */;

-- Dump completed on 2026-03-16 21:53:21
