-- Adminer 4.8.1 MySQL 8.0.33-0ubuntu0.20.04.2 dump

SET NAMES utf8;
SET time_zone = '+00:00';
SET foreign_key_checks = 0;
SET sql_mode = 'NO_AUTO_VALUE_ON_ZERO';

SET NAMES utf8mb4;

DROP TABLE IF EXISTS `admins`;
CREATE TABLE `admins` (
  `id` bigint unsigned NOT NULL AUTO_INCREMENT,
  `email` varchar(255) CHARACTER SET utf8mb4 COLLATE utf8mb4_unicode_ci NOT NULL,
  `password` varchar(255) CHARACTER SET utf8mb4 COLLATE utf8mb4_unicode_ci NOT NULL,
  `created_at` timestamp NULL DEFAULT NULL,
  `updated_at` timestamp NULL DEFAULT NULL,
  PRIMARY KEY (`id`)
) ENGINE=InnoDB DEFAULT CHARSET=utf8mb4 COLLATE=utf8mb4_unicode_ci;

INSERT INTO `admins` (`id`, `email`, `password`, `created_at`, `updated_at`) VALUES
(1,	'shiv',	'$2y$10$whJZhjX4obgNpX6JWM6N8O2FdZWEZp97orN8nZBTr0ArV7Vt2X6Mu',	'2022-09-27 12:08:46',	'2022-09-27 12:08:46'),
(2,	'admin',	'$2a$04$NRlpdG9BumfUj57aTVy9c.g.ipcLb7IUFftlM23QKaUN9LJiO98he',	NULL,	NULL);

DROP TABLE IF EXISTS `agent_addresses`;
CREATE TABLE `agent_addresses` (
  `id` bigint unsigned NOT NULL AUTO_INCREMENT,
  `agent_id` bigint unsigned NOT NULL,
  `business_name` varchar(100) CHARACTER SET utf8mb4 COLLATE utf8mb4_unicode_ci DEFAULT NULL,
  `phone` varchar(50) CHARACTER SET utf8mb4 COLLATE utf8mb4_unicode_ci NOT NULL,
  `address` text CHARACTER SET utf8mb4 COLLATE utf8mb4_unicode_ci NOT NULL,
  `city` varchar(100) CHARACTER SET utf8mb4 COLLATE utf8mb4_unicode_ci NOT NULL,
  `state_id` int NOT NULL,
  `country_id` int NOT NULL,
  `zip` varchar(10) CHARACTER SET utf8mb4 COLLATE utf8mb4_unicode_ci NOT NULL,
  `created_at` timestamp NULL DEFAULT NULL,
  `updated_at` timestamp NULL DEFAULT NULL,
  PRIMARY KEY (`id`),
  KEY `agent_addresses_agent_id_foreign` (`agent_id`),
  CONSTRAINT `agent_addresses_agent_id_foreign` FOREIGN KEY (`agent_id`) REFERENCES `agents` (`id`)
) ENGINE=InnoDB DEFAULT CHARSET=utf8mb4 COLLATE=utf8mb4_unicode_ci;

INSERT INTO `agent_addresses` (`id`, `agent_id`, `business_name`, `phone`, `address`, `city`, `state_id`, `country_id`, `zip`, `created_at`, `updated_at`) VALUES
(1,	1,	'Test Business',	'1234567890',	'test address',	'Noida',	3,	230,	'123456',	'2022-08-10 00:55:58',	'2022-08-10 00:55:58'),
(2,	2,	'RE/MAX Collection Luxury Homes and Properties',	'2534440024',	'10210 123rd Street Ct E Ste D',	'Puyallup',	68,	230,	'98374',	'2022-08-25 08:01:29',	'2022-11-15 09:54:41'),
(3,	4,	NULL,	'8791102294',	'Sikandra RAO Hathras',	'Sikandra rao',	12,	230,	'204215',	'2022-11-01 22:48:49',	'2022-11-01 22:48:49'),
(9,	10,	'Software development',	'9670806575',	'New York',	'Delhi Hatt',	8,	230,	'111111',	'2022-12-02 03:29:01',	'2022-12-02 03:29:01'),
(10,	11,	'Software development',	'1234567890',	'delhi',	'delhi',	8,	230,	'121212',	'2022-12-02 09:26:56',	'2022-12-03 00:32:01'),
(12,	13,	'hjk',	'121212121212',	'sdfgdfg',	'sdf',	2,	230,	'121212',	'2022-12-03 01:58:42',	'2022-12-03 01:58:42'),
(13,	14,	'dfgdfg',	'345345',	'dfgdfg',	'dfgdfg',	2,	230,	'345345',	'2022-12-03 02:01:21',	'2022-12-03 02:01:21'),
(14,	15,	'Software',	'1234567890',	'81\r\nLaldiggi road mirzapur',	'MIRZAPUR (UP)',	0,	230,	'231001',	'2022-12-03 02:10:30',	'2022-12-03 02:10:30'),
(15,	16,	'Nirvaat Internet',	'9912345678',	'This is long address for agent',	'Mexico',	42,	230,	'35628',	'2022-12-03 02:12:49',	'2022-12-03 02:12:49'),
(16,	17,	'qwe',	'1212',	'sdsdf',	'1sdf',	2,	230,	'1212',	'2022-12-03 02:18:57',	'2022-12-03 02:18:57'),
(17,	18,	'Software',	'1234567890',	'Khora',	'Noida',	6,	230,	'201301',	'2022-12-04 22:51:10',	'2022-12-04 22:51:10'),
(18,	19,	'Software',	'34343354',	'Khora',	'Ambedkar Nagar',	6,	230,	'232541',	'2022-12-04 22:56:02',	'2022-12-04 22:56:02'),
(19,	20,	'REMAX Luxury Collection',	'2532019666',	'10210 123rd Street Ct E Ste D',	'Puyallup',	0,	230,	'983742',	'2023-06-17 16:50:41',	'2023-06-17 16:50:41');

DROP TABLE IF EXISTS `agent_subscriptions`;
CREATE TABLE `agent_subscriptions` (
  `id` bigint unsigned NOT NULL AUTO_INCREMENT,
  `agent_id` int NOT NULL,
  `plan_id` bigint unsigned NOT NULL,
  `payment_id` varchar(255) CHARACTER SET utf8mb4 COLLATE utf8mb4_unicode_ci DEFAULT NULL,
  `start_date` date DEFAULT NULL,
  `expiry_date` date DEFAULT NULL,
  `property_count` varchar(50) CHARACTER SET utf8mb4 COLLATE utf8mb4_unicode_ci NOT NULL,
  `duration` varchar(10) CHARACTER SET utf8mb4 COLLATE utf8mb4_unicode_ci NOT NULL,
  `active` tinyint(1) NOT NULL DEFAULT '1',
  `created_at` timestamp NULL DEFAULT NULL,
  `updated_at` timestamp NULL DEFAULT NULL,
  PRIMARY KEY (`id`)
) ENGINE=InnoDB DEFAULT CHARSET=utf8mb4 COLLATE=utf8mb4_unicode_ci;

INSERT INTO `agent_subscriptions` (`id`, `agent_id`, `plan_id`, `payment_id`, `start_date`, `expiry_date`, `property_count`, `duration`, `active`, `created_at`, `updated_at`) VALUES
(168,	2,	1,	'cs_test_a1Siq0gBDsVtGOdafrsmT03HVZ64qYFh1xquQXp80ajbrK2qKOD11xb33I',	'2022-10-12',	'2022-11-11',	'10',	'30',	1,	'2022-10-12 09:03:56',	'2022-10-12 09:04:44');

DROP TABLE IF EXISTS `agents`;
CREATE TABLE `agents` (
  `id` bigint unsigned NOT NULL AUTO_INCREMENT,
  `first_name` varchar(100) CHARACTER SET utf8mb4 COLLATE utf8mb4_unicode_ci NOT NULL,
  `last_name` varchar(100) CHARACTER SET utf8mb4 COLLATE utf8mb4_unicode_ci NOT NULL,
  `email` varchar(255) CHARACTER SET utf8mb4 COLLATE utf8mb4_unicode_ci NOT NULL,
  `password` varchar(75) CHARACTER SET utf8mb4 COLLATE utf8mb4_unicode_ci NOT NULL,
  `credit_balance` int NOT NULL DEFAULT '0',
  `verification_code` varchar(255) CHARACTER SET utf8mb4 COLLATE utf8mb4_unicode_ci NOT NULL DEFAULT '0',
  `active` tinyint(1) NOT NULL DEFAULT '1',
  `deleted` tinyint(1) NOT NULL DEFAULT '0',
  `profile_image` varchar(100) CHARACTER SET utf8mb4 COLLATE utf8mb4_unicode_ci DEFAULT NULL,
  `facebook_profile` varchar(255) CHARACTER SET utf8mb4 COLLATE utf8mb4_unicode_ci DEFAULT NULL,
  `instagram_profile` varchar(255) CHARACTER SET utf8mb4 COLLATE utf8mb4_unicode_ci DEFAULT NULL,
  `twitter_profile` varchar(255) CHARACTER SET utf8mb4 COLLATE utf8mb4_unicode_ci DEFAULT NULL,
  `linkedin_profile` varchar(255) CHARACTER SET utf8mb4 COLLATE utf8mb4_unicode_ci DEFAULT NULL,
  `logo_image` varchar(100) CHARACTER SET utf8mb4 COLLATE utf8mb4_unicode_ci DEFAULT NULL,
  `created_at` timestamp NULL DEFAULT NULL,
  `updated_at` timestamp NULL DEFAULT NULL,
  PRIMARY KEY (`id`)
) ENGINE=InnoDB DEFAULT CHARSET=utf8mb4 COLLATE=utf8mb4_unicode_ci;

INSERT INTO `agents` (`id`, `first_name`, `last_name`, `email`, `password`, `credit_balance`, `verification_code`, `active`, `deleted`, `profile_image`, `facebook_profile`, `instagram_profile`, `twitter_profile`, `linkedin_profile`, `logo_image`, `created_at`, `updated_at`) VALUES
(1,	'Rajendra',	'Tiwar',	'raj@nirvaat.com',	'$2y$10$lSqD2y/s501FlsDnKmTJZeINHvWxguLWvUhPFTQyyZhjp9yn5O/V2',	52,	'746111',	1,	0,	'1663333843_logo.jpg',	NULL,	NULL,	NULL,	NULL,	'1667368051_WhatsApp Image 2022-10-21 at 15.03.35.jpeg',	'2022-08-10 00:53:41',	'2022-12-23 08:15:09'),
(2,	'Alexander',	'Shelton',	'ra@odysseydesign.us',	'$2y$10$GZN.XzHqQ7nv7qQrqFRO8OuaG2ppttkdVDmFzIWykkRpYWOSULpvm',	59,	'276483',	1,	0,	'https://realtyinterface.s3.amazonaws.com/agents/9nPNwdXmZtc7uAybZADTylZPPZbuHeyPmBWDIxh4.jpg',	NULL,	NULL,	NULL,	NULL,	'https://realtyinterface.s3.amazonaws.com/agents/1JN3PARzPGFvHX7WwyVhcPr44zlt5JMhha2a9hkM.jpg',	'2022-08-25 08:00:55',	'2023-06-21 14:54:56'),
(4,	'janvi',	'mahajan',	'janvi@nirvaat.in',	'$2y$10$rw5kSqkh2sFqDTGCVNh5K.lIYmRQ8h5jgM0Y9o6dzKwAG3cwv.Hmq',	0,	'0',	1,	0,	'',	NULL,	NULL,	NULL,	NULL,	'',	'2022-11-01 22:48:17',	'2022-11-03 01:46:16'),
(9,	'Rajendra',	'Kumar',	'rajkt@gmail.com',	'$2y$10$PD.vT5yANrgkqG8PDVYVRuzSVMI9JIKV6RseMnTT7BJCZapDRpSvK',	0,	'0',	1,	0,	'1669900358_thumbnail_1 (74).jpg',	'https://facebook.com',	NULL,	NULL,	NULL,	'1669900371_webmd.jpg',	'2022-12-01 07:11:37',	'2022-12-01 07:43:03'),
(10,	'amit',	'kumar1',	'amit@nirvaat.in',	'$2y$10$jD99oid3QsriOReOLi23G.CsPPktA6dDYyIRFDe1asAIyzmKyo8eO',	2,	'619788',	1,	0,	NULL,	NULL,	NULL,	NULL,	NULL,	NULL,	'2022-12-02 03:27:31',	'2022-12-23 04:26:38'),
(11,	'mohit',	'kumar',	'mohitmzp63@gmail.com',	'$2y$10$ECp6Emzy0vxY07MEMaAMMuf44KoOIwfNdbGpEFPZAc7eXVCkpKW8i',	2,	'0',	1,	0,	'1670047285_bedroomRealty.jpg',	'fghfghfg',	'fghfghfg',	'hfghfghfg',	'hfghfghfgh',	'1670047290_bedroomRealty.jpg',	'2022-12-02 09:26:08',	'2022-12-03 00:34:48'),
(12,	'dfg',	'dfg',	'sss@gmail.com',	'$2y$10$0T6fo60rTn66T0i338..v.4nCOSn9k.Ub4BWCoP5WG9Ua3AOj4FIq',	0,	'0',	1,	0,	'1670052163_bedroomRealty2.jpg',	'ujghjghjghj',	NULL,	NULL,	NULL,	NULL,	'2022-12-03 01:14:40',	'2022-12-03 01:52:43'),
(13,	'fy',	'fgy',	'ss@gmail.com',	'$2y$10$ollxUmtnFuMKAE9jXJcXnu7nO4VC/F.wePOr5kRtz6H4SqVT3XP4C',	0,	'0',	1,	0,	NULL,	NULL,	NULL,	NULL,	NULL,	NULL,	'2022-12-03 01:58:29',	'2022-12-03 01:58:29'),
(14,	'fgh',	'fgh',	'rr@gmail.com',	'$2y$10$utD8PYDxJ34vPfSFtHqdAuRM3fTR04I.Zg34kz7NyQfDDH82exlYK',	0,	'0',	1,	0,	NULL,	NULL,	NULL,	NULL,	NULL,	NULL,	'2022-12-03 02:01:13',	'2022-12-03 02:01:13'),
(15,	'smart',	'amit',	'amitkumarkesharwani98@gmail.com',	'$2y$10$kS3/9Bf8nuMWhEPYpiT8ge3XI7/p.iXg9F8IO9AB/wpmGs.uaOUHO',	0,	'0',	1,	0,	NULL,	NULL,	NULL,	NULL,	NULL,	NULL,	'2022-12-03 02:10:08',	'2022-12-03 02:10:08'),
(16,	'Rajendra',	'Tiwari',	'rajkt911@gmail.com',	'$2y$10$iuezY/T3D2zTLHtgUEWuouWWR4gITN3qSeNHlAMxKSE8rpHz6KLq2',	0,	'0',	1,	0,	NULL,	NULL,	NULL,	NULL,	NULL,	NULL,	'2022-12-03 02:12:07',	'2022-12-03 02:12:07'),
(17,	'fg',	'fg',	'nitesh@nirvaat.in',	'$2y$10$8Kjs6fPbVpf4Xo0sunEpQOKE0e7J6KrN2cqt0iR4ThIYahfpyaUde',	0,	'0',	1,	0,	NULL,	NULL,	NULL,	NULL,	NULL,	NULL,	'2022-12-03 02:18:48',	'2022-12-03 02:18:48'),
(18,	'Shiv',	'Pandey',	'shiv@gmail.com',	'$2y$10$jbVfIXePDpsbiU.ASVwpFeR5TqY3IpvX1ii3EmHEgnfqAJzy0WQQC',	0,	'0',	1,	0,	NULL,	NULL,	NULL,	NULL,	NULL,	NULL,	'2022-12-04 22:50:34',	'2022-12-04 22:50:34'),
(19,	'Shiv',	'Pandey',	'shiv@nirvaat.in',	'$2y$10$RcqvzmeC3bSVBEcs2v7WAOmmPN2Q.5hmMNbF1T4G.38aKUygo.Sey',	0,	'0',	1,	0,	NULL,	NULL,	NULL,	NULL,	NULL,	NULL,	'2022-12-04 22:55:32',	'2022-12-04 22:55:32'),
(20,	'Scott',	'Avila',	'info@realtyinterface.com',	'$2y$10$TWb5hiICeZBOerTQTvOp.e2hV1AQl2Bcv8XI/B7RALvS7e5l8zV9W',	0,	'0',	1,	0,	NULL,	NULL,	NULL,	NULL,	NULL,	NULL,	'2023-06-17 16:47:08',	'2023-06-17 16:47:08');

DROP TABLE IF EXISTS `amenities`;
CREATE TABLE `amenities` (
  `id` int unsigned NOT NULL AUTO_INCREMENT,
  `name` varchar(100) CHARACTER SET utf8mb4 COLLATE utf8mb4_unicode_ci NOT NULL,
  `agent_id` int DEFAULT '0',
  `created_at` timestamp NULL DEFAULT NULL,
  `updated_at` timestamp NULL DEFAULT NULL,
  PRIMARY KEY (`id`)
) ENGINE=InnoDB DEFAULT CHARSET=utf8mb4 COLLATE=utf8mb4_unicode_ci;

INSERT INTO `amenities` (`id`, `name`, `agent_id`, `created_at`, `updated_at`) VALUES
(1,	'Beach Access',	0,	'2022-08-10 00:56:23',	'2022-08-10 00:56:23'),
(2,	'City Lights Views',	0,	'2022-08-10 00:56:23',	'2022-08-10 00:56:23'),
(3,	'Community Clubhouse',	0,	'2022-08-10 00:56:23',	'2022-08-10 00:56:23'),
(4,	'Community Pool',	0,	'2022-08-10 00:56:23',	'2022-08-10 00:56:23'),
(5,	'Frameless Glass Showers',	0,	'2022-08-10 00:56:23',	'2022-08-10 00:56:23'),
(6,	'Gated Community',	0,	'2022-08-10 00:56:23',	'2022-08-10 00:56:23'),
(7,	'Golf Course Lot',	0,	'2022-08-10 00:56:23',	'2022-08-10 00:56:23'),
(8,	'Great Schools',	0,	'2022-08-10 00:56:23',	'2022-08-10 00:56:23'),
(9,	'Hardwood Floors',	0,	'2022-08-10 00:56:23',	'2022-08-10 00:56:23'),
(10,	'Heated Floors',	0,	'2022-08-10 00:56:23',	'2022-08-10 00:56:23'),
(11,	'Heated Pool',	0,	'2022-08-10 00:56:23',	'2022-08-10 00:56:23'),
(12,	'High Ceilings',	0,	'2022-08-10 00:56:23',	'2022-08-10 00:56:23'),
(13,	'Large Kitchen',	0,	'2022-08-10 00:56:23',	'2022-08-10 00:56:23'),
(14,	'Large Lot',	0,	'2022-08-10 00:56:23',	'2022-08-10 00:56:23'),
(15,	'Mountain Views',	0,	'2022-08-10 00:56:23',	'2022-08-10 00:56:23'),
(16,	'New Construction',	0,	'2022-08-10 00:56:23',	'2022-08-10 00:56:23'),
(17,	'Ocean Views',	0,	'2022-08-10 00:56:23',	'2022-08-10 00:56:23'),
(18,	'Open Floor Plan',	0,	'2022-08-10 00:56:23',	'2022-08-10 00:56:23'),
(19,	'Oversized Windows',	0,	'2022-08-10 00:56:23',	'2022-08-10 00:56:23'),
(20,	'Pool',	0,	'2022-08-10 00:56:23',	'2022-08-10 00:56:23'),
(21,	'Quartz Countertops',	0,	'2022-08-10 00:56:23',	'2022-08-10 00:56:23'),
(22,	'Quiet and Private',	0,	'2022-08-10 00:56:23',	'2022-08-10 00:56:23'),
(23,	'Shopping Nearby',	0,	'2022-08-10 00:56:23',	'2022-08-10 00:56:23'),
(24,	'Side-by-Side Washer and Dryer',	0,	'2022-08-10 00:56:23',	'2022-08-10 00:56:23'),
(25,	'Spa',	0,	'2022-08-10 00:56:23',	'2022-08-10 00:56:23'),
(26,	'Stainless Steel Appliances',	0,	'2022-08-10 00:56:23',	'2022-08-10 00:56:23'),
(27,	'Walk-In Closets',	0,	'2022-08-10 00:56:23',	'2022-08-10 00:56:23'),
(28,	'Added Amenity',	1,	'2022-11-30 06:41:12',	'2022-11-30 06:41:12'),
(29,	'New Amenity',	1,	'2022-11-30 06:44:53',	'2022-11-30 06:44:53'),
(30,	'New Mohit',	11,	'2022-12-03 00:25:51',	'2022-12-03 00:25:51'),
(31,	'sss@gmail.com',	12,	'2022-12-03 01:15:16',	'2022-12-03 01:15:16'),
(32,	'TETSINF',	1,	'2022-12-03 02:09:55',	'2022-12-03 02:09:55'),
(33,	'Lodge Home',	2,	'2022-12-08 08:52:00',	'2022-12-08 08:52:00'),
(34,	'MLS: 1849965',	2,	'2022-12-08 08:53:36',	'2022-12-08 08:53:36'),
(35,	'Radiant Heating',	2,	'2022-12-20 09:54:02',	'2022-12-20 09:54:02'),
(36,	'Panoramic Views',	2,	'2022-12-20 09:54:02',	'2022-12-20 09:54:02'),
(37,	'1.01 Acres',	2,	'2022-12-20 09:54:02',	'2022-12-20 09:54:02'),
(38,	'3 Car Garage Insulated',	2,	'2022-12-20 09:54:02',	'2022-12-20 09:54:02'),
(39,	'Recreation Room',	2,	'2022-12-20 09:54:02',	'2022-12-20 09:54:02'),
(40,	'Formal Dining',	2,	'2022-12-20 09:54:02',	'2022-12-20 09:54:02'),
(41,	'Mud Room',	2,	'2022-12-20 09:54:02',	'2022-12-20 09:54:02'),
(42,	'Two Master Bedrooms',	2,	'2022-12-20 09:54:02',	'2022-12-20 09:54:02'),
(43,	'Two Gas and Stone Fireplaces',	2,	'2022-12-20 09:54:02',	'2022-12-20 09:54:02'),
(44,	'Fully Furnished',	2,	'2022-12-20 09:54:02',	'2022-12-20 09:54:02'),
(45,	'Gated Community',	2,	'2022-12-20 09:54:02',	'2022-12-20 09:54:02'),
(46,	'TSMLS #20203279',	2,	'2022-12-20 09:55:57',	'2022-12-20 09:55:57'),
(47,	'stunning views of the Martis Valley and the Carson Range',	2,	'2022-12-20 09:55:57',	'2022-12-20 09:55:57'),
(48,	'632 Sq Ft',	2,	'2022-12-20 09:55:57',	'2022-12-20 09:55:57'),
(49,	'6 Car Garage',	2,	'2023-06-11 17:53:14',	'2023-06-11 17:53:14'),
(50,	'Parcel number: 13121210',	2,	'2023-06-11 17:53:14',	'2023-06-11 17:53:14'),
(51,	'Year built: 1982',	2,	'2023-06-11 17:53:14',	'2023-06-11 17:53:14'),
(52,	'6 Car/Boat Storage',	2,	'2023-06-15 16:59:39',	'2023-06-15 16:59:39');

DROP TABLE IF EXISTS `countries`;
CREATE TABLE `countries` (
  `country_id` bigint unsigned NOT NULL AUTO_INCREMENT,
  `code` char(2) CHARACTER SET utf8mb4 COLLATE utf8mb4_unicode_ci NOT NULL,
  `name` varchar(100) CHARACTER SET utf8mb4 COLLATE utf8mb4_unicode_ci NOT NULL,
  `created_at` timestamp NULL DEFAULT NULL,
  `updated_at` timestamp NULL DEFAULT NULL,
  PRIMARY KEY (`country_id`)
) ENGINE=InnoDB DEFAULT CHARSET=utf8mb4 COLLATE=utf8mb4_unicode_ci;

INSERT INTO `countries` (`country_id`, `code`, `name`, `created_at`, `updated_at`) VALUES
(1,	'AF',	'Afghanistan',	'2022-08-10 00:55:24',	'2022-08-10 00:55:24'),
(2,	'AX',	'Åland Islands',	'2022-08-10 00:55:24',	'2022-08-10 00:55:24'),
(3,	'AL',	'Albania',	'2022-08-10 00:55:24',	'2022-08-10 00:55:24'),
(4,	'DZ',	'Algeria',	'2022-08-10 00:55:24',	'2022-08-10 00:55:24'),
(5,	'AS',	'American Samoa',	'2022-08-10 00:55:24',	'2022-08-10 00:55:24'),
(6,	'AD',	'AndorrA',	'2022-08-10 00:55:24',	'2022-08-10 00:55:24'),
(7,	'AO',	'Angola',	'2022-08-10 00:55:24',	'2022-08-10 00:55:24'),
(8,	'AI',	'Anguilla',	'2022-08-10 00:55:24',	'2022-08-10 00:55:24'),
(9,	'AQ',	'Antarctica',	'2022-08-10 00:55:24',	'2022-08-10 00:55:24'),
(10,	'AG',	'Antigua and Barbuda',	'2022-08-10 00:55:24',	'2022-08-10 00:55:24'),
(11,	'AR',	'Argentina',	'2022-08-10 00:55:24',	'2022-08-10 00:55:24'),
(12,	'AM',	'Armenia',	'2022-08-10 00:55:24',	'2022-08-10 00:55:24'),
(13,	'AW',	'Aruba',	'2022-08-10 00:55:24',	'2022-08-10 00:55:24'),
(14,	'AU',	'Australia',	'2022-08-10 00:55:24',	'2022-08-10 00:55:24'),
(15,	'AT',	'Austria',	'2022-08-10 00:55:24',	'2022-08-10 00:55:24'),
(16,	'AZ',	'Azerbaijan',	'2022-08-10 00:55:24',	'2022-08-10 00:55:24'),
(17,	'BS',	'Bahamas',	'2022-08-10 00:55:24',	'2022-08-10 00:55:24'),
(18,	'BH',	'Bahrain',	'2022-08-10 00:55:24',	'2022-08-10 00:55:24'),
(19,	'BD',	'Bangladesh',	'2022-08-10 00:55:24',	'2022-08-10 00:55:24'),
(20,	'BB',	'Barbados',	'2022-08-10 00:55:24',	'2022-08-10 00:55:24'),
(21,	'BY',	'Belarus',	'2022-08-10 00:55:24',	'2022-08-10 00:55:24'),
(22,	'BE',	'Belgium',	'2022-08-10 00:55:24',	'2022-08-10 00:55:24'),
(23,	'BZ',	'Belize',	'2022-08-10 00:55:24',	'2022-08-10 00:55:24'),
(24,	'BJ',	'Benin',	'2022-08-10 00:55:24',	'2022-08-10 00:55:24'),
(25,	'BM',	'Bermuda',	'2022-08-10 00:55:24',	'2022-08-10 00:55:24'),
(26,	'BT',	'Bhutan',	'2022-08-10 00:55:24',	'2022-08-10 00:55:24'),
(27,	'BO',	'Bolivia',	'2022-08-10 00:55:24',	'2022-08-10 00:55:24'),
(28,	'BA',	'Bosnia and Herzegovina',	'2022-08-10 00:55:24',	'2022-08-10 00:55:24'),
(29,	'BW',	'Botswana',	'2022-08-10 00:55:24',	'2022-08-10 00:55:24'),
(30,	'BV',	'Bouvet Island',	'2022-08-10 00:55:24',	'2022-08-10 00:55:24'),
(31,	'BR',	'Brazil',	'2022-08-10 00:55:24',	'2022-08-10 00:55:24'),
(32,	'IO',	'British Indian Ocean Territory',	'2022-08-10 00:55:24',	'2022-08-10 00:55:24'),
(33,	'BN',	'Brunei Darussalam',	'2022-08-10 00:55:24',	'2022-08-10 00:55:24'),
(34,	'BG',	'Bulgaria',	'2022-08-10 00:55:24',	'2022-08-10 00:55:24'),
(35,	'BF',	'Burkina Faso',	'2022-08-10 00:55:24',	'2022-08-10 00:55:24'),
(36,	'BI',	'Burundi',	'2022-08-10 00:55:24',	'2022-08-10 00:55:24'),
(37,	'KH',	'Cambodia',	'2022-08-10 00:55:24',	'2022-08-10 00:55:24'),
(38,	'CM',	'Cameroon',	'2022-08-10 00:55:24',	'2022-08-10 00:55:24'),
(39,	'CA',	'Canada',	'2022-08-10 00:55:24',	'2022-08-10 00:55:24'),
(40,	'CV',	'Cape Verde',	'2022-08-10 00:55:24',	'2022-08-10 00:55:24'),
(41,	'KY',	'Cayman Islands',	'2022-08-10 00:55:24',	'2022-08-10 00:55:24'),
(42,	'CF',	'Central African Republic',	'2022-08-10 00:55:24',	'2022-08-10 00:55:24'),
(43,	'TD',	'Chad',	'2022-08-10 00:55:24',	'2022-08-10 00:55:24'),
(44,	'CL',	'Chile',	'2022-08-10 00:55:24',	'2022-08-10 00:55:24'),
(45,	'CN',	'China',	'2022-08-10 00:55:24',	'2022-08-10 00:55:24'),
(46,	'CX',	'Christmas Island',	'2022-08-10 00:55:24',	'2022-08-10 00:55:24'),
(47,	'CC',	'Cocos (Keeling) Islands',	'2022-08-10 00:55:24',	'2022-08-10 00:55:24'),
(48,	'CO',	'Colombia',	'2022-08-10 00:55:24',	'2022-08-10 00:55:24'),
(49,	'KM',	'Comoros',	'2022-08-10 00:55:24',	'2022-08-10 00:55:24'),
(50,	'CG',	'Congo',	'2022-08-10 00:55:24',	'2022-08-10 00:55:24'),
(51,	'CD',	'Congo, The Democratic Republic of the',	'2022-08-10 00:55:24',	'2022-08-10 00:55:24'),
(52,	'CK',	'Cook Islands',	'2022-08-10 00:55:24',	'2022-08-10 00:55:24'),
(53,	'CR',	'Costa Rica',	'2022-08-10 00:55:24',	'2022-08-10 00:55:24'),
(54,	'CI',	'Cote D\"Ivoire',	'2022-08-10 00:55:24',	'2022-08-10 00:55:24'),
(55,	'HR',	'Croatia',	'2022-08-10 00:55:24',	'2022-08-10 00:55:24'),
(56,	'CU',	'Cuba',	'2022-08-10 00:55:24',	'2022-08-10 00:55:24'),
(57,	'CY',	'Cyprus',	'2022-08-10 00:55:24',	'2022-08-10 00:55:24'),
(58,	'CZ',	'Czech Republic',	'2022-08-10 00:55:24',	'2022-08-10 00:55:24'),
(59,	'DK',	'Denmark',	'2022-08-10 00:55:24',	'2022-08-10 00:55:24'),
(60,	'DJ',	'Djibouti',	'2022-08-10 00:55:24',	'2022-08-10 00:55:24'),
(61,	'DM',	'Dominica',	'2022-08-10 00:55:24',	'2022-08-10 00:55:24'),
(62,	'DO',	'Dominican Republic',	'2022-08-10 00:55:24',	'2022-08-10 00:55:24'),
(63,	'EC',	'Ecuador',	'2022-08-10 00:55:24',	'2022-08-10 00:55:24'),
(64,	'EG',	'Egypt',	'2022-08-10 00:55:24',	'2022-08-10 00:55:24'),
(65,	'SV',	'El Salvador',	'2022-08-10 00:55:24',	'2022-08-10 00:55:24'),
(66,	'GQ',	'Equatorial Guinea',	'2022-08-10 00:55:24',	'2022-08-10 00:55:24'),
(67,	'ER',	'Eritrea',	'2022-08-10 00:55:24',	'2022-08-10 00:55:24'),
(68,	'EE',	'Estonia',	'2022-08-10 00:55:24',	'2022-08-10 00:55:24'),
(69,	'ET',	'Ethiopia',	'2022-08-10 00:55:24',	'2022-08-10 00:55:24'),
(70,	'FK',	'Falkland Islands (Malvinas)',	'2022-08-10 00:55:24',	'2022-08-10 00:55:24'),
(71,	'FO',	'Faroe Islands',	'2022-08-10 00:55:24',	'2022-08-10 00:55:24'),
(72,	'FJ',	'Fiji',	'2022-08-10 00:55:24',	'2022-08-10 00:55:24'),
(73,	'FI',	'Finland',	'2022-08-10 00:55:24',	'2022-08-10 00:55:24'),
(74,	'FR',	'France',	'2022-08-10 00:55:24',	'2022-08-10 00:55:24'),
(75,	'GF',	'French Guiana',	'2022-08-10 00:55:24',	'2022-08-10 00:55:24'),
(76,	'PF',	'French Polynesia',	'2022-08-10 00:55:24',	'2022-08-10 00:55:24'),
(77,	'TF',	'French Southern Territories',	'2022-08-10 00:55:24',	'2022-08-10 00:55:24'),
(78,	'GA',	'Gabon',	'2022-08-10 00:55:24',	'2022-08-10 00:55:24'),
(79,	'GM',	'Gambia',	'2022-08-10 00:55:24',	'2022-08-10 00:55:24'),
(80,	'GE',	'Georgia',	'2022-08-10 00:55:24',	'2022-08-10 00:55:24'),
(81,	'DE',	'Germany',	'2022-08-10 00:55:24',	'2022-08-10 00:55:24'),
(82,	'GH',	'Ghana',	'2022-08-10 00:55:24',	'2022-08-10 00:55:24'),
(83,	'GI',	'Gibraltar',	'2022-08-10 00:55:24',	'2022-08-10 00:55:24'),
(84,	'GR',	'Greece',	'2022-08-10 00:55:24',	'2022-08-10 00:55:24'),
(85,	'GL',	'Greenland',	'2022-08-10 00:55:24',	'2022-08-10 00:55:24'),
(86,	'GD',	'Grenada',	'2022-08-10 00:55:24',	'2022-08-10 00:55:24'),
(87,	'GP',	'Guadeloupe',	'2022-08-10 00:55:24',	'2022-08-10 00:55:24'),
(88,	'GU',	'Guam',	'2022-08-10 00:55:24',	'2022-08-10 00:55:24'),
(89,	'GT',	'Guatemala',	'2022-08-10 00:55:24',	'2022-08-10 00:55:24'),
(90,	'GG',	'Guernsey',	'2022-08-10 00:55:24',	'2022-08-10 00:55:24'),
(91,	'GN',	'Guinea',	'2022-08-10 00:55:24',	'2022-08-10 00:55:24'),
(92,	'GW',	'Guinea-Bissau',	'2022-08-10 00:55:24',	'2022-08-10 00:55:24'),
(93,	'GY',	'Guyana',	'2022-08-10 00:55:24',	'2022-08-10 00:55:24'),
(94,	'HT',	'Haiti',	'2022-08-10 00:55:24',	'2022-08-10 00:55:24'),
(95,	'HM',	'Heard Island and Mcdonald Islands',	'2022-08-10 00:55:24',	'2022-08-10 00:55:24'),
(96,	'VA',	'Holy See (Vatican City State)',	'2022-08-10 00:55:24',	'2022-08-10 00:55:24'),
(97,	'HN',	'Honduras',	'2022-08-10 00:55:24',	'2022-08-10 00:55:24'),
(98,	'HK',	'Hong Kong',	'2022-08-10 00:55:24',	'2022-08-10 00:55:24'),
(99,	'HU',	'Hungary',	'2022-08-10 00:55:24',	'2022-08-10 00:55:24'),
(100,	'IS',	'Iceland',	'2022-08-10 00:55:24',	'2022-08-10 00:55:24'),
(101,	'IN',	'India',	'2022-08-10 00:55:24',	'2022-08-10 00:55:24'),
(102,	'ID',	'Indonesia',	'2022-08-10 00:55:24',	'2022-08-10 00:55:24'),
(103,	'IR',	'Iran, Islamic Republic Of',	'2022-08-10 00:55:24',	'2022-08-10 00:55:24'),
(104,	'IQ',	'Iraq',	'2022-08-10 00:55:24',	'2022-08-10 00:55:24'),
(105,	'IE',	'Ireland',	'2022-08-10 00:55:24',	'2022-08-10 00:55:24'),
(106,	'IM',	'Isle of Man',	'2022-08-10 00:55:24',	'2022-08-10 00:55:24'),
(107,	'IL',	'Israel',	'2022-08-10 00:55:24',	'2022-08-10 00:55:24'),
(108,	'IT',	'Italy',	'2022-08-10 00:55:24',	'2022-08-10 00:55:24'),
(109,	'JM',	'Jamaica',	'2022-08-10 00:55:24',	'2022-08-10 00:55:24'),
(110,	'JP',	'Japan',	'2022-08-10 00:55:24',	'2022-08-10 00:55:24'),
(111,	'JE',	'Jersey',	'2022-08-10 00:55:24',	'2022-08-10 00:55:24'),
(112,	'JO',	'Jordan',	'2022-08-10 00:55:24',	'2022-08-10 00:55:24'),
(113,	'KZ',	'Kazakhstan',	'2022-08-10 00:55:24',	'2022-08-10 00:55:24'),
(114,	'KE',	'Kenya',	'2022-08-10 00:55:24',	'2022-08-10 00:55:24'),
(115,	'KI',	'Kiribati',	'2022-08-10 00:55:24',	'2022-08-10 00:55:24'),
(116,	'KP',	'Korea, Democratic People\"S Republic of',	'2022-08-10 00:55:24',	'2022-08-10 00:55:24'),
(117,	'KR',	'Korea, Republic of',	'2022-08-10 00:55:24',	'2022-08-10 00:55:24'),
(118,	'KW',	'Kuwait',	'2022-08-10 00:55:24',	'2022-08-10 00:55:24'),
(119,	'KG',	'Kyrgyzstan',	'2022-08-10 00:55:24',	'2022-08-10 00:55:24'),
(120,	'LA',	'Lao People\"S Democratic Republic',	'2022-08-10 00:55:24',	'2022-08-10 00:55:24'),
(121,	'LV',	'Latvia',	'2022-08-10 00:55:24',	'2022-08-10 00:55:24'),
(122,	'LB',	'Lebanon',	'2022-08-10 00:55:24',	'2022-08-10 00:55:24'),
(123,	'LS',	'Lesotho',	'2022-08-10 00:55:24',	'2022-08-10 00:55:24'),
(124,	'LR',	'Liberia',	'2022-08-10 00:55:24',	'2022-08-10 00:55:24'),
(125,	'LY',	'Libyan Arab Jamahiriya',	'2022-08-10 00:55:24',	'2022-08-10 00:55:24'),
(126,	'LI',	'Liechtenstein',	'2022-08-10 00:55:24',	'2022-08-10 00:55:24'),
(127,	'LT',	'Lithuania',	'2022-08-10 00:55:24',	'2022-08-10 00:55:24'),
(128,	'LU',	'Luxembourg',	'2022-08-10 00:55:24',	'2022-08-10 00:55:24'),
(129,	'MO',	'Macao',	'2022-08-10 00:55:24',	'2022-08-10 00:55:24'),
(130,	'MK',	'Macedonia, The Former Yugoslav Republic of',	'2022-08-10 00:55:24',	'2022-08-10 00:55:24'),
(131,	'MG',	'Madagascar',	'2022-08-10 00:55:24',	'2022-08-10 00:55:24'),
(132,	'MW',	'Malawi',	'2022-08-10 00:55:24',	'2022-08-10 00:55:24'),
(133,	'MY',	'Malaysia',	'2022-08-10 00:55:24',	'2022-08-10 00:55:24'),
(134,	'MV',	'Maldives',	'2022-08-10 00:55:24',	'2022-08-10 00:55:24'),
(135,	'ML',	'Mali',	'2022-08-10 00:55:24',	'2022-08-10 00:55:24'),
(136,	'MT',	'Malta',	'2022-08-10 00:55:25',	'2022-08-10 00:55:25'),
(137,	'MH',	'Marshall Islands',	'2022-08-10 00:55:25',	'2022-08-10 00:55:25'),
(138,	'MQ',	'Martinique',	'2022-08-10 00:55:25',	'2022-08-10 00:55:25'),
(139,	'MR',	'Mauritania',	'2022-08-10 00:55:25',	'2022-08-10 00:55:25'),
(140,	'MU',	'Mauritius',	'2022-08-10 00:55:25',	'2022-08-10 00:55:25'),
(141,	'YT',	'Mayotte',	'2022-08-10 00:55:25',	'2022-08-10 00:55:25'),
(142,	'MX',	'Mexico',	'2022-08-10 00:55:25',	'2022-08-10 00:55:25'),
(143,	'FM',	'Micronesia, Federated States of',	'2022-08-10 00:55:25',	'2022-08-10 00:55:25'),
(144,	'MD',	'Moldova, Republic of',	'2022-08-10 00:55:25',	'2022-08-10 00:55:25'),
(145,	'MC',	'Monaco',	'2022-08-10 00:55:25',	'2022-08-10 00:55:25'),
(146,	'MN',	'Mongolia',	'2022-08-10 00:55:25',	'2022-08-10 00:55:25'),
(147,	'MS',	'Montserrat',	'2022-08-10 00:55:25',	'2022-08-10 00:55:25'),
(148,	'MA',	'Morocco',	'2022-08-10 00:55:25',	'2022-08-10 00:55:25'),
(149,	'MZ',	'Mozambique',	'2022-08-10 00:55:25',	'2022-08-10 00:55:25'),
(150,	'MM',	'Myanmar',	'2022-08-10 00:55:25',	'2022-08-10 00:55:25'),
(151,	'NA',	'Namibia',	'2022-08-10 00:55:25',	'2022-08-10 00:55:25'),
(152,	'NR',	'Nauru',	'2022-08-10 00:55:25',	'2022-08-10 00:55:25'),
(153,	'NP',	'Nepal',	'2022-08-10 00:55:25',	'2022-08-10 00:55:25'),
(154,	'NL',	'Netherlands',	'2022-08-10 00:55:25',	'2022-08-10 00:55:25'),
(155,	'AN',	'Netherlands Antilles',	'2022-08-10 00:55:25',	'2022-08-10 00:55:25'),
(156,	'NC',	'New Caledonia',	'2022-08-10 00:55:25',	'2022-08-10 00:55:25'),
(157,	'NZ',	'New Zealand',	'2022-08-10 00:55:25',	'2022-08-10 00:55:25'),
(158,	'NI',	'Nicaragua',	'2022-08-10 00:55:25',	'2022-08-10 00:55:25'),
(159,	'NE',	'Niger',	'2022-08-10 00:55:25',	'2022-08-10 00:55:25'),
(160,	'NG',	'Nigeria',	'2022-08-10 00:55:25',	'2022-08-10 00:55:25'),
(161,	'NU',	'Niue',	'2022-08-10 00:55:25',	'2022-08-10 00:55:25'),
(162,	'NF',	'Norfolk Island',	'2022-08-10 00:55:25',	'2022-08-10 00:55:25'),
(163,	'MP',	'Northern Mariana Islands',	'2022-08-10 00:55:25',	'2022-08-10 00:55:25'),
(164,	'NO',	'Norway',	'2022-08-10 00:55:25',	'2022-08-10 00:55:25'),
(165,	'OM',	'Oman',	'2022-08-10 00:55:25',	'2022-08-10 00:55:25'),
(166,	'PK',	'Pakistan',	'2022-08-10 00:55:25',	'2022-08-10 00:55:25'),
(167,	'PW',	'Palau',	'2022-08-10 00:55:25',	'2022-08-10 00:55:25'),
(168,	'PS',	'Palestinian Territory, Occupied',	'2022-08-10 00:55:25',	'2022-08-10 00:55:25'),
(169,	'PA',	'Panama',	'2022-08-10 00:55:25',	'2022-08-10 00:55:25'),
(170,	'PG',	'Papua New Guinea',	'2022-08-10 00:55:25',	'2022-08-10 00:55:25'),
(171,	'PY',	'Paraguay',	'2022-08-10 00:55:25',	'2022-08-10 00:55:25'),
(172,	'PE',	'Peru',	'2022-08-10 00:55:25',	'2022-08-10 00:55:25'),
(173,	'PH',	'Philippines',	'2022-08-10 00:55:25',	'2022-08-10 00:55:25'),
(174,	'PN',	'Pitcairn',	'2022-08-10 00:55:25',	'2022-08-10 00:55:25'),
(175,	'PL',	'Poland',	'2022-08-10 00:55:25',	'2022-08-10 00:55:25'),
(176,	'PT',	'Portugal',	'2022-08-10 00:55:25',	'2022-08-10 00:55:25'),
(177,	'PR',	'Puerto Rico',	'2022-08-10 00:55:25',	'2022-08-10 00:55:25'),
(178,	'QA',	'Qatar',	'2022-08-10 00:55:25',	'2022-08-10 00:55:25'),
(179,	'RE',	'Reunion',	'2022-08-10 00:55:25',	'2022-08-10 00:55:25'),
(180,	'RO',	'Romania',	'2022-08-10 00:55:25',	'2022-08-10 00:55:25'),
(181,	'RU',	'Russian Federation',	'2022-08-10 00:55:25',	'2022-08-10 00:55:25'),
(182,	'RW',	'RWANDA',	'2022-08-10 00:55:25',	'2022-08-10 00:55:25'),
(183,	'SH',	'Saint Helena',	'2022-08-10 00:55:25',	'2022-08-10 00:55:25'),
(184,	'KN',	'Saint Kitts and Nevis',	'2022-08-10 00:55:25',	'2022-08-10 00:55:25'),
(185,	'LC',	'Saint Lucia',	'2022-08-10 00:55:25',	'2022-08-10 00:55:25'),
(186,	'PM',	'Saint Pierre and Miquelon',	'2022-08-10 00:55:25',	'2022-08-10 00:55:25'),
(187,	'VC',	'Saint Vincent and the Grenadines',	'2022-08-10 00:55:25',	'2022-08-10 00:55:25'),
(188,	'WS',	'Samoa',	'2022-08-10 00:55:25',	'2022-08-10 00:55:25'),
(189,	'SM',	'San Marino',	'2022-08-10 00:55:25',	'2022-08-10 00:55:25'),
(190,	'ST',	'Sao Tome and Principe',	'2022-08-10 00:55:25',	'2022-08-10 00:55:25'),
(191,	'SA',	'Saudi Arabia',	'2022-08-10 00:55:25',	'2022-08-10 00:55:25'),
(192,	'SN',	'Senegal',	'2022-08-10 00:55:25',	'2022-08-10 00:55:25'),
(193,	'CS',	'Serbia and Montenegro',	'2022-08-10 00:55:25',	'2022-08-10 00:55:25'),
(194,	'SC',	'Seychelles',	'2022-08-10 00:55:25',	'2022-08-10 00:55:25'),
(195,	'SL',	'Sierra Leone',	'2022-08-10 00:55:25',	'2022-08-10 00:55:25'),
(196,	'SG',	'Singapore',	'2022-08-10 00:55:25',	'2022-08-10 00:55:25'),
(197,	'SK',	'Slovakia',	'2022-08-10 00:55:25',	'2022-08-10 00:55:25'),
(198,	'SI',	'Slovenia',	'2022-08-10 00:55:25',	'2022-08-10 00:55:25'),
(199,	'SB',	'Solomon Islands',	'2022-08-10 00:55:25',	'2022-08-10 00:55:25'),
(200,	'SO',	'Somalia',	'2022-08-10 00:55:25',	'2022-08-10 00:55:25'),
(201,	'ZA',	'South Africa',	'2022-08-10 00:55:25',	'2022-08-10 00:55:25'),
(202,	'GS',	'South Georgia and the South Sandwich Islands',	'2022-08-10 00:55:25',	'2022-08-10 00:55:25'),
(203,	'ES',	'Spain',	'2022-08-10 00:55:25',	'2022-08-10 00:55:25'),
(204,	'LK',	'Sri Lanka',	'2022-08-10 00:55:25',	'2022-08-10 00:55:25'),
(205,	'SD',	'Sudan',	'2022-08-10 00:55:25',	'2022-08-10 00:55:25'),
(206,	'SR',	'Suri',	'2022-08-10 00:55:25',	'2022-08-10 00:55:25'),
(207,	'SJ',	'Svalbard and Jan Mayen',	'2022-08-10 00:55:25',	'2022-08-10 00:55:25'),
(208,	'SZ',	'Swaziland',	'2022-08-10 00:55:25',	'2022-08-10 00:55:25'),
(209,	'SE',	'Sweden',	'2022-08-10 00:55:25',	'2022-08-10 00:55:25'),
(210,	'CH',	'Switzerland',	'2022-08-10 00:55:25',	'2022-08-10 00:55:25'),
(211,	'SY',	'Syrian Arab Republic',	'2022-08-10 00:55:25',	'2022-08-10 00:55:25'),
(212,	'TW',	'Taiwan, Province of China',	'2022-08-10 00:55:25',	'2022-08-10 00:55:25'),
(213,	'TJ',	'Tajikistan',	'2022-08-10 00:55:25',	'2022-08-10 00:55:25'),
(214,	'TZ',	'Tanzania, United Republic of',	'2022-08-10 00:55:25',	'2022-08-10 00:55:25'),
(215,	'TH',	'Thailand',	'2022-08-10 00:55:25',	'2022-08-10 00:55:25'),
(216,	'TL',	'Timor-Leste',	'2022-08-10 00:55:25',	'2022-08-10 00:55:25'),
(217,	'TG',	'Togo',	'2022-08-10 00:55:25',	'2022-08-10 00:55:25'),
(218,	'TK',	'Tokelau',	'2022-08-10 00:55:25',	'2022-08-10 00:55:25'),
(219,	'TO',	'Tonga',	'2022-08-10 00:55:25',	'2022-08-10 00:55:25'),
(220,	'TT',	'Trinidad and Tobago',	'2022-08-10 00:55:25',	'2022-08-10 00:55:25'),
(221,	'TN',	'Tunisia',	'2022-08-10 00:55:25',	'2022-08-10 00:55:25'),
(222,	'TR',	'Turkey',	'2022-08-10 00:55:25',	'2022-08-10 00:55:25'),
(223,	'TM',	'Turkmenistan',	'2022-08-10 00:55:25',	'2022-08-10 00:55:25'),
(224,	'TC',	'Turks and Caicos Islands',	'2022-08-10 00:55:25',	'2022-08-10 00:55:25'),
(225,	'TV',	'Tuvalu',	'2022-08-10 00:55:25',	'2022-08-10 00:55:25'),
(226,	'UG',	'Uganda',	'2022-08-10 00:55:25',	'2022-08-10 00:55:25'),
(227,	'UA',	'Ukraine',	'2022-08-10 00:55:25',	'2022-08-10 00:55:25'),
(228,	'AE',	'United Arab Emirates',	'2022-08-10 00:55:25',	'2022-08-10 00:55:25'),
(229,	'GB',	'United Kingdom',	'2022-08-10 00:55:25',	'2022-08-10 00:55:25'),
(230,	'US',	'United States',	'2022-08-10 00:55:25',	'2022-08-10 00:55:25'),
(231,	'UM',	'United States Minor Outlying Islands',	'2022-08-10 00:55:25',	'2022-08-10 00:55:25'),
(232,	'UY',	'Uruguay',	'2022-08-10 00:55:25',	'2022-08-10 00:55:25'),
(233,	'UZ',	'Uzbekistan',	'2022-08-10 00:55:25',	'2022-08-10 00:55:25'),
(234,	'VU',	'Vanuatu',	'2022-08-10 00:55:25',	'2022-08-10 00:55:25'),
(235,	'VE',	'Venezuela',	'2022-08-10 00:55:25',	'2022-08-10 00:55:25'),
(236,	'VN',	'Viet Nam',	'2022-08-10 00:55:25',	'2022-08-10 00:55:25'),
(237,	'VG',	'Virgin Islands, British',	'2022-08-10 00:55:25',	'2022-08-10 00:55:25'),
(238,	'VI',	'Virgin Islands, U.S.',	'2022-08-10 00:55:25',	'2022-08-10 00:55:25'),
(239,	'WF',	'Wallis and Futuna',	'2022-08-10 00:55:25',	'2022-08-10 00:55:25'),
(240,	'EH',	'Western Sahara',	'2022-08-10 00:55:25',	'2022-08-10 00:55:25'),
(241,	'YE',	'Yemen',	'2022-08-10 00:55:25',	'2022-08-10 00:55:25'),
(242,	'ZM',	'Zambia',	'2022-08-10 00:55:25',	'2022-08-10 00:55:25'),
(243,	'ZW',	'Zimbabwe',	'2022-08-10 00:55:25',	'2022-08-10 00:55:25');

DROP TABLE IF EXISTS `credit_logs`;
CREATE TABLE `credit_logs` (
  `id` int unsigned NOT NULL AUTO_INCREMENT COMMENT 'Credits spent and purchase log for agent',
  `agent_id` int unsigned NOT NULL,
  `property_id` int unsigned NOT NULL,
  `credits` tinyint NOT NULL,
  `type` enum('Spent','Bought') CHARACTER SET utf8mb4 COLLATE utf8mb4_unicode_ci NOT NULL,
  `created_at` timestamp NULL DEFAULT NULL,
  `updated_at` timestamp NULL DEFAULT NULL,
  PRIMARY KEY (`id`)
) ENGINE=InnoDB DEFAULT CHARSET=utf8mb4 COLLATE=utf8mb4_unicode_ci;

INSERT INTO `credit_logs` (`id`, `agent_id`, `property_id`, `credits`, `type`, `created_at`, `updated_at`) VALUES
(21,	2,	0,	2,	'Bought',	'2022-10-19 07:49:16',	'2022-10-19 07:49:16'),
(22,	2,	2,	-1,	'Spent',	'2022-10-19 07:58:10',	'2022-10-19 07:58:10'),
(23,	1,	3,	-1,	'Spent',	'2022-10-19 08:59:18',	'2022-10-19 08:59:18'),
(24,	2,	0,	2,	'Bought',	'2022-10-19 22:37:57',	'2022-10-19 22:37:57'),
(25,	1,	0,	2,	'Bought',	'2022-11-02 00:15:23',	'2022-11-02 00:15:23'),
(26,	2,	0,	2,	'Bought',	'2022-11-07 06:52:03',	'2022-11-07 06:52:03'),
(27,	2,	0,	2,	'Bought',	'2022-11-07 06:52:10',	'2022-11-07 06:52:10'),
(28,	2,	0,	2,	'Bought',	'2022-11-07 06:52:13',	'2022-11-07 06:52:13'),
(29,	2,	0,	2,	'Bought',	'2022-11-07 06:53:15',	'2022-11-07 06:53:15'),
(30,	2,	0,	2,	'Bought',	'2022-11-07 06:53:17',	'2022-11-07 06:53:17'),
(31,	2,	0,	2,	'Bought',	'2022-11-07 06:53:19',	'2022-11-07 06:53:19'),
(32,	2,	0,	2,	'Bought',	'2022-11-07 23:36:07',	'2022-11-07 23:36:07'),
(33,	2,	0,	2,	'Bought',	'2022-11-07 23:41:40',	'2022-11-07 23:41:40'),
(34,	1,	20,	-1,	'Spent',	'2022-11-08 08:05:29',	'2022-11-08 08:05:29'),
(35,	2,	13,	-1,	'Spent',	'2022-11-09 10:12:00',	'2022-11-09 10:12:00'),
(36,	2,	14,	-1,	'Spent',	'2022-11-17 07:07:54',	'2022-11-17 07:07:54'),
(37,	2,	22,	-1,	'Spent',	'2022-11-25 13:48:26',	'2022-11-25 13:48:26'),
(38,	2,	19,	-1,	'Spent',	'2022-11-29 01:33:02',	'2022-11-29 01:33:02'),
(39,	6,	0,	2,	'Bought',	'2022-12-01 06:20:18',	'2022-12-01 06:20:18'),
(40,	10,	0,	2,	'Bought',	'2022-12-02 03:30:17',	'2022-12-02 03:30:17'),
(41,	11,	0,	2,	'Bought',	'2022-12-03 00:34:48',	'2022-12-03 00:34:48'),
(44,	2,	35,	-1,	'Spent',	'2022-12-08 10:18:52',	'2022-12-08 10:18:52'),
(45,	2,	38,	-1,	'Spent',	'2022-12-20 12:33:24',	'2022-12-20 12:33:24'),
(46,	1,	0,	2,	'Bought',	'2022-12-23 08:15:09',	'2022-12-23 08:15:09'),
(47,	2,	40,	-1,	'Spent',	'2023-05-01 13:22:14',	'2023-05-01 13:22:14'),
(48,	2,	41,	-1,	'Spent',	'2023-06-14 13:36:35',	'2023-06-14 13:36:35'),
(49,	2,	42,	-1,	'Spent',	'2023-06-18 16:09:27',	'2023-06-18 16:09:27');

DROP TABLE IF EXISTS `failed_jobs`;
CREATE TABLE `failed_jobs` (
  `id` bigint unsigned NOT NULL,
  `uuid` varchar(255) CHARACTER SET utf8mb4 COLLATE utf8mb4_unicode_ci NOT NULL,
  `connection` text CHARACTER SET utf8mb4 COLLATE utf8mb4_unicode_ci NOT NULL,
  `queue` text CHARACTER SET utf8mb4 COLLATE utf8mb4_unicode_ci NOT NULL,
  `payload` longtext CHARACTER SET utf8mb4 COLLATE utf8mb4_unicode_ci NOT NULL,
  `exception` longtext CHARACTER SET utf8mb4 COLLATE utf8mb4_unicode_ci NOT NULL,
  `failed_at` timestamp NOT NULL DEFAULT CURRENT_TIMESTAMP
) ENGINE=InnoDB DEFAULT CHARSET=utf8mb4 COLLATE=utf8mb4_unicode_ci;


DROP TABLE IF EXISTS `migrations`;
CREATE TABLE `migrations` (
  `id` int unsigned NOT NULL AUTO_INCREMENT,
  `migration` varchar(255) CHARACTER SET utf8mb4 COLLATE utf8mb4_unicode_ci NOT NULL,
  `batch` int NOT NULL,
  PRIMARY KEY (`id`)
) ENGINE=InnoDB DEFAULT CHARSET=utf8mb4 COLLATE=utf8mb4_unicode_ci;

INSERT INTO `migrations` (`id`, `migration`, `batch`) VALUES
(7,	'2022_07_26_060742_create_countries_table',	2),
(38,	'2014_10_12_000000_create_users_table',	3),
(39,	'2014_10_12_100000_create_password_resets_table',	3),
(40,	'2019_08_19_000000_create_failed_jobs_table',	3),
(41,	'2019_12_14_000001_create_personal_access_tokens_table',	3),
(42,	'2022_07_26_054344_create_agents_table',	3),
(43,	'2022_07_26_054506_create_agent_addresses_table',	3),
(44,	'2022_07_27_122953_create_countries_table',	3),
(45,	'2022_08_01_095144_create_amenities_table',	3),
(46,	'2022_08_01_130207_create_properties_table',	3),
(47,	'2022_08_01_130301_create_property_amenities_table',	3),
(48,	'2022_08_01_130919_create_property_floorplans_table',	3),
(49,	'2022_08_01_131227_create_property_floorplan_images_table',	3),
(50,	'2022_08_01_133652_create_property_galleries_table',	3),
(51,	'2022_08_01_133929_create_property_gallery_images_table',	3),
(52,	'2022_08_01_134424_create_property_videos_table',	3),
(53,	'2022_08_05_130452_add_columns_to_properties',	3),
(54,	'2022_08_08_061349_add_badroom_to_properties',	3),
(55,	'2022_08_08_093531_create_property_images_table',	3),
(56,	'2022_08_09_103633_edit_columns_to_agents',	3),
(57,	'2022_08_18_122725_rename_columns_to_property_gallery_images',	4),
(58,	'2022_08_18_123644_rename_columnsize_to_property_gallery_images',	4),
(59,	'2022_08_29_072441_changetitle_in_property_videos_table',	5),
(60,	'2022_08_29_092801_change_column_in_property_videos_table',	5),
(61,	'2022_08_31_121827_create_property_matterport_table',	5),
(62,	'2022_09_01_124203_property_documents',	5),
(63,	'2022_09_05_061109_add_country_id_to_properties',	5),
(64,	'2022_09_20_111556_create_admins_table',	6),
(65,	'2022_09_26_041636_create_plans_table',	6),
(66,	'2022_09_26_062703_create_pages_table',	6);

DROP TABLE IF EXISTS `pages`;
CREATE TABLE `pages` (
  `id` bigint unsigned NOT NULL AUTO_INCREMENT,
  `title` varchar(50) CHARACTER SET utf8mb4 COLLATE utf8mb4_unicode_ci NOT NULL,
  `slug` varchar(50) CHARACTER SET utf8mb4 COLLATE utf8mb4_unicode_ci NOT NULL,
  `content` text CHARACTER SET utf8mb4 COLLATE utf8mb4_unicode_ci NOT NULL,
  `action` tinyint(1) NOT NULL DEFAULT '1',
  `created_at` timestamp NULL DEFAULT NULL,
  `updated_at` timestamp NULL DEFAULT NULL,
  PRIMARY KEY (`id`)
) ENGINE=InnoDB DEFAULT CHARSET=utf8mb4 COLLATE=utf8mb4_unicode_ci;


DROP TABLE IF EXISTS `password_resets`;
CREATE TABLE `password_resets` (
  `email` varchar(255) CHARACTER SET utf8mb4 COLLATE utf8mb4_unicode_ci NOT NULL,
  `token` varchar(255) CHARACTER SET utf8mb4 COLLATE utf8mb4_unicode_ci NOT NULL,
  `created_at` timestamp NULL DEFAULT NULL,
  KEY `password_resets_email_index` (`email`(191))
) ENGINE=InnoDB DEFAULT CHARSET=utf8mb4 COLLATE=utf8mb4_unicode_ci;


DROP TABLE IF EXISTS `payments`;
CREATE TABLE `payments` (
  `id` bigint unsigned NOT NULL AUTO_INCREMENT,
  `agent_id` int NOT NULL,
  `plan_id` int NOT NULL,
  `payment_date` date DEFAULT NULL,
  `payment_id` varchar(255) CHARACTER SET utf8mb4 COLLATE utf8mb4_unicode_ci DEFAULT NULL,
  `amount` decimal(5,2) DEFAULT NULL,
  `gateway_fees` decimal(5,2) DEFAULT NULL,
  `currency` varchar(10) CHARACTER SET utf8mb4 COLLATE utf8mb4_unicode_ci DEFAULT NULL,
  `other` text CHARACTER SET utf8mb4 COLLATE utf8mb4_unicode_ci,
  `status` enum('Pending','Paid','Unpaid') CHARACTER SET utf8mb4 COLLATE utf8mb4_unicode_ci NOT NULL DEFAULT 'Unpaid',
  `active` tinyint(1) NOT NULL DEFAULT '1',
  `created_at` timestamp NULL DEFAULT NULL,
  `updated_at` timestamp NULL DEFAULT NULL,
  PRIMARY KEY (`id`)
) ENGINE=InnoDB DEFAULT CHARSET=utf8mb4 COLLATE=utf8mb4_unicode_ci;

INSERT INTO `payments` (`id`, `agent_id`, `plan_id`, `payment_date`, `payment_id`, `amount`, `gateway_fees`, `currency`, `other`, `status`, `active`, `created_at`, `updated_at`) VALUES
(51,	114,	3,	'2022-10-12',	'evt_3Ls611SBGGnAQThw19b2r9Zh',	30.00,	NULL,	'usd',	NULL,	'Paid',	1,	NULL,	NULL),
(52,	2,	1,	'2022-10-12',	NULL,	30.00,	NULL,	'usd',	NULL,	'Paid',	1,	'2022-10-12 09:04:44',	'2022-10-12 09:04:44'),
(53,	114,	3,	'2022-10-13',	'evt_3LsLzISBGGnAQThw0NddzDoa',	30.00,	NULL,	'usd',	NULL,	'Paid',	1,	NULL,	NULL),
(54,	114,	3,	'2022-10-13',	'evt_3LsM3sSBGGnAQThw1ZQfbYlf',	60.00,	NULL,	'usd',	NULL,	'Paid',	1,	NULL,	NULL),
(55,	114,	3,	'2022-10-18',	'evt_3Lu8UDSBGGnAQThw08wiBl57',	30.00,	NULL,	'usd',	NULL,	'Paid',	1,	NULL,	NULL),
(56,	114,	3,	'2022-10-18',	'evt_3Lu8XsSBGGnAQThw0tCfWE08',	60.00,	NULL,	'usd',	NULL,	'Paid',	1,	NULL,	NULL),
(57,	114,	3,	'2022-10-18',	'evt_3Lu8gASBGGnAQThw0hITVkVW',	60.00,	NULL,	'usd',	NULL,	'Paid',	1,	NULL,	NULL),
(58,	114,	3,	'2022-10-18',	'evt_3Lu9oFSBGGnAQThw0qw6BZPH',	90.00,	NULL,	'usd',	NULL,	'Paid',	1,	NULL,	NULL),
(59,	114,	3,	'2022-10-18',	'evt_3Lu9wzSBGGnAQThw1z5AGA1d',	90.00,	NULL,	'usd',	NULL,	'Paid',	1,	NULL,	NULL),
(60,	114,	3,	'2022-10-18',	'evt_3Lu9zaSBGGnAQThw1FnJp1VR',	60.00,	NULL,	'usd',	NULL,	'Paid',	1,	NULL,	NULL),
(61,	114,	3,	'2022-10-18',	'evt_3LuA19SBGGnAQThw1vkPcrnm',	60.00,	NULL,	'usd',	NULL,	'Paid',	1,	NULL,	NULL),
(62,	114,	3,	'2022-10-18',	'evt_3LuA2USBGGnAQThw1nZSjCg1',	30.00,	NULL,	'usd',	NULL,	'Paid',	1,	NULL,	NULL),
(63,	114,	3,	'2022-10-18',	'evt_3LuFHnSBGGnAQThw0z00ULkh',	30.00,	NULL,	'usd',	NULL,	'Paid',	1,	NULL,	NULL),
(64,	114,	3,	'2022-10-19',	'evt_3LuTnASBGGnAQThw1pxmERAd',	30.00,	NULL,	'usd',	NULL,	'Paid',	1,	NULL,	NULL),
(65,	114,	3,	'2022-10-19',	'evt_3LuUbzSBGGnAQThw0YzaDoxe',	30.00,	NULL,	'usd',	NULL,	'Paid',	1,	NULL,	NULL),
(66,	114,	3,	'2022-10-19',	'evt_3LuUhVSBGGnAQThw1mpBr1nY',	60.00,	NULL,	'usd',	NULL,	'Paid',	1,	NULL,	NULL),
(67,	114,	3,	'2022-10-19',	'evt_3LuVGHSBGGnAQThw1ewTMx7T',	30.00,	NULL,	'usd',	NULL,	'Paid',	1,	NULL,	NULL),
(68,	2,	3,	'2022-10-19',	'cs_test_a13Jmv54mYbKYIJWQqSTZctGmIcE501eMYVxBNIkU2vswNW3FkbQNsZ7xE',	22.00,	NULL,	'usd',	NULL,	'Paid',	1,	'2022-10-19 07:47:20',	'2022-10-19 07:49:16'),
(69,	114,	3,	'2022-10-19',	'evt_3Luc9XSBGGnAQThw0pLz17RW',	22.00,	NULL,	'usd',	NULL,	'Paid',	1,	NULL,	NULL),
(70,	114,	3,	'2022-10-19',	'evt_3LucRHSBGGnAQThw0NIolHa1',	30.00,	NULL,	'usd',	NULL,	'Paid',	1,	NULL,	NULL),
(71,	1,	3,	NULL,	'cs_test_a12xv8Ek1LMtEQtSH6i4ozbLsnFUkbWEMk1JU7yO8VJT3GWKiYvbwf6seO',	22.00,	NULL,	'USD',	NULL,	'Unpaid',	1,	'2022-10-19 08:31:40',	'2022-10-19 08:31:40'),
(72,	1,	3,	NULL,	'cs_test_a1XP9io06CiG9PVq0jQbMPFAgIYswDyrp8wg3ZWxEN0oYbejrzgRUB8rqE',	22.00,	NULL,	'USD',	NULL,	'Unpaid',	1,	'2022-10-19 08:36:43',	'2022-10-19 08:36:43'),
(73,	1,	3,	NULL,	'cs_test_a1u3dWrPQtH5oxI7T0lEMwh3xlWxhI9TjitjwbBhopkeAFxV62UXd03QUo',	22.00,	NULL,	'USD',	NULL,	'Unpaid',	1,	'2022-10-19 08:36:58',	'2022-10-19 08:36:58'),
(74,	2,	3,	NULL,	'cs_test_a1sKPCAIc5bzbQmQ7rgbsvkEaOwVqgUuCm8cfKItkBzW97mODphWrTH1Fw',	22.00,	NULL,	'USD',	NULL,	'Unpaid',	1,	'2022-10-19 09:15:20',	'2022-10-19 09:15:20'),
(75,	2,	3,	'2022-10-20',	'cs_test_a1aLOH01tV5IJF0MHRWf3iYAhfQHYhWBbm90AZLl98n7je4C3HCFxgXeNB',	22.00,	NULL,	'usd',	NULL,	'Paid',	1,	'2022-10-19 22:37:00',	'2022-10-19 22:37:57'),
(76,	114,	3,	'2022-10-20',	'evt_3Luq2uSBGGnAQThw0LgVaORm',	22.00,	NULL,	'usd',	NULL,	'Paid',	1,	NULL,	NULL),
(77,	1,	3,	'2022-11-02',	'cs_test_a10S9RAiCMHYXgFkmqmWao9qb0h2LMTsaKoiN4cuLso0gdhhuv4dczKSxq',	22.00,	NULL,	'usd',	NULL,	'Paid',	1,	'2022-11-02 00:13:26',	'2022-11-02 00:15:23'),
(78,	114,	3,	'2022-11-02',	'evt_3LzZkGSBGGnAQThw13uVu4hn',	22.00,	NULL,	'usd',	NULL,	'Paid',	1,	NULL,	NULL),
(79,	1,	3,	NULL,	'cs_test_a1VuFDEcxngf5CMzWYhHo2SK1yQkwLvhzknrHpqMmQvW4MQm4B4eb004RQ',	22.00,	NULL,	'USD',	NULL,	'Unpaid',	1,	'2022-11-02 00:15:42',	'2022-11-02 00:15:42'),
(80,	1,	3,	NULL,	'cs_test_a1TwrovUJSmKRnSYPkZtYomNS0pv59wbtFtaM0QxhiZukzO8GzdwMhyXX3',	22.00,	NULL,	'USD',	NULL,	'Unpaid',	1,	'2022-11-02 00:15:58',	'2022-11-02 00:15:58'),
(81,	2,	3,	NULL,	'cs_test_a1QmnwWEN7jjDoPGgPVFzexNqCoMU77X4fXX1iHI6dUeGKa5pLTivs873f',	22.00,	NULL,	'USD',	NULL,	'Unpaid',	1,	'2022-11-04 06:18:21',	'2022-11-04 06:18:21'),
(82,	2,	3,	'2022-11-07',	'cs_test_a1tkJ6EvEWSfhq1noeG9FETe5VDjUzDaTki614p9VXFXSLVTtaCYM6fjzV',	22.00,	NULL,	'usd',	NULL,	'Paid',	1,	'2022-11-07 06:51:25',	'2022-11-07 06:53:19'),
(83,	114,	3,	'2022-11-07',	'evt_3M1UKxSBGGnAQThw0sKit2f9',	22.00,	NULL,	'usd',	NULL,	'Paid',	1,	NULL,	NULL),
(84,	114,	3,	'2022-11-07',	'evt_3M1UfBSBGGnAQThw1PAsJjXi',	60.00,	NULL,	'usd',	NULL,	'Paid',	1,	NULL,	NULL),
(85,	114,	3,	'2022-11-07',	'evt_3M1UkfSBGGnAQThw12s5jyIg',	60.00,	NULL,	'usd',	NULL,	'Paid',	1,	NULL,	NULL),
(86,	114,	3,	'2022-11-07',	'evt_3M1UwfSBGGnAQThw1QlydsXG',	30.00,	NULL,	'usd',	NULL,	'Paid',	1,	NULL,	NULL),
(87,	114,	3,	'2022-11-07',	'evt_3M1VGQSBGGnAQThw0uqj6EsL',	30.00,	NULL,	'usd',	NULL,	'Paid',	1,	NULL,	NULL),
(88,	114,	3,	'2022-11-08',	'evt_3M1jJSSBGGnAQThw1Fuc0qco',	30.00,	NULL,	'usd',	NULL,	'Paid',	1,	NULL,	NULL),
(89,	114,	3,	'2022-11-08',	'evt_3M1jLmSBGGnAQThw1DWa5cBh',	30.00,	NULL,	'usd',	NULL,	'Paid',	1,	NULL,	NULL),
(90,	114,	3,	'2022-11-08',	'evt_3M1jNfSBGGnAQThw1INU0yIG',	30.00,	NULL,	'usd',	NULL,	'Paid',	1,	NULL,	NULL),
(91,	114,	3,	'2022-11-08',	'evt_3M1jVISBGGnAQThw0BlD2H70',	30.00,	NULL,	'usd',	NULL,	'Paid',	1,	NULL,	NULL),
(92,	114,	3,	'2022-11-08',	'evt_3M1jhoSBGGnAQThw1XEbvTcp',	30.00,	NULL,	'usd',	NULL,	'Paid',	1,	NULL,	NULL),
(93,	114,	3,	'2022-11-08',	'evt_3M1jnWSBGGnAQThw0rbhl2ku',	30.00,	NULL,	'usd',	NULL,	'Paid',	1,	NULL,	NULL),
(94,	114,	3,	'2022-11-08',	'evt_3M1jrJSBGGnAQThw0P3mFyNh',	30.00,	NULL,	'usd',	NULL,	'Paid',	1,	NULL,	NULL),
(95,	114,	3,	'2022-11-08',	'evt_3M1juZSBGGnAQThw1bRicGEv',	30.00,	NULL,	'usd',	NULL,	'Paid',	1,	NULL,	NULL),
(96,	114,	3,	'2022-11-08',	'evt_3M1jvhSBGGnAQThw1DYPyB7t',	30.00,	NULL,	'usd',	NULL,	'Paid',	1,	NULL,	NULL),
(97,	2,	3,	'2022-11-08',	'cs_test_a11DHn35QC10BsHT6mziwtxf85s4WTf0kZb6fsqOGzBJqCCFWuWQO8Iqf8',	22.00,	NULL,	'usd',	NULL,	'Paid',	1,	'2022-11-07 23:35:39',	'2022-11-07 23:36:07'),
(98,	114,	3,	'2022-11-08',	'evt_3M1k0cSBGGnAQThw12vy7xf3',	22.00,	NULL,	'usd',	NULL,	'Paid',	1,	NULL,	NULL),
(99,	114,	3,	'2022-11-08',	'evt_3M1k3ESBGGnAQThw0n2jJRv4',	30.00,	NULL,	'usd',	NULL,	'Paid',	1,	NULL,	NULL),
(100,	2,	3,	'2022-11-08',	'cs_test_a1cMje9Qq2CWkqojR1Llj5NyjO6eX2ogr2POgja6HU3rbhHyYbcR0eBgbY',	22.00,	NULL,	'usd',	NULL,	'Paid',	1,	'2022-11-07 23:41:16',	'2022-11-07 23:41:40'),
(101,	114,	3,	'2022-11-08',	'evt_3M1k61SBGGnAQThw1FbRySfp',	22.00,	NULL,	'usd',	NULL,	'Paid',	1,	NULL,	NULL),
(102,	1,	3,	NULL,	'cs_test_a1cNRVXThQHPa9hoMhTVJarTuC1G70FxBjpX7IXEXxqYRrLwct8cxBF2K6',	22.00,	NULL,	'USD',	NULL,	'Unpaid',	1,	'2022-11-08 06:10:52',	'2022-11-08 06:10:52'),
(103,	1,	3,	NULL,	'cs_test_a1GST05arG6IRK0yJseyDnYubuBzSs8CX7gX9JIio60V7v0fIKosVfY0xR',	22.00,	NULL,	'USD',	NULL,	'Unpaid',	1,	'2022-11-08 06:15:15',	'2022-11-08 06:15:15'),
(104,	114,	3,	'2022-11-18',	'evt_3M5TXqSBGGnAQThw1F7or8f6',	30.00,	NULL,	'usd',	NULL,	'Paid',	1,	NULL,	NULL),
(105,	6,	3,	'2022-12-01',	'cs_test_a1Ksgu1rC1hfaBxQZZ6HAOopESGDF4r5K8iYJDbO9aPFyg86ujW93uDQU9',	22.00,	NULL,	'usd',	NULL,	'Paid',	1,	'2022-12-01 06:18:28',	'2022-12-01 06:20:18'),
(106,	114,	3,	'2022-12-01',	'evt_3MABHOSBGGnAQThw1MDoiBRf',	22.00,	NULL,	'usd',	NULL,	'Paid',	1,	NULL,	NULL),
(107,	114,	3,	'2022-12-01',	'evt_3MABV4SBGGnAQThw1zOfIKus',	30.00,	NULL,	'usd',	NULL,	'Paid',	1,	NULL,	NULL),
(108,	114,	3,	'2022-12-01',	'evt_3MABhRSBGGnAQThw0Dy93elr',	30.00,	NULL,	'usd',	NULL,	'Paid',	1,	NULL,	NULL),
(109,	114,	3,	'2022-12-01',	'evt_3MABqdSBGGnAQThw1I1ybjwW',	30.00,	NULL,	'usd',	NULL,	'Paid',	1,	NULL,	NULL),
(110,	114,	3,	'2022-12-02',	'evt_3MARazSBGGnAQThw0PsCAq2e',	30.00,	NULL,	'usd',	NULL,	'Paid',	1,	NULL,	NULL),
(111,	114,	3,	'2022-12-02',	'evt_3MAT3YSBGGnAQThw0gvvv7eC',	30.00,	NULL,	'usd',	NULL,	'Paid',	1,	NULL,	NULL),
(112,	114,	3,	'2022-12-02',	'evt_3MAT9ZSBGGnAQThw0KBN3fQG',	30.00,	NULL,	'usd',	NULL,	'Paid',	1,	NULL,	NULL),
(113,	10,	3,	'2022-12-02',	'cs_test_a1x7ss10NToKOeDwoA8XEVqXoTXcWxTS8VRoizvirw6owccdBuUbRzUBUi',	22.00,	NULL,	'usd',	NULL,	'Paid',	1,	'2022-12-02 03:29:13',	'2022-12-02 03:30:17'),
(114,	114,	3,	'2022-12-02',	'evt_3MAV6PSBGGnAQThw0PRLjkMA',	22.00,	NULL,	'usd',	NULL,	'Paid',	1,	NULL,	NULL),
(115,	114,	3,	'2022-12-03',	'evt_3MAoBrSBGGnAQThw15dZsrJQ',	30.00,	NULL,	'usd',	NULL,	'Paid',	1,	NULL,	NULL),
(116,	11,	3,	'2022-12-03',	'cs_test_a1t1BQLYMXPMba8vE79Idwv5u1YHvvgpI8Ekk5qTyrXKOtK1B58EZB3Vvm',	22.00,	NULL,	'usd',	NULL,	'Paid',	1,	'2022-12-03 00:32:22',	'2022-12-03 00:34:48'),
(117,	114,	3,	'2022-12-03',	'evt_3MAoq7SBGGnAQThw1dgJPp9M',	22.00,	NULL,	'usd',	NULL,	'Paid',	1,	NULL,	NULL),
(118,	114,	3,	'2022-12-03',	'evt_3MApP6SBGGnAQThw0qN0sS4E',	60.00,	NULL,	'usd',	NULL,	'Paid',	1,	NULL,	NULL),
(119,	114,	3,	'2022-12-15',	'evt_3MFBLgSBGGnAQThw1Dpgbrf2',	30.00,	NULL,	'usd',	NULL,	'Paid',	1,	NULL,	NULL),
(120,	2,	3,	NULL,	'cs_test_a1UtEBB4DU6fQTZwFi6D4Dms2tmIfCweAgHP96JEEQ7YEV1HtW3DUfmrvC',	22.00,	NULL,	'USD',	NULL,	'Unpaid',	1,	'2022-12-18 11:30:48',	'2022-12-18 11:30:48'),
(121,	114,	3,	'2022-12-22',	'evt_3MHphXSBGGnAQThw0ejht6aM',	22.00,	NULL,	'usd',	NULL,	'Paid',	1,	NULL,	NULL),
(122,	114,	3,	'2022-12-22',	'evt_3MHpnzSBGGnAQThw1Mj0o95Y',	50.00,	NULL,	'usd',	NULL,	'Paid',	1,	NULL,	NULL),
(123,	1,	3,	NULL,	'cs_test_a1nU40ZAaPOPJGqL6pWaBNrwAHZSC9358N8KHqFge3utCGJEij8ZY9CRJZ',	22.00,	NULL,	'USD',	NULL,	'Unpaid',	1,	'2022-12-23 07:56:22',	'2022-12-23 07:56:22'),
(124,	1,	3,	'2022-12-23',	'cs_test_a1kfPTBHJ6DnxXtS42GawkuSCMrcoNCcXrwCRhHW95fbRbvUCLQEIlceLq',	22.00,	NULL,	'usd',	NULL,	'Paid',	1,	'2022-12-23 08:14:23',	'2022-12-23 08:15:09'),
(125,	114,	3,	'2022-12-23',	'evt_3MIBYaSBGGnAQThw0OyQkgaR',	22.00,	NULL,	'usd',	NULL,	'Paid',	1,	NULL,	NULL);

DROP TABLE IF EXISTS `personal_access_tokens`;
CREATE TABLE `personal_access_tokens` (
  `id` bigint unsigned NOT NULL AUTO_INCREMENT,
  `tokenable_type` varchar(255) CHARACTER SET utf8mb4 COLLATE utf8mb4_unicode_ci NOT NULL,
  `tokenable_id` bigint unsigned NOT NULL,
  `name` varchar(255) CHARACTER SET utf8mb4 COLLATE utf8mb4_unicode_ci NOT NULL,
  `token` varchar(64) CHARACTER SET utf8mb4 COLLATE utf8mb4_unicode_ci NOT NULL,
  `abilities` text CHARACTER SET utf8mb4 COLLATE utf8mb4_unicode_ci,
  `last_used_at` timestamp NULL DEFAULT NULL,
  `created_at` timestamp NULL DEFAULT NULL,
  `updated_at` timestamp NULL DEFAULT NULL,
  PRIMARY KEY (`id`),
  UNIQUE KEY `personal_access_tokens_token_unique` (`token`),
  KEY `personal_access_tokens_tokenable_type_tokenable_id_index` (`tokenable_type`(191),`tokenable_id`)
) ENGINE=InnoDB DEFAULT CHARSET=utf8mb4 COLLATE=utf8mb4_unicode_ci;


DROP TABLE IF EXISTS `plans`;
CREATE TABLE `plans` (
  `id` bigint unsigned NOT NULL AUTO_INCREMENT,
  `name` varchar(50) CHARACTER SET utf8mb4 COLLATE utf8mb4_unicode_ci NOT NULL,
  `price` decimal(5,2) NOT NULL,
  `credits` int NOT NULL DEFAULT '1',
  `active` tinyint(1) NOT NULL DEFAULT '1',
  `created_at` timestamp NULL DEFAULT NULL,
  `updated_at` timestamp NULL DEFAULT NULL,
  PRIMARY KEY (`id`)
) ENGINE=InnoDB DEFAULT CHARSET=utf8mb4 COLLATE=utf8mb4_unicode_ci;

INSERT INTO `plans` (`id`, `name`, `price`, `credits`, `active`, `created_at`, `updated_at`) VALUES
(3,	'Nothing',	22.00,	2,	1,	'2022-10-19 07:46:57',	'2022-10-19 23:56:56');

DROP TABLE IF EXISTS `properties`;
CREATE TABLE `properties` (
  `id` bigint unsigned NOT NULL AUTO_INCREMENT,
  `agent_id` bigint unsigned DEFAULT NULL,
  `name` varchar(100) CHARACTER SET utf8mb4 COLLATE utf8mb4_unicode_ci NOT NULL,
  `headline` varchar(100) CHARACTER SET utf8mb4 COLLATE utf8mb4_unicode_ci DEFAULT NULL,
  `description` text CHARACTER SET utf8mb4 COLLATE utf8mb4_unicode_ci,
  `bedroom` tinyint unsigned DEFAULT NULL,
  `bedroom_image` varchar(255) CHARACTER SET utf8mb4 COLLATE utf8mb4_unicode_ci DEFAULT NULL,
  `bathroom` tinyint unsigned DEFAULT NULL,
  `bathroom_image` varchar(255) CHARACTER SET utf8mb4 COLLATE utf8mb4_unicode_ci DEFAULT NULL,
  `garage` tinyint unsigned DEFAULT NULL,
  `parking_spaces` tinyint unsigned DEFAULT NULL,
  `unique_url` varchar(50) CHARACTER SET utf8mb4 COLLATE utf8mb4_unicode_ci NOT NULL,
  `address_line_1` varchar(100) CHARACTER SET utf8mb4 COLLATE utf8mb4_unicode_ci DEFAULT NULL,
  `price` varchar(20) CHARACTER SET utf8mb4 COLLATE utf8mb4_unicode_ci DEFAULT NULL,
  `property_area` varchar(20) CHARACTER SET utf8mb4 COLLATE utf8mb4_unicode_ci DEFAULT NULL,
  `address_line_2` varchar(255) CHARACTER SET utf8mb4 COLLATE utf8mb4_unicode_ci DEFAULT NULL,
  `city` varchar(50) CHARACTER SET utf8mb4 COLLATE utf8mb4_unicode_ci DEFAULT NULL,
  `state_id` varchar(50) CHARACTER SET utf8mb4 COLLATE utf8mb4_unicode_ci DEFAULT NULL,
  `country_id` int DEFAULT NULL,
  `zip` varchar(10) CHARACTER SET utf8mb4 COLLATE utf8mb4_unicode_ci DEFAULT NULL,
  `latitude` varchar(50) CHARACTER SET utf8mb4 COLLATE utf8mb4_unicode_ci DEFAULT NULL,
  `longitude` varchar(50) CHARACTER SET utf8mb4 COLLATE utf8mb4_unicode_ci DEFAULT NULL,
  `levels` tinyint unsigned DEFAULT NULL,
  `levels_image` varchar(255) CHARACTER SET utf8mb4 COLLATE utf8mb4_unicode_ci DEFAULT NULL,
  `matterport_data` varchar(100) CHARACTER SET utf8mb4 COLLATE utf8mb4_unicode_ci NOT NULL,
  `publish_date` date DEFAULT NULL,
  `views` int NOT NULL DEFAULT '0',
  `published` tinyint(1) NOT NULL DEFAULT '0',
  `featured_image` int NOT NULL DEFAULT '0',
  `main_section` enum('Video','Slider','Image') CHARACTER SET utf8mb4 COLLATE utf8mb4_unicode_ci DEFAULT NULL,
  `expiry_date` timestamp NULL DEFAULT NULL,
  `reviewed` tinyint(1) NOT NULL,
  `created_at` timestamp NULL DEFAULT NULL,
  `updated_at` timestamp NULL DEFAULT NULL,
  PRIMARY KEY (`id`),
  KEY `properties_agent_id_foreign` (`agent_id`),
  CONSTRAINT `properties_agent_id_foreign` FOREIGN KEY (`agent_id`) REFERENCES `agents` (`id`)
) ENGINE=InnoDB DEFAULT CHARSET=utf8mb4 COLLATE=utf8mb4_unicode_ci;

INSERT INTO `properties` (`id`, `agent_id`, `name`, `headline`, `description`, `bedroom`, `bedroom_image`, `bathroom`, `bathroom_image`, `garage`, `parking_spaces`, `unique_url`, `address_line_1`, `price`, `property_area`, `address_line_2`, `city`, `state_id`, `country_id`, `zip`, `latitude`, `longitude`, `levels`, `levels_image`, `matterport_data`, `publish_date`, `views`, `published`, `featured_image`, `main_section`, `expiry_date`, `reviewed`, `created_at`, `updated_at`) VALUES
(1,	1,	'ssadsad`1^}{}\'\'\"\"\"',	NULL,	'<p><span style=\"color: rgb(51, 51, 51); font-family: Roboto, sans-serif; font-size: 14px; background-color: rgb(255, 255, 255);\">Distinct cutting edge design and uncompromised attention to detail meet the sophistication of this finely appointed Four Seasons custom home, a true haven amidst natural splendor. Masterfully positioned to soak in vast Lake Washington vistas. Immerse yourself in luxury, as meticulous craftsmanship and state of the art finishes present a truly unparalleled living experience. Memorable floating stairs welcome you home to elevated ceilings and walls of windows. The chef\'s kitchen, outfitted with designer grade appliances, offers endless opportunity for culinary exploration. Expansive outdoor living areas, strategically appointed for year round entertainment. This Mercer Island masterpiece lies among a category of homes rarely available.</span><br></p>',	52,	NULL,	5,	NULL,	6,	5,	'ssadsad1',	'test address',	'67283',	NULL,	'test address',	'Noida',	'',	230,	'123456',	NULL,	NULL,	2,	NULL,	'ssadsad`1^}{}\'\'\"\"\"',	'2022-11-02',	2,	0,	0,	'Video',	NULL,	0,	'2022-08-16 08:22:31',	'2022-12-07 08:23:12'),
(2,	2,	'test address',	NULL,	NULL,	8,	NULL,	7,	NULL,	0,	0,	'test-address-44',	NULL,	'15236',	NULL,	NULL,	'mesa',	'5',	230,	NULL,	NULL,	NULL,	3,	NULL,	'test address',	'2022-11-01',	24,	1,	66,	'Image',	'2023-01-17 07:58:10',	1,	'2022-08-24 03:20:03',	'2022-11-17 07:08:07'),
(3,	1,	'test address rajendra',	NULL,	'<p>This is test property descrioption</p>',	0,	NULL,	0,	NULL,	0,	0,	'test-address-rajendra',	'test address rajendra',	'123',	NULL,	'test address edietd',	'Noida',	'3',	230,	'123456',	NULL,	NULL,	1,	NULL,	'test address rajendra',	'2022-11-30',	6,	0,	52,	'Image',	'2023-01-17 08:59:18',	0,	'2022-08-24 03:20:25',	'2022-11-30 06:41:20'),
(13,	2,	'4634 E Mercer Way',	NULL,	'<p><span style=\"color: rgb(51, 51, 51); font-family: &quot;Libre Franklin&quot;, -apple-system, &quot;system-ui&quot;, Roboto, &quot;Droid Sans&quot;, Helvetica, Arial, sans-serif; font-size: 16px;\">Distinct cutting edge design and uncompromised attention to detail meet the sophistication of this finely appointed Four Seasons custom home, a true haven amidst natural splendor. Masterfully positioned to soak in vast Lake Washington vistas. Immerse yourself in luxury, as meticulous craftsmanship and state of the art finishes present a truly unparalleled living experience. Memorable floating stairs welcome you home to elevated ceilings and walls of windows. The chef’s kitchen, outfitted with designer grade appliances, offers endless opportunity for culinary exploration. Expansive outdoor living areas, strategically appointed for year round entertainment. This Mercer Island masterpiece lies among a category of homes rarely available.</span><br></p>',	8,	'',	7,	'',	4,	6,	'4634-e-mercer-way-91',	'4634 E Mercer Way',	'5,900,000',	NULL,	NULL,	'Mercer Island',	'68',	230,	'98040',	NULL,	NULL,	4,	'',	'4634 E Mercer Way',	'2023-06-21',	24,	0,	83,	'Video',	'2023-02-07 10:12:00',	0,	'2022-10-26 20:57:50',	'2023-06-21 01:41:03'),
(14,	2,	'beta 1',	NULL,	NULL,	NULL,	NULL,	NULL,	NULL,	NULL,	NULL,	'beta-1',	'beta 1',	NULL,	NULL,	'knowledge park-1',	'greater noida',	'8',	230,	'209341',	NULL,	NULL,	NULL,	NULL,	'beta 1',	'2022-11-17',	0,	0,	0,	'Video',	'2023-02-15 07:07:54',	0,	'2022-11-01 06:32:19',	'2022-11-17 07:17:39'),
(15,	4,	'gfjyh',	NULL,	NULL,	NULL,	NULL,	NULL,	NULL,	NULL,	NULL,	'gfjyh',	'Sikandra RAO Hathras',	NULL,	NULL,	'Sikandra RAO Hathras',	'Sikandra rao',	'1',	230,	'204215',	NULL,	NULL,	NULL,	NULL,	'gfjyh',	'2022-11-02',	2,	0,	0,	'Video',	NULL,	0,	'2022-11-01 22:56:33',	'2022-11-02 00:30:47'),
(16,	4,	'sdfsdfsdf',	NULL,	NULL,	NULL,	NULL,	NULL,	NULL,	NULL,	NULL,	'sdfsdfsdf',	NULL,	NULL,	NULL,	NULL,	'Sikandra rao',	'',	230,	'204215',	NULL,	NULL,	NULL,	NULL,	'sdfsdfsdf',	'2022-11-03',	1,	0,	0,	'Video',	NULL,	0,	'2022-11-03 01:12:52',	'2022-11-16 10:05:54'),
(17,	2,	'test',	NULL,	'<p><span style=\"color: rgb(51, 51, 51); font-family: Roboto, sans-serif; font-size: 14px; background-color: rgb(255, 255, 255);\">Distinct cutting edge design and uncompromised attention to detail meet the sophistication of this finely appointed Four Seasons custom home, a true haven amidst natural splendor. Masterfully positioned to soak in vast Lake Washington vistas. Immerse yourself in luxury, as meticulous craftsmanship and state of the art finishes present a truly unparalleled living experience. Memorable floating stairs welcome you home to elevated ceilings and walls of windows. The chef\'s kitchen, outfitted with designer grade appliances, offers endless opportunity for culinary exploration. Expansive outdoor living areas, strategically appointed for year round entertainment. This Mercer Island masterpiece lies among a category of homes rarely available.</span><br></p>',	NULL,	NULL,	NULL,	NULL,	NULL,	NULL,	'test',	'4634 E Mercer Way',	NULL,	NULL,	'4634 E Mercer Way',	'Mercer Island',	'68',	230,	'98040',	NULL,	NULL,	NULL,	NULL,	'test',	'2022-11-03',	0,	0,	0,	'Video',	NULL,	0,	'2022-11-03 09:26:56',	'2022-11-03 09:27:44'),
(18,	2,	'Noida sector 62',	NULL,	'<p>RAison is pg</p>',	NULL,	NULL,	NULL,	NULL,	NULL,	NULL,	'noida-sector-62',	'Noida sector 62',	'4000',	NULL,	NULL,	'Test city',	'6',	230,	'12345',	NULL,	NULL,	4,	NULL,	'Noida sector 62',	'2022-12-02',	1,	1,	0,	'Video',	'2023-03-02 10:32:11',	1,	'2022-11-04 09:09:58',	'2022-12-02 10:32:11'),
(19,	2,	'4634 E Mercer Way',	NULL,	'<p><span style=\"color: rgb(42, 42, 51); font-family: &quot;Open Sans&quot;, &quot;Adjusted Arial&quot;, Tahoma, Geneva, sans-serif; font-size: 16px; white-space: pre-wrap; background-color: rgb(255, 255, 255);\">Distinct cutting edge design and uncompromised attention to detail meet the sophistication of this finely appointed Four Seasons custom home, a true haven amidst natural splendor. Masterfully positioned to soak in vast Lake Washington vistas. Immerse yourself in luxury, as meticulous craftsmanship and state of the art finishes present a truly unparalleled living experience. Memorable floating stairs welcome you home to elevated ceilings and walls of windows. The chef’s kitchen, outfitted with designer grade appliances, offers endless opportunity for culinary exploration. Expansive outdoor living areas, strategically appointed for year round entertainment. This Mercer Island masterpiece lies among a category of homes rarely available.</span><br></p>',	8,	NULL,	7,	NULL,	4,	6,	'4634-e-mercer-way-67',	'4634 E Mercer Way',	'5,675,000',	NULL,	'4634 E Mercer Way',	'Test city',	'8',	230,	'12345',	NULL,	NULL,	3,	NULL,	'4634 E Mercer Way',	'2022-11-29',	25,	1,	0,	'Video',	'2023-02-27 01:33:02',	1,	'2022-11-07 05:08:15',	'2022-12-28 22:55:26'),
(20,	1,	'Test property',	NULL,	'<p>This propety is test property</p>',	5,	'1670938454_download (3).png',	6,	'',	NULL,	NULL,	'test-property',	'Street 1',	'82929 mn Dollar',	NULL,	'Jupitor',	'West palm Beach',	'15',	230,	'123456',	NULL,	NULL,	2,	'',	'Test property',	'2022-11-08',	17,	0,	77,	'Slider',	'2023-02-06 08:05:29',	0,	'2022-11-08 06:07:40',	'2022-12-27 08:27:48'),
(21,	1,	'test street 1',	NULL,	'<p>This is test description.</p>',	NULL,	'',	NULL,	'',	NULL,	NULL,	'test-street-1',	'test street 1',	'USD 3.5 million',	NULL,	'test street 2',	'West palm beach',	'15',	230,	'32154',	NULL,	NULL,	NULL,	'',	'test street 1',	'2022-11-25',	4,	0,	98,	'Video',	NULL,	0,	'2022-11-14 08:23:52',	'2022-12-27 07:28:46'),
(22,	2,	'4634 E Mercer Way',	NULL,	'<div class=\"remarks font-weight-roman\" style=\"margin: 0px; padding: 0px; border-style: initial; font-style: inherit; font-variant: inherit; font-stretch: inherit; font-size: inherit; line-height: inherit; font-family: inherit; vertical-align: baseline;\"><div class=\"expandableSection expanded expandablePreview marketingRemarks\" id=\"marketingRemarks-preview\" data-rf-test-id=\"listingRemarks\" style=\"margin: 0px; padding: 0px; border-style: initial; font: inherit; vertical-align: baseline;\"><div class=\"sectionContentContainer expanded\" aria-hidden=\"false\" style=\"margin-top: 0px; margin-right: 0px; margin-bottom: unset; margin-left: 0px; padding: 0px; border-style: initial; font: inherit; vertical-align: baseline; transition-property: max-height; height: auto; max-height: 132px; transition-duration: 0.0155s; overflow: hidden !important;\"><div class=\"sectionContent\" style=\"margin: 0px; padding: 0px; border-style: initial; font: inherit; vertical-align: baseline;\"><div class=\"remarks\" id=\"marketing-remarks-scroll\" data-rf-test-id=\"listingRemarks\" style=\"margin: 0px; padding: 0px; border-style: initial; font: inherit; vertical-align: baseline;\"><p class=\"text-base\" style=\"padding: 0px; border-style: initial; font-style: inherit; font-variant: inherit; font-stretch: inherit; line-height: inherit; font-family: inherit; vertical-align: baseline;\"><span style=\"margin: 0px; padding: 0px; border-style: initial; font: inherit; vertical-align: baseline;\">Welcome Home to The Lakes, a peaceful &amp; secure 55+ gated community. This well-maintained rambler has 3 bedrooms, 1.75 baths, &amp; is situated on one of the best view properties in The Lakes. An open-concept floor plan, wood burning brick mantle fireplace, vaulted ceilings, a Master bedroom w/ 5-piece Master bath &amp; large walk-in closet, as well as a covered patio to enjoy year-round views of the lake, are all a part of this delightful home. Heat pump w/ AC, sprinkler system, &amp; close to shopping too.</span></p></div></div></div></div></div>',	8,	NULL,	7,	NULL,	4,	6,	'4634-e-mercer-way',	'4634 E Mercer Way',	'5,900,000',	NULL,	NULL,	'Mercer Island',	'68',	230,	'98040',	NULL,	NULL,	3,	NULL,	'4634 E Mercer Way',	'2022-12-06',	15,	1,	0,	'Video',	'2023-02-23 13:48:26',	1,	'2022-11-25 09:48:55',	'2022-12-08 08:23:17'),
(23,	1,	'test address edited',	NULL,	'<p>Test description</p>',	NULL,	NULL,	NULL,	NULL,	NULL,	NULL,	'test-address-edited',	'test address edited',	NULL,	NULL,	'new property',	'Noida',	'3',	230,	'123456',	NULL,	NULL,	NULL,	NULL,	'test address edited',	'2022-11-30',	2,	0,	0,	'Video',	NULL,	0,	'2022-11-30 06:42:59',	'2022-12-08 09:01:53'),
(24,	9,	'This is my property address',	NULL,	NULL,	10,	NULL,	6,	NULL,	3,	2,	'this-is-my-property-address',	'This is my property address',	'USD 34.5667 million',	NULL,	'Street 2',	'Sacramento',	'8',	230,	'94256',	NULL,	NULL,	2,	NULL,	'This is my property address',	'2022-12-01',	1,	0,	151,	'Image',	NULL,	0,	'2022-12-01 07:20:19',	'2022-12-01 07:31:10'),
(25,	11,	'delhi',	NULL,	'<p>hello mohit</p><p><br></p>',	2,	NULL,	2,	NULL,	3,	3,	'delhi-81',	'delhi',	'USD :- 54$',	NULL,	NULL,	NULL,	'4',	230,	NULL,	NULL,	NULL,	3,	NULL,	'delhi',	'2022-12-03',	0,	0,	0,	NULL,	NULL,	0,	'2022-12-02 09:27:05',	'2022-12-03 00:26:09'),
(26,	12,	'hello',	NULL,	'<p>sss@gmail.com<br></p>',	56,	NULL,	56,	NULL,	56,	56,	'hello',	'hello',	'5656',	NULL,	NULL,	NULL,	'16',	230,	NULL,	NULL,	NULL,	3,	NULL,	'hello',	'2022-12-03',	2,	0,	155,	'Video',	'2023-03-03 01:47:21',	0,	'2022-12-03 01:15:08',	'2022-12-03 01:51:14'),
(29,	13,	'yuiuioui',	NULL,	NULL,	NULL,	NULL,	NULL,	NULL,	NULL,	NULL,	'yuiuioui',	'yuiuioui',	NULL,	NULL,	NULL,	'sdf',	'2',	230,	'121212',	NULL,	NULL,	NULL,	NULL,	'yuiuioui',	'2022-12-03',	0,	0,	0,	NULL,	NULL,	0,	'2022-12-03 01:59:03',	'2022-12-03 01:59:03'),
(30,	14,	'tyutyu567',	NULL,	NULL,	NULL,	NULL,	NULL,	NULL,	NULL,	NULL,	'tyutyu567',	'tyutyu567',	NULL,	NULL,	NULL,	'dfgdfg',	'2',	230,	'345345',	NULL,	NULL,	NULL,	NULL,	'tyutyu567',	'2022-12-03',	0,	0,	0,	NULL,	NULL,	0,	'2022-12-03 02:03:16',	'2022-12-03 02:03:16'),
(31,	1,	'test address edited',	NULL,	NULL,	NULL,	NULL,	NULL,	NULL,	NULL,	NULL,	'test-address-edited-18',	'test address edited',	NULL,	NULL,	NULL,	'Noida',	'26',	230,	'123456',	NULL,	NULL,	NULL,	NULL,	'test address edited',	'2022-12-03',	0,	0,	0,	NULL,	NULL,	0,	'2022-12-03 02:09:21',	'2022-12-03 02:09:38'),
(32,	16,	'This is long address for agent',	NULL,	NULL,	NULL,	NULL,	NULL,	NULL,	NULL,	NULL,	'this-is-long-address-for-agent',	'This is long address for agent',	NULL,	NULL,	NULL,	'Mexico',	'42',	230,	'35628',	NULL,	NULL,	NULL,	NULL,	'This is long address for agent',	'2022-12-03',	1,	0,	157,	NULL,	NULL,	0,	'2022-12-03 02:12:57',	'2022-12-03 02:15:03'),
(33,	18,	'Khora',	NULL,	NULL,	NULL,	NULL,	NULL,	NULL,	NULL,	NULL,	'khora',	'Khora',	NULL,	NULL,	NULL,	'Noida',	'6',	230,	'201301',	NULL,	NULL,	NULL,	NULL,	'Khora',	'2022-12-05',	0,	0,	0,	NULL,	NULL,	0,	'2022-12-04 22:51:49',	'2022-12-04 22:51:49'),
(34,	19,	'Khora',	NULL,	NULL,	NULL,	NULL,	NULL,	NULL,	NULL,	NULL,	'khora-36',	'Khora',	NULL,	NULL,	NULL,	'Ambedkar Nagar',	'6',	230,	'232541',	NULL,	NULL,	NULL,	NULL,	'Khora',	'2022-12-05',	0,	0,	0,	NULL,	NULL,	0,	'2022-12-04 22:56:10',	'2022-12-04 22:56:10'),
(35,	2,	'23336 Lake Wenatchee Hwy',	NULL,	'<p><span style=\"color: rgb(51, 51, 51); font-family: &quot;Libre Franklin&quot;, -apple-system, &quot;system-ui&quot;, Roboto, &quot;Droid Sans&quot;, Helvetica, Arial, sans-serif; font-size: 16px;\">Immerse yourself in a luxury mountain experience like never before. Live amidst natural splendor, sunrise to sunset and twinkling stars, Omnia Mountain Lodge lies within a category of legacy properties which rarely come available. A haven sprawled throughout 2.2 acres of private serenity, nestled between Leavenworth and Stevens Pass Ski Resort, Omnia Mountain Lodge was thoughtfully designed to embrace sweeping vistas. Serving as a modern retreat with classic Pacific Northwest elements, the lodge offers uncompromised indulgence. Over 7,000 square feet of space unfolds across ten bedrooms and six bathrooms, with opulent shared spaces and amenities. A truly rare opportunity!</span><br></p>',	10,	'1670942196_41b0d249ff46149140ea70d6f8a8c6f7-full.jpg',	8,	'1670942196_6079b04ca0f87.image.jpg',	6,	6,	'23336-lake-wenatchee-hwy',	'23336 Lake Wenatchee Hwy',	'13,116,122',	NULL,	NULL,	'Leavenworth',	'68',	230,	'98826',	NULL,	NULL,	3,	'1670942196_11f812ed01912675e824eb4a99137d2e-full.webp',	'23336 Lake Wenatchee Hwy',	'2022-12-13',	46,	0,	161,	'Video',	'2023-03-08 10:18:52',	0,	'2022-12-08 08:43:46',	'2023-06-18 23:19:24'),
(36,	10,	'dfgdfg',	NULL,	NULL,	NULL,	NULL,	NULL,	NULL,	NULL,	NULL,	'dfgdfg',	'dfgdfg',	NULL,	NULL,	NULL,	'Delhi Hatt',	'8',	230,	'111111',	NULL,	NULL,	NULL,	NULL,	'dfgdfg',	'2022-12-09',	0,	0,	0,	NULL,	NULL,	0,	'2022-12-08 23:10:37',	'2022-12-08 23:10:37'),
(37,	1,	'sdfsdfsd',	NULL,	NULL,	NULL,	NULL,	NULL,	NULL,	NULL,	NULL,	'sdfsdfsd',	'sdfsdfsd',	NULL,	NULL,	'sdfsd',	'fsdf',	'44',	230,	'sdfsdf',	NULL,	NULL,	NULL,	NULL,	'sdfsdfsd',	'2022-12-14',	0,	0,	0,	NULL,	NULL,	0,	'2022-12-14 08:40:05',	'2022-12-14 08:40:05'),
(38,	2,	'9500 Wawona Court',	NULL,	'<p><span style=\"color: rgb(51, 51, 51); font-family: &quot;Libre Franklin&quot;, -apple-system, &quot;system-ui&quot;, Roboto, &quot;Droid Sans&quot;, Helvetica, Arial, sans-serif; font-size: 16px;\">Located near Martis Camp’s Lookout Lodge and private ski connection to Northstar California™, this hillside mountain modern home boasts stunning views of the Martis Valley and the Carson Range from virtually every room, creating an authentic retreat setting without sacrificing convenience, in this thoughtful mountain design.</span><br></p>',	5,	'1671555270_Martis-Camp-Hero.jpg',	6,	'1671793626_3.jpg',	6,	4,	'9500-wawona-court',	'9500 Wawona Court',	'8,089,780',	NULL,	NULL,	'Truckee',	'8',	230,	'96161',	NULL,	NULL,	3,	'1671633281_1-a.jpg',	'9500 Wawona Court',	'2022-12-30',	69,	1,	0,	'Video',	'2023-03-20 12:33:24',	1,	'2022-12-20 09:45:48',	'2023-05-02 10:46:08'),
(39,	2,	'4632 E Mercer Way',	NULL,	'<p><span style=\"color: rgb(51, 51, 51); font-family: &quot;Libre Franklin&quot;, -apple-system, &quot;system-ui&quot;, Roboto, &quot;Droid Sans&quot;, Helvetica, Arial, sans-serif; font-size: 16px;\">Located near Martis Camp’s Lookout Lodge and private ski connection to Northstar California™, this hillside mountain modern home boasts stunning views of the Martis Valley and the Carson Range from virtually every room, creating an authentic retreat setting without sacrificing convenience, in this thoughtful mountain design.</span><br></p>',	5,	'1681299465_1671555270_Martis-Camp-Hero.jpg',	6,	'1681299465_1671793626_3.jpg',	6,	4,	'4632-e-mercer-way',	'4632 E Mercer Way',	'8,089,780',	NULL,	NULL,	'Mercer Island',	'68',	230,	'98040',	'47.56256654',	'-122.21002440',	3,	'http://realtyinterface.s3.amazonaws.com/property_features/1685533732_1681299465_1671633281_1-a.jpg',	'4632 E Mercer Way',	'2023-06-01',	43,	0,	0,	'Slider',	NULL,	0,	'2023-04-12 05:58:28',	'2023-06-02 11:03:16'),
(40,	2,	'126 Clement St',	NULL,	'<p>Demo</p>',	2,	'https://realtyinterface.s3.amazonaws.com/property_features/1682604881_',	2,	'https://realtyinterface.s3.amazonaws.com/property_features/1682604883_',	NULL,	NULL,	'126-clement-st-87',	'126 Clement St',	'8,089,780',	NULL,	NULL,	'San Francisco',	'8',	230,	'94118',	'37.78335005596662',	'-122.46076941490173',	1,	'https://realtyinterface.s3.amazonaws.com/property_features/1682604857_7.jpg',	'126 Clement St',	'2023-06-02',	17,	0,	0,	'Slider',	'2023-07-30 13:22:14',	0,	'2023-04-13 05:16:59',	'2023-06-10 23:33:24'),
(41,	2,	'615 Alpine View Drive',	NULL,	'<p><span style=\"font-size: 16px; color: rgb(42, 42, 51); font-family: &quot;Open Sans&quot;, &quot;Adjusted Arial&quot;, Tahoma, Geneva, sans-serif; font-variant-ligatures: normal; orphans: 2; widows: 2; white-space: pre-wrap; text-decoration-thickness: initial;\">The house is on a large street to street lot with panoramic lakeviews. An extensive renovation incorporated 21/2 baths, added lodgepole decore to the main level and loft.Lots of extras here. Kitchen has granite counters, tile floors, island, big pantry, gas stove w/ 5 burners (1 is a grill) &amp; warming oven, &amp; extra lighting. Great room off kitchen accomadates a big screen just fine. Custom window coverings. Upgraded cut berber carpet. Loft overlooks great room with skylights and attached full bathroom. Hot tub and sauna on lower level interior. Extra insulation in interior walls. Detached  2 car garage is insulated &amp; has extra shelving/storage in loft and underneath garage level. </span><br></p>',	8,	'http://realtyinterface.s3.amazonaws.com/property_features/1686837475_',	6,	'http://realtyinterface.s3.amazonaws.com/property_features/1686895904_',	6,	12,	'615-alpine-view-drive-45',	'615 Alpine View Drive',	'13,311,000',	NULL,	NULL,	'Incline Village',	'8',	230,	'98922',	NULL,	NULL,	3,	'http://realtyinterface.s3.amazonaws.com/property_features/1686837553_image3.jpeg',	'615 Alpine View Drive',	'2023-06-21',	8,	1,	0,	NULL,	'2023-09-12 13:36:35',	1,	'2023-06-11 17:50:06',	'2023-06-21 13:05:19'),
(42,	2,	'9500 Wawona Court',	'Omni Lodge',	'<p><span style=\"color: rgb(55, 55, 55); font-family: Montserrat, sans-serif; font-size: 17px; font-variant-ligatures: normal; orphans: 2; widows: 2; text-decoration-thickness: initial;\">In the crow’s nest that glows in the blue-black of twilight comes a rustling. Two kids have closed the books, put their screens to sleep, and are directing a telescope toward what one thinks is Jupiter and the other insists is a snowcat prowling the slopes of Lookout Mountain.&nbsp;</span><br></p>',	5,	'http://realtyinterface.s3.amazonaws.com/property_features/1687271264_exteriormain.jpg',	5,	'http://realtyinterface.s3.amazonaws.com/property_features/1687255594_9.jpg',	6,	10,	'9500-wawona-court-56',	'9500 Wawona Court',	'13,898,000',	'5,200',	NULL,	'Truckee',	'8',	230,	'96161',	NULL,	NULL,	3,	'http://realtyinterface.s3.amazonaws.com/property_features/1687255593_3.jpg',	'9500 Wawona Court',	'2023-06-20',	42,	1,	0,	'Video',	'2023-09-16 16:09:27',	1,	'2023-06-15 16:57:40',	'2023-06-22 06:18:46');

DROP TABLE IF EXISTS `property_amenities`;
CREATE TABLE `property_amenities` (
  `id` bigint unsigned NOT NULL AUTO_INCREMENT,
  `property_id` bigint unsigned NOT NULL,
  `amenity_id` int unsigned NOT NULL,
  `created_at` timestamp NULL DEFAULT NULL,
  `updated_at` timestamp NULL DEFAULT NULL,
  PRIMARY KEY (`id`),
  KEY `property_amenities_property_id_foreign` (`property_id`),
  CONSTRAINT `property_amenities_property_id_foreign` FOREIGN KEY (`property_id`) REFERENCES `properties` (`id`)
) ENGINE=InnoDB DEFAULT CHARSET=utf8mb4 COLLATE=utf8mb4_unicode_ci;

INSERT INTO `property_amenities` (`id`, `property_id`, `amenity_id`, `created_at`, `updated_at`) VALUES
(13,	1,	3,	'2022-09-27 09:45:16',	'2022-09-27 09:45:16'),
(14,	1,	21,	'2022-09-27 09:45:16',	'2022-09-27 09:45:16'),
(15,	1,	23,	'2022-09-27 09:45:16',	'2022-09-27 09:45:16'),
(16,	1,	17,	'2022-09-27 09:45:16',	'2022-09-27 09:45:16'),
(27,	2,	2,	'2022-11-01 04:50:20',	'2022-11-01 04:50:20'),
(28,	2,	3,	'2022-11-01 04:50:20',	'2022-11-01 04:50:20'),
(29,	15,	1,	'2022-11-01 22:58:03',	'2022-11-01 22:58:03'),
(30,	15,	3,	'2022-11-01 22:58:03',	'2022-11-01 22:58:03'),
(31,	15,	5,	'2022-11-01 22:58:03',	'2022-11-01 22:58:03'),
(32,	17,	10,	'2022-11-03 09:27:59',	'2022-11-03 09:27:59'),
(33,	17,	9,	'2022-11-03 09:27:59',	'2022-11-03 09:27:59'),
(34,	17,	3,	'2022-11-03 09:27:59',	'2022-11-03 09:27:59'),
(35,	18,	5,	'2022-11-04 09:10:47',	'2022-11-04 09:10:47'),
(36,	18,	12,	'2022-11-04 09:10:47',	'2022-11-04 09:10:47'),
(60,	20,	4,	'2022-11-25 08:40:38',	'2022-11-25 08:40:38'),
(61,	20,	5,	'2022-11-25 08:40:38',	'2022-11-25 08:40:38'),
(62,	19,	9,	'2022-11-25 09:25:55',	'2022-11-25 09:25:55'),
(63,	19,	15,	'2022-11-25 09:25:55',	'2022-11-25 09:25:55'),
(64,	19,	16,	'2022-11-25 09:25:55',	'2022-11-25 09:25:55'),
(65,	19,	17,	'2022-11-25 09:25:55',	'2022-11-25 09:25:55'),
(66,	19,	27,	'2022-11-25 09:25:55',	'2022-11-25 09:25:55'),
(67,	19,	22,	'2022-11-25 09:25:55',	'2022-11-25 09:25:55'),
(68,	19,	21,	'2022-11-25 09:25:55',	'2022-11-25 09:25:55'),
(69,	19,	19,	'2022-11-25 09:25:55',	'2022-11-25 09:25:55'),
(70,	22,	11,	'2022-11-25 09:50:43',	'2022-11-25 09:50:43'),
(71,	22,	23,	'2022-11-25 09:50:43',	'2022-11-25 09:50:43'),
(72,	22,	13,	'2022-11-25 09:50:43',	'2022-11-25 09:50:43'),
(73,	22,	14,	'2022-11-25 09:50:43',	'2022-11-25 09:50:43'),
(74,	22,	6,	'2022-11-25 09:50:43',	'2022-11-25 09:50:43'),
(75,	22,	27,	'2022-11-25 09:50:43',	'2022-11-25 09:50:43'),
(76,	22,	16,	'2022-11-25 09:50:43',	'2022-11-25 09:50:43'),
(77,	22,	8,	'2022-11-25 09:50:43',	'2022-11-25 09:50:43'),
(78,	3,	3,	'2022-11-30 06:41:12',	'2022-11-30 06:41:12'),
(79,	3,	1,	'2022-11-30 06:41:12',	'2022-11-30 06:41:12'),
(80,	3,	28,	'2022-11-30 06:41:12',	'2022-11-30 06:41:12'),
(81,	23,	4,	'2022-11-30 06:44:53',	'2022-11-30 06:44:53'),
(82,	23,	13,	'2022-11-30 06:44:53',	'2022-11-30 06:44:53'),
(83,	23,	29,	'2022-11-30 06:44:53',	'2022-11-30 06:44:53'),
(84,	24,	5,	'2022-12-01 07:20:33',	'2022-12-01 07:20:33'),
(85,	24,	16,	'2022-12-01 07:20:33',	'2022-12-01 07:20:33'),
(86,	25,	3,	'2022-12-03 00:25:51',	'2022-12-03 00:25:51'),
(87,	25,	4,	'2022-12-03 00:25:51',	'2022-12-03 00:25:51'),
(88,	25,	30,	'2022-12-03 00:25:51',	'2022-12-03 00:25:51'),
(97,	31,	5,	'2022-12-03 02:09:55',	'2022-12-03 02:09:55'),
(98,	31,	16,	'2022-12-03 02:09:55',	'2022-12-03 02:09:55'),
(99,	31,	32,	'2022-12-03 02:09:55',	'2022-12-03 02:09:55'),
(108,	35,	19,	'2022-12-08 08:53:36',	'2022-12-08 08:53:36'),
(109,	35,	14,	'2022-12-08 08:53:36',	'2022-12-08 08:53:36'),
(110,	35,	15,	'2022-12-08 08:53:36',	'2022-12-08 08:53:36'),
(111,	35,	9,	'2022-12-08 08:53:36',	'2022-12-08 08:53:36'),
(112,	35,	1,	'2022-12-08 08:53:36',	'2022-12-08 08:53:36'),
(113,	35,	12,	'2022-12-08 08:53:36',	'2022-12-08 08:53:36'),
(114,	35,	18,	'2022-12-08 08:53:36',	'2022-12-08 08:53:36'),
(115,	35,	33,	'2022-12-08 08:53:36',	'2022-12-08 08:53:36'),
(116,	35,	34,	'2022-12-08 08:53:36',	'2022-12-08 08:53:36'),
(143,	38,	35,	'2022-12-23 05:36:09',	'2022-12-23 05:36:09'),
(144,	38,	36,	'2022-12-23 05:36:09',	'2022-12-23 05:36:09'),
(145,	38,	37,	'2022-12-23 05:36:09',	'2022-12-23 05:36:09'),
(146,	38,	38,	'2022-12-23 05:36:09',	'2022-12-23 05:36:09'),
(147,	38,	39,	'2022-12-23 05:36:09',	'2022-12-23 05:36:09'),
(148,	38,	40,	'2022-12-23 05:36:09',	'2022-12-23 05:36:09'),
(149,	38,	41,	'2022-12-23 05:36:09',	'2022-12-23 05:36:09'),
(150,	38,	42,	'2022-12-23 05:36:09',	'2022-12-23 05:36:09'),
(151,	38,	43,	'2022-12-23 05:36:09',	'2022-12-23 05:36:09'),
(152,	38,	44,	'2022-12-23 05:36:09',	'2022-12-23 05:36:09'),
(153,	38,	45,	'2022-12-23 05:36:09',	'2022-12-23 05:36:09'),
(154,	38,	46,	'2022-12-23 05:36:09',	'2022-12-23 05:36:09'),
(155,	38,	47,	'2022-12-23 05:36:09',	'2022-12-23 05:36:09'),
(156,	38,	4,	'2022-12-23 05:36:09',	'2022-12-23 05:36:09'),
(212,	39,	35,	'2023-06-01 15:00:53',	'2023-06-01 15:00:53'),
(213,	39,	37,	'2023-06-01 15:00:53',	'2023-06-01 15:00:53'),
(214,	39,	38,	'2023-06-01 15:00:53',	'2023-06-01 15:00:53'),
(215,	39,	39,	'2023-06-01 15:00:53',	'2023-06-01 15:00:53'),
(216,	39,	40,	'2023-06-01 15:00:53',	'2023-06-01 15:00:53'),
(217,	39,	41,	'2023-06-01 15:00:53',	'2023-06-01 15:00:53'),
(218,	39,	42,	'2023-06-01 15:00:53',	'2023-06-01 15:00:53'),
(219,	39,	43,	'2023-06-01 15:00:53',	'2023-06-01 15:00:53'),
(220,	39,	44,	'2023-06-01 15:00:53',	'2023-06-01 15:00:53'),
(221,	39,	45,	'2023-06-01 15:00:53',	'2023-06-01 15:00:53'),
(222,	39,	46,	'2023-06-01 15:00:53',	'2023-06-01 15:00:53'),
(223,	39,	25,	'2023-06-01 15:00:53',	'2023-06-01 15:00:53'),
(224,	39,	20,	'2023-06-01 15:00:53',	'2023-06-01 15:00:53'),
(225,	39,	4,	'2023-06-01 15:00:53',	'2023-06-01 15:00:53'),
(226,	39,	1,	'2023-06-01 15:00:53',	'2023-06-01 15:00:53'),
(227,	41,	6,	'2023-06-11 17:53:14',	'2023-06-11 17:53:14'),
(228,	41,	7,	'2023-06-11 17:53:14',	'2023-06-11 17:53:14'),
(229,	41,	10,	'2023-06-11 17:53:14',	'2023-06-11 17:53:14'),
(230,	41,	15,	'2023-06-11 17:53:14',	'2023-06-11 17:53:14'),
(231,	41,	21,	'2023-06-11 17:53:14',	'2023-06-11 17:53:14'),
(232,	41,	19,	'2023-06-11 17:53:14',	'2023-06-11 17:53:14'),
(233,	41,	33,	'2023-06-11 17:53:14',	'2023-06-11 17:53:14'),
(234,	41,	35,	'2023-06-11 17:53:14',	'2023-06-11 17:53:14'),
(235,	41,	41,	'2023-06-11 17:53:14',	'2023-06-11 17:53:14'),
(236,	41,	49,	'2023-06-11 17:53:14',	'2023-06-11 17:53:14'),
(237,	41,	50,	'2023-06-11 17:53:14',	'2023-06-11 17:53:14'),
(238,	41,	51,	'2023-06-11 17:53:14',	'2023-06-11 17:53:14'),
(251,	42,	1,	'2023-06-20 14:23:42',	'2023-06-20 14:23:42'),
(252,	42,	3,	'2023-06-20 14:23:42',	'2023-06-20 14:23:42'),
(253,	42,	6,	'2023-06-20 14:23:42',	'2023-06-20 14:23:42'),
(254,	42,	5,	'2023-06-20 14:23:42',	'2023-06-20 14:23:42'),
(255,	42,	15,	'2023-06-20 14:23:42',	'2023-06-20 14:23:42'),
(256,	42,	12,	'2023-06-20 14:23:42',	'2023-06-20 14:23:42'),
(257,	42,	21,	'2023-06-20 14:23:42',	'2023-06-20 14:23:42'),
(258,	42,	23,	'2023-06-20 14:23:42',	'2023-06-20 14:23:42'),
(259,	42,	10,	'2023-06-20 14:23:42',	'2023-06-20 14:23:42'),
(260,	42,	35,	'2023-06-20 14:23:42',	'2023-06-20 14:23:42'),
(261,	42,	52,	'2023-06-20 14:23:42',	'2023-06-20 14:23:42'),
(262,	42,	51,	'2023-06-20 14:23:42',	'2023-06-20 14:23:42'),
(263,	13,	1,	'2023-06-21 01:39:20',	'2023-06-21 01:39:20'),
(264,	13,	5,	'2023-06-21 01:39:20',	'2023-06-21 01:39:20'),
(265,	13,	8,	'2023-06-21 01:39:20',	'2023-06-21 01:39:20'),
(266,	13,	9,	'2023-06-21 01:39:20',	'2023-06-21 01:39:20'),
(267,	13,	10,	'2023-06-21 01:39:20',	'2023-06-21 01:39:20'),
(268,	13,	12,	'2023-06-21 01:39:20',	'2023-06-21 01:39:20'),
(269,	13,	13,	'2023-06-21 01:39:20',	'2023-06-21 01:39:20'),
(270,	13,	15,	'2023-06-21 01:39:20',	'2023-06-21 01:39:20'),
(271,	13,	16,	'2023-06-21 01:39:20',	'2023-06-21 01:39:20'),
(272,	13,	17,	'2023-06-21 01:39:20',	'2023-06-21 01:39:20');

DROP TABLE IF EXISTS `property_documents`;
CREATE TABLE `property_documents` (
  `id` int unsigned NOT NULL AUTO_INCREMENT,
  `property_id` bigint unsigned NOT NULL,
  `name` varchar(255) CHARACTER SET utf8mb4 COLLATE utf8mb4_unicode_ci DEFAULT NULL,
  `file_name` varchar(255) CHARACTER SET utf8mb4 COLLATE utf8mb4_unicode_ci NOT NULL,
  `created_at` timestamp NULL DEFAULT NULL,
  `updated_at` timestamp NULL DEFAULT NULL,
  PRIMARY KEY (`id`),
  KEY `property_documents_property_id_foreign` (`property_id`),
  CONSTRAINT `property_documents_property_id_foreign` FOREIGN KEY (`property_id`) REFERENCES `properties` (`id`)
) ENGINE=InnoDB DEFAULT CHARSET=utf8mb4 COLLATE=utf8mb4_unicode_ci;

INSERT INTO `property_documents` (`id`, `property_id`, `name`, `file_name`, `created_at`, `updated_at`) VALUES
(12,	2,	'1667455503_CakePHP Cookbook Documentation1.pdf',	'1667455503_CakePHP Cookbook Documentation1.pdf',	'2022-11-03 00:35:03',	'2022-11-03 00:35:03'),
(13,	2,	'1667455534_Mock Up Web Pages 07_28_2022.pdf',	'1667455534_Mock Up Web Pages 07_28_2022.pdf',	'2022-11-03 00:35:34',	'2022-11-03 00:35:34'),
(14,	2,	'1667455563_bootstrap-3.4.1-dist.zip',	'1667455563_bootstrap-3.4.1-dist.zip',	'2022-11-03 00:36:03',	'2022-11-03 00:36:03'),
(15,	2,	'1667456113_summernote-0.8.18-dist.zip',	'1667456113_summernote-0.8.18-dist.zip',	'2022-11-03 00:45:13',	'2022-11-03 00:45:13'),
(22,	3,	'1667553485_1667476338-wt_invoice.pdf',	'1667553485_1667476338-wt_invoice.pdf',	'2022-11-04 03:48:05',	'2022-11-04 03:48:05'),
(23,	3,	'1667553497_20221031191344-88.pdf',	'1667553497_20221031191344-88.pdf',	'2022-11-04 03:48:17',	'2022-11-04 03:48:17'),
(28,	20,	'Edited file name',	'1667907563_20221107082413-63.pdf',	'2022-11-08 06:09:23',	'2022-12-14 08:01:24'),
(29,	13,	'1668527610_01Seattle-1.pdf',	'1668527610_01Seattle-1.pdf',	'2022-11-15 10:23:30',	'2022-11-15 10:23:30'),
(30,	23,	'1669810626_lic-ack.pdf',	'1669810626_lic-ack.pdf',	'2022-11-30 06:47:06',	'2022-11-30 06:47:06'),
(32,	24,	'1669899225_Aakash Tomer\'s PHP Laravel Developer Resume.pdf',	'1669899225_Aakash Tomer\'s PHP Laravel Developer Resume.pdf',	'2022-12-01 07:23:45',	'2022-12-01 07:23:45'),
(35,	32,	'1670053469_Aakash Tomer\'s PHP Laravel Developer Resume.pdf',	'1670053469_Aakash Tomer\'s PHP Laravel Developer Resume.pdf',	'2022-12-03 02:14:29',	'2022-12-03 02:14:29'),
(36,	38,	'Martis Camp Orientation Map',	'1671557419_MartisCampOrientationMap_w2015.pdf',	'2022-12-20 12:00:19',	'2022-12-26 17:34:16'),
(37,	38,	'Area Information',	'1671557439_mediakit.pdf',	'2022-12-20 12:00:39',	'2022-12-26 17:34:28'),
(38,	38,	'Main Level Floor Plan',	'1672095886_mainlevel.jpg',	'2022-12-26 17:34:46',	'2022-12-26 17:35:23'),
(39,	38,	'Upper Level',	'1672095937_upperlevel.jpg',	'2022-12-26 17:35:37',	'2022-12-26 17:35:58'),
(40,	38,	'Lower Level',	'1672095946_lowerlevel.jpg',	'2022-12-26 17:35:46',	'2022-12-26 17:36:06'),
(41,	21,	'Property Specs',	'1672144024_Vikramjeet Singh Gill CV.pdf',	'2022-12-27 06:57:04',	'2022-12-27 06:57:18'),
(42,	39,	'1681299991_download.jpeg',	'1681299991_download.jpeg',	'2023-04-12 06:16:31',	'2023-04-12 06:16:31'),
(45,	40,	'XHxc7xndSod4Y0gfqOzi2JPxyPQUcwFmpO6e6kz2.png',	'https://realtyinterface.s3.amazonaws.com/property_documents/XHxc7xndSod4Y0gfqOzi2JPxyPQUcwFmpO6e6kz2.png',	'2023-04-27 09:11:25',	'2023-04-27 09:11:25'),
(47,	40,	'yxptCMykNRfyHxpv4MVOnxkfQcnFbYecx7raj6Jg.png',	'https://realtyinterface.s3.amazonaws.com/property_documents/yxptCMykNRfyHxpv4MVOnxkfQcnFbYecx7raj6Jg.png',	'2023-04-27 09:16:06',	'2023-04-27 09:16:06'),
(48,	39,	'CYLkrGlDFqlroVpklJ5Esww52xm3EZ8ITKbgutz6.png',	'http://realtyinterface.s3.amazonaws.com/property_documents/CYLkrGlDFqlroVpklJ5Esww52xm3EZ8ITKbgutz6.png',	'2023-05-31 11:54:35',	'2023-05-31 11:54:35'),
(51,	39,	'Ak4UFpJoiiuVZ69LmXc5btBeSRsc8d8Eal7RZ2nI.jpg',	'http://realtyinterface.s3.amazonaws.com/property_documents/Ak4UFpJoiiuVZ69LmXc5btBeSRsc8d8Eal7RZ2nI.jpg',	'2023-05-31 13:20:20',	'2023-05-31 13:20:20');

DROP TABLE IF EXISTS `property_floorplan_images`;
CREATE TABLE `property_floorplan_images` (
  `id` bigint unsigned NOT NULL AUTO_INCREMENT,
  `property_id` bigint unsigned NOT NULL,
  `property_floorplan_id` bigint unsigned NOT NULL,
  `property_image_id` int unsigned NOT NULL,
  `coordinates` varchar(50) CHARACTER SET utf8mb4 COLLATE utf8mb4_unicode_ci NOT NULL,
  `floorplan_image_ratio` varchar(50) CHARACTER SET utf8mb4 COLLATE utf8mb4_unicode_ci DEFAULT NULL,
  `created_at` timestamp NULL DEFAULT NULL,
  `updated_at` timestamp NULL DEFAULT NULL,
  PRIMARY KEY (`id`),
  KEY `property_floorplan_images_property_floorplan_id_foreign` (`property_floorplan_id`),
  KEY `property_image_id` (`property_image_id`),
  CONSTRAINT `property_floorplan_images_ibfk_1` FOREIGN KEY (`property_image_id`) REFERENCES `property_images` (`id`),
  CONSTRAINT `property_floorplan_images_property_floorplan_id_foreign` FOREIGN KEY (`property_floorplan_id`) REFERENCES `property_floorplans` (`id`)
) ENGINE=InnoDB DEFAULT CHARSET=utf8mb4 COLLATE=utf8mb4_unicode_ci;

INSERT INTO `property_floorplan_images` (`id`, `property_id`, `property_floorplan_id`, `property_image_id`, `coordinates`, `floorplan_image_ratio`, `created_at`, `updated_at`) VALUES
(2,	3,	1,	52,	'330,181',	'325,645',	'2022-10-19 08:44:50',	'2022-10-19 08:44:50'),
(3,	3,	1,	53,	'93,123',	'325,645',	'2022-10-19 08:44:52',	'2022-10-19 08:44:52'),
(5,	17,	5,	72,	'282,83',	'293,393',	'2022-11-03 09:37:25',	'2022-11-03 09:37:25'),
(11,	20,	10,	78,	'230,281',	'1148,645',	'2022-11-10 03:35:21',	'2022-11-10 03:35:21'),
(16,	21,	17,	98,	'348,253',	'540,645',	'2022-11-15 09:13:56',	'2022-11-15 09:13:56'),
(26,	13,	11,	79,	'223,150',	'470,630',	'2022-11-24 07:38:38',	'2022-11-24 07:38:38'),
(27,	13,	11,	80,	'88,275',	'470,630',	'2022-11-24 07:39:05',	'2022-11-24 07:39:05'),
(28,	13,	11,	81,	'77,117',	'470,630',	'2022-11-24 07:39:08',	'2022-11-24 07:39:08'),
(29,	13,	11,	83,	'190,289',	'470,630',	'2022-11-24 07:39:10',	'2022-11-24 07:39:10'),
(30,	20,	15,	100,	'297,245',	'484,645',	'2022-11-25 08:41:45',	'2022-11-25 08:41:45'),
(31,	22,	19,	107,	'278,181',	'301,403',	'2022-11-25 10:02:13',	'2022-11-25 10:02:13'),
(32,	22,	19,	102,	'277,291',	'301,403',	'2022-11-25 10:02:47',	'2022-11-25 10:02:47'),
(33,	22,	19,	104,	'57,264',	'301,403',	'2022-11-25 10:02:58',	'2022-11-25 10:02:58'),
(35,	22,	21,	105,	'219,67',	'301,403',	'2022-11-25 13:43:03',	'2022-11-25 13:43:03'),
(36,	22,	21,	108,	'232,161',	'301,403',	'2022-11-25 13:43:16',	'2022-11-25 13:43:16'),
(37,	22,	21,	110,	'99,135',	'301,403',	'2022-11-25 13:43:31',	'2022-11-25 13:43:31'),
(38,	19,	24,	136,	'239,67',	'335,450',	'2022-11-25 14:36:30',	'2022-11-25 14:36:30'),
(39,	19,	24,	137,	'262,100',	'335,450',	'2022-11-25 14:36:37',	'2022-11-25 14:36:37'),
(40,	23,	25,	147,	'607,251',	'755,994',	'2022-11-30 06:47:20',	'2022-11-30 06:47:20'),
(42,	24,	27,	149,	'672,296',	'755,994',	'2022-12-01 07:29:28',	'2022-12-01 07:29:28'),
(46,	32,	33,	158,	'502,361',	'778,994',	'2022-12-03 02:14:43',	'2022-12-03 02:14:43'),
(47,	20,	15,	77,	'696,210',	'755,994',	'2022-12-08 04:24:58',	'2022-12-08 04:24:58'),
(48,	35,	36,	161,	'592,241',	'511,672',	'2022-12-13 09:18:04',	'2022-12-13 09:18:04'),
(49,	35,	36,	162,	'272,307',	'511,672',	'2022-12-13 09:18:19',	'2022-12-13 09:18:19'),
(51,	35,	37,	180,	'91,227',	'511,672',	'2022-12-13 09:19:00',	'2022-12-13 09:19:00'),
(52,	35,	37,	182,	'218,365',	'511,672',	'2022-12-13 09:19:05',	'2022-12-13 09:19:05'),
(53,	35,	38,	193,	'244,259',	'511,672',	'2022-12-13 09:20:15',	'2022-12-13 09:20:15'),
(54,	35,	38,	197,	'477,129',	'511,672',	'2022-12-13 09:20:23',	'2022-12-13 09:20:23'),
(55,	35,	38,	191,	'381,259',	'511,672',	'2022-12-13 09:20:28',	'2022-12-13 09:20:28'),
(56,	21,	46,	99,	'656,489',	'636,994',	'2022-12-27 07:20:03',	'2022-12-27 07:20:03'),
(58,	38,	41,	227,	'384,212',	'426,602',	'2022-12-30 09:26:03',	'2022-12-30 09:26:03'),
(60,	38,	41,	228,	'271,121',	'426,602',	'2022-12-30 09:26:17',	'2022-12-30 09:26:17'),
(66,	38,	45,	221,	'241,194',	'418,545',	'2022-12-30 09:44:59',	'2022-12-30 09:44:59'),
(67,	38,	45,	220,	'170,174',	'418,545',	'2022-12-30 09:45:16',	'2022-12-30 09:45:16'),
(68,	38,	45,	223,	'208,206',	'418,545',	'2022-12-30 09:45:24',	'2022-12-30 09:45:24'),
(69,	38,	45,	222,	'229,154',	'418,545',	'2022-12-30 09:45:33',	'2022-12-30 09:45:33'),
(70,	38,	45,	230,	'285,226',	'418,545',	'2022-12-30 09:45:48',	'2022-12-30 09:45:48'),
(71,	38,	45,	242,	'307,148',	'418,545',	'2022-12-30 09:46:02',	'2022-12-30 09:46:02'),
(72,	38,	45,	245,	'399,208',	'418,545',	'2022-12-30 09:46:12',	'2022-12-30 09:46:12'),
(73,	38,	45,	246,	'173,238',	'418,545',	'2022-12-30 09:46:21',	'2022-12-30 09:46:21'),
(74,	38,	45,	205,	'442,115',	'418,545',	'2022-12-30 09:46:42',	'2022-12-30 09:46:42'),
(75,	38,	45,	204,	'392,116',	'418,545',	'2022-12-30 09:46:45',	'2022-12-30 09:46:45'),
(76,	38,	45,	206,	'335,114',	'418,545',	'2022-12-30 09:46:49',	'2022-12-30 09:46:49'),
(77,	38,	45,	210,	'246,254',	'418,545',	'2022-12-30 09:46:55',	'2022-12-30 09:46:55'),
(78,	38,	45,	213,	'322,245',	'418,545',	'2022-12-30 09:46:58',	'2022-12-30 09:46:58'),
(79,	38,	45,	212,	'132,246',	'418,545',	'2022-12-30 09:47:03',	'2022-12-30 09:47:03'),
(80,	38,	45,	215,	'335,298',	'418,545',	'2022-12-30 09:47:11',	'2022-12-30 09:47:11'),
(81,	38,	45,	217,	'197,282',	'418,545',	'2022-12-30 09:47:15',	'2022-12-30 09:47:15'),
(82,	38,	45,	216,	'83,247',	'418,545',	'2022-12-30 09:47:20',	'2022-12-30 09:47:20'),
(83,	38,	45,	238,	'279,73',	'418,545',	'2022-12-30 09:47:28',	'2022-12-30 09:47:28'),
(84,	38,	41,	226,	'377,261',	'463,656',	'2023-01-01 12:01:04',	'2023-01-01 12:01:04'),
(96,	38,	43,	265,	'448,13',	'613,602',	'2023-01-01 14:46:57',	'2023-01-01 14:46:57'),
(97,	38,	43,	258,	'281,-54',	'613,602',	'2023-01-01 14:47:20',	'2023-01-01 14:47:20'),
(98,	35,	36,	163,	'234,121',	'446,585',	'2023-01-06 14:06:23',	'2023-01-06 14:06:23'),
(101,	39,	47,	276,	'226,287',	'469,663',	'2023-04-12 06:18:38',	'2023-04-12 06:18:38'),
(103,	39,	48,	278,	'379,107',	'676,663',	'2023-04-12 06:27:16',	'2023-04-12 06:27:16'),
(104,	39,	48,	282,	'373,444',	'676,663',	'2023-04-12 06:27:19',	'2023-04-12 06:27:19'),
(105,	39,	48,	281,	'205,152',	'676,663',	'2023-04-12 06:27:23',	'2023-04-12 06:27:23'),
(107,	40,	49,	292,	'319,135',	'524,744',	'2023-04-28 00:55:03',	'2023-04-28 00:55:03'),
(108,	40,	49,	293,	'144,263',	'524,744',	'2023-04-28 01:10:20',	'2023-04-28 01:10:20'),
(109,	39,	47,	287,	'776,400',	'701,1001',	'2023-05-31 12:04:32',	'2023-05-31 12:04:32'),
(110,	39,	48,	279,	'770,460',	'960,942',	'2023-05-31 13:23:31',	'2023-05-31 13:23:31'),
(111,	39,	47,	280,	'776,192',	'818,1171',	'2023-06-01 15:16:58',	'2023-06-01 15:16:58'),
(113,	42,	52,	396,	'493,268',	'595,785',	'2023-06-17 17:30:27',	'2023-06-17 17:30:27'),
(114,	42,	52,	398,	'348,248',	'592,780',	'2023-06-17 17:30:37',	'2023-06-17 17:30:37'),
(115,	42,	52,	397,	'179,291',	'592,780',	'2023-06-17 17:30:58',	'2023-06-17 17:30:58'),
(118,	42,	52,	362,	'552,464',	'713,942',	'2023-06-21 06:57:52',	'2023-06-21 06:57:52'),
(119,	42,	52,	393,	'655,298',	'713,942',	'2023-06-21 06:58:08',	'2023-06-21 06:58:08'),
(120,	42,	53,	366,	'442,358',	'692,914',	'2023-06-21 12:48:09',	'2023-06-21 12:48:09'),
(121,	42,	53,	359,	'301,173',	'692,914',	'2023-06-21 12:48:23',	'2023-06-21 12:48:23'),
(122,	42,	53,	357,	'616,440',	'692,914',	'2023-06-21 12:48:35',	'2023-06-21 12:48:35'),
(123,	42,	53,	367,	'159,396',	'692,914',	'2023-06-21 12:48:39',	'2023-06-21 12:48:39'),
(124,	42,	55,	363,	'482,510',	'692,914',	'2023-06-21 12:49:48',	'2023-06-21 12:49:48'),
(125,	42,	55,	369,	'462,261',	'692,914',	'2023-06-21 12:49:51',	'2023-06-21 12:49:51'),
(126,	42,	55,	379,	'247,494',	'692,914',	'2023-06-21 12:49:54',	'2023-06-21 12:49:54'),
(127,	42,	55,	377,	'258,334',	'692,914',	'2023-06-21 12:49:57',	'2023-06-21 12:49:57'),
(128,	42,	55,	360,	'362,144',	'692,914',	'2023-06-21 12:49:59',	'2023-06-21 12:49:59');

DROP TABLE IF EXISTS `property_floorplans`;
CREATE TABLE `property_floorplans` (
  `id` bigint unsigned NOT NULL AUTO_INCREMENT,
  `property_id` bigint unsigned NOT NULL,
  `name` varchar(512) CHARACTER SET utf8mb4 COLLATE utf8mb4_unicode_ci NOT NULL,
  `file_name` varchar(512) CHARACTER SET utf8mb4 COLLATE utf8mb4_unicode_ci NOT NULL,
  `sequence` int unsigned NOT NULL,
  `created_at` timestamp NULL DEFAULT NULL,
  `updated_at` timestamp NULL DEFAULT NULL,
  PRIMARY KEY (`id`),
  KEY `property_floorplans_property_id_foreign` (`property_id`),
  CONSTRAINT `property_floorplans_property_id_foreign` FOREIGN KEY (`property_id`) REFERENCES `properties` (`id`)
) ENGINE=InnoDB DEFAULT CHARSET=utf8mb4 COLLATE=utf8mb4_unicode_ci;

INSERT INTO `property_floorplans` (`id`, `property_id`, `name`, `file_name`, `sequence`, `created_at`, `updated_at`) VALUES
(1,	3,	'1664275595_Web_capture_27-9-2022_95359_stage.nirvaat.com.jpeg',	'1664275595_Web_capture_27-9-2022_95359_stage.nirvaat.com.jpeg',	1,	'2022-09-27 05:16:35',	'2022-09-27 05:16:35'),
(5,	17,	'1667487947_East-Mercer-image5.jpeg',	'1667487947_East-Mercer-image5.jpeg',	1,	'2022-11-03 09:35:47',	'2022-11-03 09:35:47'),
(10,	20,	'this is good floor plan',	'1667907580_e03cffd5-2c4f-48dd-b220-102f69794717.jpg',	1,	'2022-11-08 06:09:40',	'2022-12-07 07:59:20'),
(11,	13,	'1stlevel.jpeg',	'1668006904_1952936_34_0.jpeg',	1,	'2022-11-09 09:45:04',	'2022-11-09 09:45:47'),
(12,	13,	'2ndlevel.jpeg',	'1668006915_East-Mercer-image4.jpeg',	2,	'2022-11-09 09:45:15',	'2022-11-09 09:46:17'),
(13,	13,	'3rdllevel.jpeg',	'1668006926_East-Mercer-image5.jpeg',	3,	'2022-11-09 09:45:26',	'2022-11-09 09:46:33'),
(15,	20,	'zsddfsdf   sdfsdf spsopspsdasdcasdf sfdsf ds',	'1668071359_Lincoln-cottage-floor-plan-for-Northern-Virginia-home-600x450.jpg',	3,	'2022-11-10 03:39:19',	'2022-12-08 04:25:05'),
(16,	20,	'a 1`781`78168*&^&$%#%$zsasdfasd asdfsdf sdfsdfds . . .asasdasd',	'1668071359_what-is-floor-plan.webp',	4,	'2022-11-10 03:39:19',	'2022-12-08 04:25:31'),
(17,	21,	'1668485627_what-is-floor-plan.webp',	'1668485627_what-is-floor-plan.webp',	1,	'2022-11-14 22:43:47',	'2022-11-14 22:43:47'),
(18,	18,	'1668689071_Desktop_HD_Wallpapers.jpg',	'1668689071_Desktop_HD_Wallpapers.jpg',	1,	'2022-11-17 07:14:31',	'2022-11-17 07:14:31'),
(19,	22,	'1669390227_1952936_34_0.jpeg',	'1669390227_1952936_34_0.jpeg',	1,	'2022-11-25 10:00:27',	'2022-11-25 10:00:27'),
(20,	22,	'1669390227_East-Mercer-image4.jpeg',	'1669390227_East-Mercer-image4.jpeg',	2,	'2022-11-25 10:00:27',	'2022-11-25 10:00:27'),
(21,	22,	'1669390228_East-Mercer-image5.jpeg',	'1669390228_East-Mercer-image5.jpeg',	3,	'2022-11-25 10:00:28',	'2022-11-25 10:00:28'),
(22,	19,	'1669404035_1952936_34_0.jpeg',	'1669404035_1952936_34_0.jpeg',	1,	'2022-11-25 13:50:35',	'2022-11-25 13:50:35'),
(23,	19,	'1669404035_East-Mercer-image4.jpeg',	'1669404035_East-Mercer-image4.jpeg',	2,	'2022-11-25 13:50:35',	'2022-11-25 13:50:35'),
(24,	19,	'1669404036_East-Mercer-image5.jpeg',	'1669404036_East-Mercer-image5.jpeg',	3,	'2022-11-25 13:50:36',	'2022-11-25 13:50:36'),
(25,	23,	'1669810634_Lincoln-cottage-floor-plan-for-Northern-Virginia-home-600x450.jpg',	'1669810634_Lincoln-cottage-floor-plan-for-Northern-Virginia-home-600x450.jpg',	1,	'2022-11-30 06:47:14',	'2022-11-30 06:47:14'),
(26,	23,	'1669810634_how-to-read-floor-plans-dimensions.jpg',	'1669810634_how-to-read-floor-plans-dimensions.jpg',	2,	'2022-11-30 06:47:14',	'2022-11-30 06:47:14'),
(27,	24,	'1669899244_Lincoln-cottage-floor-plan-for-Northern-Virginia-home-600x450.jpg',	'1669899244_Lincoln-cottage-floor-plan-for-Northern-Virginia-home-600x450.jpg',	1,	'2022-12-01 07:24:04',	'2022-12-01 07:24:04'),
(28,	24,	'1669899244_What-is-a-floor-plan-with-dimensions.png',	'1669899244_What-is-a-floor-plan-with-dimensions.png',	2,	'2022-12-01 07:24:04',	'2022-12-01 07:24:04'),
(30,	25,	'1670047114_bigger_resolution.jpeg',	'1670047114_bigger_resolution.jpeg',	1,	'2022-12-03 00:28:34',	'2022-12-03 00:28:34'),
(33,	32,	'1670053477_What-is-a-floor-plan-with-dimensions.png',	'1670053477_What-is-a-floor-plan-with-dimensions.png',	1,	'2022-12-03 02:14:37',	'2022-12-03 02:14:37'),
(34,	32,	'1670053478_what-is-floor-plan.webp',	'1670053478_what-is-floor-plan.webp',	2,	'2022-12-03 02:14:38',	'2022-12-03 02:14:38'),
(35,	13,	'1670418867__chargingdesk.jpg',	'1670418867__chargingdesk.jpg',	4,	'2022-12-07 07:44:27',	'2022-12-07 07:44:27'),
(36,	35,	'Main Level',	'1670548628_East-Mercer-image4.jpeg',	1,	'2022-12-08 19:47:08',	'2022-12-13 09:10:43'),
(37,	35,	'Lower Level',	'1670548628_1952936_34_0.jpeg',	2,	'2022-12-08 19:47:08',	'2022-12-13 09:10:53'),
(38,	35,	'Upper Level',	'1670548629_East-Mercer-image5.jpeg',	3,	'2022-12-08 19:47:09',	'2022-12-13 09:11:06'),
(39,	36,	'Image-1',	'1670560845_task.png',	1,	'2022-12-08 23:10:45',	'2022-12-08 23:22:54'),
(40,	1,	'1670941415_download_(3)',	'1670941415_download_(3).png',	1,	'2022-12-13 08:53:35',	'2022-12-13 08:53:35'),
(41,	38,	'Upper Level',	'1671733216_upperlevel.jpg',	1,	'2022-12-22 12:50:16',	'2022-12-22 12:50:39'),
(43,	38,	'Lower Level',	'1671734202_lowerlevel.jpg',	3,	'2022-12-22 13:06:42',	'2022-12-22 13:06:56'),
(45,	38,	'Main Level',	'1672095749_mainlevel.jpg',	4,	'2022-12-26 17:32:29',	'2022-12-26 17:32:47'),
(46,	21,	'1672145393_Screen_Shot_2022-12-07_at_5.33.55_AM.png',	'1672145393_Screen_Shot_2022-12-07_at_5.33.55_AM.png',	2,	'2022-12-27 07:19:53',	'2022-12-27 07:19:57'),
(47,	39,	'Main',	'1681300039_1671733216_upperlevel.jpg',	1,	'2023-04-12 06:17:19',	'2023-04-12 06:27:43'),
(48,	39,	'Secondary',	'1681300619_1671734202_lowerlevel.jpg',	2,	'2023-04-12 06:26:59',	'2023-04-12 06:27:51'),
(49,	40,	'Main',	'https://realtyinterface.s3.amazonaws.com/property_floorplans/j7JX43rvnzrWaQ0fN6YfnnFhAuUvl3zg4QzSX6r0.jpg',	1,	'2023-04-28 00:16:11',	'2023-04-28 00:22:15'),
(51,	40,	'Secondary',	'https://realtyinterface.s3.amazonaws.com/property_floorplans/b3fNbBqDdWI6agEE6VtHNPhnrau6RG7THkyAgDFQ.jpg',	2,	'2023-04-28 00:29:34',	'2023-04-28 00:36:27'),
(52,	42,	'Lower Level',	'http://realtyinterface.s3.amazonaws.com/property_floorplans/3kGyWmqhwaTrFvBPeEET8IHiYPJdS3aK0z0H55eD.jpg',	1,	'2023-06-17 17:28:48',	'2023-06-18 16:06:49'),
(53,	42,	'Main  Level',	'http://realtyinterface.s3.amazonaws.com/property_floorplans/41wzDdN9eppYIp09e7CvUdvFBspWXq3eqMT2fsGM.jpg',	2,	'2023-06-17 17:28:59',	'2023-06-18 16:07:00'),
(54,	42,	'Upper Level',	'http://realtyinterface.s3.amazonaws.com/property_floorplans/IkGjqhx2ZUAUKbAomX4ctIoBwYDJWjt8ZSdjBp8G.jpg',	3,	'2023-06-17 17:29:09',	'2023-06-18 16:07:10'),
(55,	42,	'Test floorplan',	'http://realtyinterface.s3.amazonaws.com/property_floorplans/q0PA6jdIYbSgQ3WKC5hjlSPHypSUzI7TqcAfszDf.jpg',	4,	'2023-06-20 14:30:22',	'2023-06-20 14:30:44');

DROP TABLE IF EXISTS `property_galleries`;
CREATE TABLE `property_galleries` (
  `id` bigint unsigned NOT NULL AUTO_INCREMENT,
  `property_id` bigint unsigned NOT NULL,
  `name` varchar(100) CHARACTER SET utf8mb4 COLLATE utf8mb4_unicode_ci DEFAULT NULL,
  `short_description` varchar(255) CHARACTER SET utf8mb4 COLLATE utf8mb4_unicode_ci DEFAULT NULL,
  `active` tinyint(1) NOT NULL DEFAULT '1',
  `created_at` timestamp NULL DEFAULT NULL,
  `updated_at` timestamp NULL DEFAULT NULL,
  PRIMARY KEY (`id`),
  KEY `property_galleries_property_id_foreign` (`property_id`),
  CONSTRAINT `property_galleries_property_id_foreign` FOREIGN KEY (`property_id`) REFERENCES `properties` (`id`)
) ENGINE=InnoDB DEFAULT CHARSET=utf8mb4 COLLATE=utf8mb4_unicode_ci;

INSERT INTO `property_galleries` (`id`, `property_id`, `name`, `short_description`, `active`, `created_at`, `updated_at`) VALUES
(2,	1,	'Exteriors',	'Gorgeous home on Lake Washington',	0,	'2022-08-30 02:24:32',	'2022-09-27 13:41:52'),
(4,	1,	'Kitchen',	'Amazing chef\'s kitchen',	0,	'2022-09-27 13:45:14',	'2022-09-27 13:45:14'),
(11,	14,	'Gallery 2',	'asdasd',	1,	'2022-11-03 02:15:26',	'2022-11-03 02:15:26'),
(12,	14,	'Gallery 1',	'asdsd',	1,	'2022-11-03 02:15:28',	'2022-11-03 02:15:28'),
(13,	3,	'Gallery 1',	'',	1,	'2022-11-03 02:19:17',	'2022-11-03 02:19:17'),
(14,	3,	'Gallery 2',	'',	1,	'2022-11-03 02:19:25',	'2022-11-03 02:19:25'),
(15,	15,	'Gallery 4',	'',	1,	'2022-11-03 23:52:38',	'2022-11-03 23:52:38'),
(18,	13,	'Exteriors',	'fghfgh',	1,	'2022-11-04 05:40:32',	'2022-11-09 09:43:02'),
(20,	18,	NULL,	NULL,	1,	'2022-11-04 09:12:13',	'2022-11-06 22:58:17'),
(21,	20,	'Gallery 1',	'Thiis sample text for demo.',	1,	'2022-11-08 06:08:13',	'2022-11-08 08:22:49'),
(23,	2,	'Gallery 1',	NULL,	1,	'2022-11-11 07:25:18',	'2022-11-11 07:26:39'),
(24,	20,	'Gallery 3dfgdfg',	NULL,	1,	'2022-11-11 08:54:03',	'2022-11-11 08:54:03'),
(25,	22,	'Exteriors',	'Masterfully positioned to soak in vast Lake Washington vistas.',	1,	'2022-11-25 09:57:42',	'2022-11-25 09:57:42'),
(26,	22,	'Gallery 2',	'Gallery 2',	1,	'2022-11-25 13:40:37',	'2022-11-25 13:40:37'),
(27,	19,	'Gallery 1',	'GALLERY 1',	1,	'2022-11-25 13:59:28',	'2022-11-25 13:59:28'),
(28,	23,	'Gallery 1',	NULL,	1,	'2022-11-30 06:45:09',	'2022-11-30 06:45:09'),
(29,	24,	'First Gallery',	'Gall s',	1,	'2022-12-01 07:22:27',	'2022-12-01 07:22:27'),
(30,	24,	'Gallery Second',	NULL,	1,	'2022-12-01 07:22:38',	'2022-12-01 07:22:38'),
(33,	32,	'Gallery 1',	NULL,	1,	'2022-12-03 02:14:09',	'2022-12-03 02:14:09'),
(38,	13,	'Gallery 2',	'Gallery 2',	1,	'2022-12-10 08:54:27',	'2022-12-10 08:54:27'),
(44,	38,	'Main Level',	'In the great room tall Weiland pocket glass doors on opposing sides of the room disappear, ushering the outdoors in to the great room, breakfast nook, kitchen and dining room.',	1,	'2022-12-26 13:58:22',	'2022-12-31 11:00:33'),
(45,	38,	'Upper Level',	'Theater, billiards, pinball, bar and nearby veranda with hot tub on its own private patio offering peaceful retreats. Down the hall are two bedrooms, each with their own views and a bunk room with four twin beds.',	1,	'2022-12-31 11:23:16',	'2022-12-31 11:23:16'),
(46,	38,	'Lower Level',	'Garage includes 5 separate stalls, Honda snow thrower storage, boat storage, baileys car wash area, generator, car lift and wall mounted shop vac.',	1,	'2022-12-31 11:43:30',	'2023-01-01 11:03:00'),
(47,	38,	'Exteriors',	'Nearby, maybe a minute at most, is the Martis Camp members ski lodge on Northstar California’s Lookout Mountain and the other direction is the Tennis Pavilion and Springs Pavilion.',	1,	'2023-01-01 11:05:20',	'2023-01-01 11:55:29'),
(48,	39,	'Main Level',	'In the great room tall Weiland pocket glass doors on opposing sides of the room disappear, ushering the outdoors into the great room, breakfast nook, kitchen, and dining room.',	1,	'2023-04-12 06:10:20',	'2023-04-12 06:10:20'),
(49,	39,	'Upper Level',	'Theater, billiards, pinball, bar, and nearby veranda with hot tub on its own private patio offering peaceful retreats. Down the hall are two bedrooms, each with its own views and a bunk room with four twin beds.',	1,	'2023-04-12 06:10:51',	'2023-04-12 06:10:51'),
(50,	40,	'Gallery 1',	'Gallery 1',	1,	'2023-04-27 06:49:08',	'2023-05-02 13:40:43'),
(51,	40,	'Gallery 2',	'g2',	1,	'2023-04-28 01:50:04',	'2023-04-28 01:50:04'),
(52,	41,	'EXTERIORS',	NULL,	1,	'2023-06-11 23:39:37',	'2023-06-11 23:39:37'),
(53,	42,	'Exteriors',	'This well-windowed room is the crown of this 4,362-square-foot Martis Camp home, offering privacy, provoking imaginations, and dishing up views from its deck.',	1,	'2023-06-15 17:27:11',	'2023-06-15 17:27:11'),
(54,	42,	'Main Level',	'There’s a soaring fireplace calling out from the corner of the great room and seats that welcome guests to the large counter in the kitchen. The main deck, just beyond the pocket doors of the great room, gazes toward the Carson Range and Martis Valley.',	1,	'2023-06-15 17:36:50',	'2023-06-15 17:36:50'),
(55,	42,	'Upper Level',	'Complementing the beauty of this home are cabinets made from alder and maple dovetail, horned slab soapstone countertops, and floors that are a handsome grain of hickory. Ceilings are smooth cedar and kitchen appliances include Sub-Zero, Wolf, and Miele.',	1,	'2023-06-15 17:41:07',	'2023-06-15 17:41:07'),
(56,	42,	'Garage',	'The spacious interior of the structure has a car elevator which leads to a subterranean parking space in the basement.  Also a “man cave” with a wet bar, TV lounge and a bathroom. The basement has a wine cellar with access to the car elevator.',	1,	'2023-06-15 17:56:51',	'2023-06-15 17:56:51'),
(57,	35,	'Exteriors',	'Immerse yourself in a luxury mountain experience unlike any other. Nestled between Leavenworth and Stevens Pass Ski Resort, Omnia Mountain Lodge was thoughtfully designed to embrace sweeping vistas.',	1,	'2023-06-18 22:07:47',	'2023-06-18 22:12:56'),
(58,	35,	'Main Level',	'Over 7,000 square feet of space unfolds with opulent shared spaces and amenities. Warm wood tones welcome you inside, where impressive vaulted ceilings with steel beams evoke a sense of decadence.',	1,	'2023-06-18 22:14:28',	'2023-06-18 22:14:28'),
(59,	35,	'Upper Level',	'Upstairs a loft makes the prime location for a second living area with views Lake Wenatchee framed by treetops. The lodge is currently equipped to sleep up to 45 people throughout six chic bedrooms.',	1,	'2023-06-18 22:19:24',	'2023-06-18 22:19:24'),
(60,	35,	'Lower Level',	NULL,	1,	'2023-06-18 23:04:58',	'2023-06-18 23:04:58'),
(61,	35,	'Garage',	'The spacious interior of this dream garage has a car elevator which leads to a subterranean parking space in the basement.',	1,	'2023-06-18 23:11:13',	'2023-06-18 23:11:13');

DROP TABLE IF EXISTS `property_gallery_images`;
CREATE TABLE `property_gallery_images` (
  `id` bigint unsigned NOT NULL AUTO_INCREMENT,
  `gallery_id` bigint unsigned NOT NULL,
  `property_image_id` int unsigned NOT NULL,
  `featured_image` bigint NOT NULL DEFAULT '0',
  `sequence` int unsigned NOT NULL DEFAULT '0',
  `created_at` timestamp NULL DEFAULT NULL,
  `updated_at` timestamp NULL DEFAULT NULL,
  PRIMARY KEY (`id`),
  KEY `property_gallery_images_gallery_id_foreign` (`gallery_id`),
  CONSTRAINT `property_gallery_images_gallery_id_foreign` FOREIGN KEY (`gallery_id`) REFERENCES `property_galleries` (`id`)
) ENGINE=InnoDB DEFAULT CHARSET=utf8mb4 COLLATE=utf8mb4_unicode_ci;

INSERT INTO `property_gallery_images` (`id`, `gallery_id`, `property_image_id`, `featured_image`, `sequence`, `created_at`, `updated_at`) VALUES
(3,	2,	12,	0,	1,	'2022-09-27 13:41:52',	'2022-09-27 13:41:52'),
(4,	2,	13,	0,	2,	'2022-09-27 13:41:52',	'2022-09-27 13:41:52'),
(5,	2,	16,	0,	3,	'2022-09-27 13:41:52',	'2022-09-27 13:41:52'),
(6,	2,	51,	0,	4,	'2022-09-27 13:41:52',	'2022-09-27 13:41:52'),
(7,	2,	50,	0,	5,	'2022-09-27 13:41:52',	'2022-09-27 13:41:52'),
(8,	2,	49,	0,	6,	'2022-09-27 13:41:52',	'2022-09-27 13:41:52'),
(9,	2,	47,	0,	7,	'2022-09-27 13:41:52',	'2022-09-27 13:41:52'),
(10,	4,	20,	0,	1,	'2022-09-27 13:45:14',	'2022-09-27 13:45:14'),
(11,	4,	21,	0,	2,	'2022-09-27 13:45:14',	'2022-09-27 13:45:14'),
(12,	4,	23,	0,	3,	'2022-09-27 13:45:14',	'2022-09-27 13:45:14'),
(13,	4,	22,	0,	4,	'2022-09-27 13:45:14',	'2022-09-27 13:45:14'),
(14,	4,	17,	0,	5,	'2022-09-27 13:45:14',	'2022-09-27 13:45:14'),
(15,	4,	19,	0,	6,	'2022-09-27 13:45:14',	'2022-09-27 13:45:14'),
(24,	11,	60,	1,	1,	'2022-11-03 02:15:27',	'2022-11-18 06:29:45'),
(25,	12,	61,	0,	1,	'2022-11-03 02:15:28',	'2022-11-03 02:15:28'),
(28,	14,	53,	0,	1,	'2022-11-03 02:19:25',	'2022-11-03 02:19:25'),
(29,	14,	55,	0,	2,	'2022-11-03 02:19:25',	'2022-11-03 02:19:25'),
(30,	13,	52,	0,	1,	'2022-11-03 02:19:32',	'2022-11-03 02:19:32'),
(31,	15,	73,	0,	1,	'2022-11-03 23:52:38',	'2022-11-03 23:52:38'),
(52,	21,	77,	0,	1,	'2022-11-25 08:40:52',	'2022-11-25 08:40:52'),
(53,	21,	78,	1,	2,	'2022-11-25 08:40:52',	'2022-11-25 08:41:02'),
(54,	21,	100,	0,	3,	'2022-11-25 08:40:52',	'2022-11-25 08:40:52'),
(55,	24,	78,	0,	1,	'2022-11-25 08:40:57',	'2022-11-25 08:40:57'),
(56,	24,	101,	1,	2,	'2022-11-25 08:40:57',	'2022-11-25 08:41:06'),
(61,	25,	102,	0,	1,	'2022-11-25 13:39:15',	'2022-11-25 13:39:15'),
(62,	25,	103,	1,	2,	'2022-11-25 13:39:15',	'2022-12-06 07:55:27'),
(63,	25,	104,	0,	3,	'2022-11-25 13:39:15',	'2022-11-25 13:39:15'),
(64,	25,	107,	0,	4,	'2022-11-25 13:39:15',	'2022-11-25 13:39:15'),
(65,	26,	105,	0,	1,	'2022-11-25 13:40:37',	'2022-11-25 13:40:37'),
(66,	26,	106,	0,	2,	'2022-11-25 13:40:37',	'2022-11-25 13:40:37'),
(67,	26,	108,	0,	3,	'2022-11-25 13:40:37',	'2022-11-25 13:40:37'),
(68,	26,	109,	0,	4,	'2022-11-25 13:40:37',	'2022-11-25 13:40:37'),
(69,	26,	114,	0,	5,	'2022-11-25 13:40:37',	'2022-11-25 13:40:37'),
(70,	26,	111,	1,	6,	'2022-11-25 13:40:37',	'2022-12-06 07:55:37'),
(71,	26,	113,	0,	7,	'2022-11-25 13:40:37',	'2022-11-25 13:40:37'),
(72,	26,	115,	0,	8,	'2022-11-25 13:40:37',	'2022-11-25 13:40:37'),
(73,	27,	142,	0,	1,	'2022-11-25 13:59:28',	'2022-11-25 13:59:28'),
(74,	27,	141,	0,	2,	'2022-11-25 13:59:28',	'2022-11-25 13:59:28'),
(75,	27,	140,	0,	3,	'2022-11-25 13:59:28',	'2022-11-25 13:59:28'),
(76,	27,	143,	0,	4,	'2022-11-25 13:59:28',	'2022-11-25 13:59:28'),
(77,	28,	148,	0,	1,	'2022-11-30 06:45:09',	'2022-11-30 06:45:09'),
(78,	28,	146,	1,	2,	'2022-11-30 06:45:09',	'2022-11-30 06:45:15'),
(79,	29,	151,	1,	1,	'2022-12-01 07:22:27',	'2022-12-01 07:22:43'),
(80,	29,	149,	0,	2,	'2022-12-01 07:22:27',	'2022-12-01 07:22:27'),
(81,	30,	151,	0,	1,	'2022-12-01 07:22:38',	'2022-12-01 07:22:38'),
(82,	30,	152,	1,	2,	'2022-12-01 07:22:38',	'2022-12-01 07:22:46'),
(85,	33,	159,	1,	1,	'2022-12-03 02:14:09',	'2022-12-03 02:14:13'),
(122,	18,	79,	0,	1,	'2022-12-10 08:53:35',	'2022-12-10 08:53:35'),
(123,	18,	80,	1,	2,	'2022-12-10 08:53:35',	'2022-12-10 08:54:41'),
(124,	18,	81,	0,	3,	'2022-12-10 08:53:35',	'2022-12-10 08:53:35'),
(125,	18,	83,	0,	4,	'2022-12-10 08:53:35',	'2022-12-10 08:53:35'),
(126,	38,	95,	0,	1,	'2022-12-10 08:54:27',	'2022-12-10 08:54:27'),
(127,	38,	94,	1,	2,	'2022-12-10 08:54:27',	'2022-12-10 08:54:52'),
(128,	38,	91,	0,	3,	'2022-12-10 08:54:27',	'2022-12-10 08:54:27'),
(129,	38,	89,	0,	4,	'2022-12-10 08:54:27',	'2022-12-10 08:54:27'),
(360,	44,	221,	1,	1,	'2022-12-31 11:11:55',	'2022-12-31 11:12:06'),
(361,	44,	229,	0,	2,	'2022-12-31 11:11:55',	'2022-12-31 11:11:55'),
(362,	44,	241,	0,	3,	'2022-12-31 11:11:55',	'2022-12-31 11:11:55'),
(363,	44,	250,	0,	4,	'2022-12-31 11:11:55',	'2022-12-31 11:11:55'),
(364,	44,	248,	0,	5,	'2022-12-31 11:11:55',	'2022-12-31 11:11:55'),
(365,	44,	249,	0,	6,	'2022-12-31 11:11:55',	'2022-12-31 11:11:55'),
(366,	44,	203,	0,	7,	'2022-12-31 11:11:55',	'2022-12-31 11:11:55'),
(367,	44,	204,	0,	8,	'2022-12-31 11:11:55',	'2022-12-31 11:11:55'),
(368,	44,	206,	0,	9,	'2022-12-31 11:11:55',	'2022-12-31 11:11:55'),
(369,	44,	210,	0,	10,	'2022-12-31 11:11:55',	'2022-12-31 11:11:55'),
(370,	44,	209,	0,	11,	'2022-12-31 11:11:55',	'2022-12-31 11:11:55'),
(371,	44,	215,	0,	12,	'2022-12-31 11:11:55',	'2022-12-31 11:11:55'),
(379,	45,	227,	1,	1,	'2022-12-31 11:23:17',	'2022-12-31 11:23:30'),
(380,	45,	228,	0,	2,	'2022-12-31 11:23:17',	'2022-12-31 11:23:17'),
(381,	45,	226,	0,	3,	'2022-12-31 11:23:17',	'2022-12-31 11:23:17'),
(382,	45,	200,	0,	4,	'2022-12-31 11:23:17',	'2022-12-31 11:23:17'),
(383,	45,	202,	0,	5,	'2022-12-31 11:23:17',	'2022-12-31 11:23:17'),
(384,	45,	213,	0,	6,	'2022-12-31 11:23:17',	'2022-12-31 11:23:17'),
(385,	45,	238,	0,	7,	'2022-12-31 11:23:17',	'2022-12-31 11:23:17'),
(421,	47,	207,	0,	1,	'2023-01-01 11:55:29',	'2023-01-01 11:55:29'),
(422,	47,	208,	1,	2,	'2023-01-01 11:55:29',	'2023-01-01 11:56:06'),
(423,	47,	209,	0,	3,	'2023-01-01 11:55:29',	'2023-01-01 11:55:29'),
(424,	47,	211,	0,	4,	'2023-01-01 11:55:29',	'2023-01-01 11:55:29'),
(425,	47,	213,	0,	5,	'2023-01-01 11:55:29',	'2023-01-01 11:55:29'),
(426,	47,	210,	0,	6,	'2023-01-01 11:55:29',	'2023-01-01 11:55:29'),
(427,	47,	215,	0,	7,	'2023-01-01 11:55:29',	'2023-01-01 11:55:29'),
(428,	47,	237,	0,	8,	'2023-01-01 11:55:29',	'2023-01-01 11:55:29'),
(429,	47,	216,	0,	9,	'2023-01-01 11:55:29',	'2023-01-01 11:55:29'),
(430,	47,	240,	0,	10,	'2023-01-01 11:55:29',	'2023-01-01 11:55:29'),
(444,	46,	258,	0,	1,	'2023-01-01 11:58:26',	'2023-01-01 11:58:26'),
(445,	46,	270,	0,	2,	'2023-01-01 11:58:26',	'2023-01-01 11:58:26'),
(446,	46,	253,	0,	3,	'2023-01-01 11:58:26',	'2023-01-01 11:58:26'),
(447,	46,	263,	0,	4,	'2023-01-01 11:58:26',	'2023-01-01 11:58:26'),
(448,	46,	262,	0,	5,	'2023-01-01 11:58:26',	'2023-01-01 11:58:26'),
(449,	46,	264,	0,	6,	'2023-01-01 11:58:26',	'2023-01-01 11:58:26'),
(450,	46,	267,	0,	7,	'2023-01-01 11:58:26',	'2023-01-01 11:58:26'),
(451,	46,	268,	0,	8,	'2023-01-01 11:58:26',	'2023-01-01 11:58:26'),
(452,	46,	266,	0,	9,	'2023-01-01 11:58:26',	'2023-01-01 11:58:26'),
(453,	46,	265,	0,	10,	'2023-01-01 11:58:26',	'2023-01-01 11:58:26'),
(454,	46,	269,	0,	11,	'2023-01-01 11:58:26',	'2023-01-01 11:58:26'),
(455,	46,	273,	0,	12,	'2023-01-01 11:58:26',	'2023-01-01 11:58:26'),
(464,	51,	292,	0,	1,	'2023-05-01 10:51:21',	'2023-05-01 10:51:21'),
(465,	51,	295,	0,	2,	'2023-05-01 10:51:21',	'2023-05-01 10:51:21'),
(466,	51,	296,	0,	3,	'2023-05-01 10:51:21',	'2023-05-01 10:51:21'),
(479,	50,	292,	0,	1,	'2023-05-02 13:40:43',	'2023-05-02 13:40:43'),
(480,	50,	297,	0,	2,	'2023-05-02 13:40:43',	'2023-05-02 13:40:43'),
(483,	49,	276,	0,	1,	'2023-05-31 11:50:57',	'2023-05-31 11:50:57'),
(484,	49,	278,	0,	2,	'2023-05-31 11:50:57',	'2023-05-31 11:50:57'),
(485,	49,	282,	1,	3,	'2023-05-31 11:50:57',	'2023-05-31 11:51:53'),
(486,	48,	274,	0,	1,	'2023-05-31 12:58:23',	'2023-05-31 12:58:23'),
(487,	48,	279,	0,	2,	'2023-05-31 12:58:23',	'2023-05-31 12:58:23'),
(488,	48,	281,	0,	3,	'2023-05-31 12:58:23',	'2023-05-31 12:58:23'),
(499,	53,	367,	0,	1,	'2023-06-15 17:27:11',	'2023-06-15 17:27:11'),
(500,	53,	356,	0,	2,	'2023-06-15 17:27:11',	'2023-06-15 17:27:11'),
(501,	53,	365,	0,	3,	'2023-06-15 17:27:11',	'2023-06-15 17:27:11'),
(502,	53,	359,	1,	4,	'2023-06-15 17:27:11',	'2023-06-20 14:25:58'),
(503,	53,	360,	0,	5,	'2023-06-15 17:27:11',	'2023-06-20 14:25:58'),
(504,	53,	361,	0,	6,	'2023-06-15 17:27:11',	'2023-06-15 17:27:11'),
(505,	53,	362,	0,	7,	'2023-06-15 17:27:11',	'2023-06-15 17:27:11'),
(506,	53,	358,	0,	8,	'2023-06-15 17:27:11',	'2023-06-15 17:27:11'),
(507,	53,	351,	0,	9,	'2023-06-15 17:27:11',	'2023-06-15 17:27:11'),
(508,	53,	354,	0,	10,	'2023-06-15 17:27:11',	'2023-06-15 17:27:11'),
(509,	53,	366,	0,	11,	'2023-06-15 17:27:11',	'2023-06-15 17:27:11'),
(510,	53,	352,	0,	12,	'2023-06-15 17:27:11',	'2023-06-15 17:27:11'),
(522,	54,	370,	1,	1,	'2023-06-15 17:37:44',	'2023-06-15 18:05:17'),
(523,	54,	368,	0,	2,	'2023-06-15 17:37:44',	'2023-06-15 17:37:44'),
(524,	54,	371,	0,	3,	'2023-06-15 17:37:44',	'2023-06-15 17:37:44'),
(525,	54,	369,	0,	4,	'2023-06-15 17:37:44',	'2023-06-15 17:37:44'),
(526,	54,	372,	0,	5,	'2023-06-15 17:37:44',	'2023-06-15 17:37:44'),
(527,	54,	373,	0,	6,	'2023-06-15 17:37:44',	'2023-06-15 17:37:44'),
(528,	54,	376,	0,	7,	'2023-06-15 17:37:44',	'2023-06-15 17:37:44'),
(529,	54,	377,	0,	8,	'2023-06-15 17:37:44',	'2023-06-15 17:37:44'),
(530,	54,	379,	0,	9,	'2023-06-15 17:37:44',	'2023-06-15 17:37:44'),
(531,	54,	380,	0,	10,	'2023-06-15 17:37:44',	'2023-06-15 17:37:44'),
(532,	54,	383,	0,	11,	'2023-06-15 17:37:44',	'2023-06-15 17:37:44'),
(539,	55,	386,	0,	1,	'2023-06-15 17:44:05',	'2023-06-15 17:44:05'),
(540,	55,	384,	0,	2,	'2023-06-15 17:44:05',	'2023-06-15 17:44:05'),
(541,	55,	385,	1,	3,	'2023-06-15 17:44:05',	'2023-06-15 18:05:30'),
(542,	55,	387,	0,	4,	'2023-06-15 17:44:05',	'2023-06-15 17:44:05'),
(543,	55,	378,	0,	5,	'2023-06-15 17:44:05',	'2023-06-15 17:44:05'),
(544,	55,	390,	0,	6,	'2023-06-15 17:44:05',	'2023-06-15 17:44:05'),
(545,	55,	388,	0,	7,	'2023-06-15 17:44:05',	'2023-06-15 17:44:05'),
(546,	55,	389,	0,	8,	'2023-06-15 17:44:05',	'2023-06-15 17:44:05'),
(548,	56,	396,	0,	1,	'2023-06-15 18:04:38',	'2023-06-15 18:04:38'),
(549,	56,	391,	1,	2,	'2023-06-15 18:04:39',	'2023-06-22 06:24:17'),
(550,	56,	392,	0,	3,	'2023-06-15 18:04:39',	'2023-06-22 06:24:17'),
(551,	56,	394,	0,	4,	'2023-06-15 18:04:39',	'2023-06-15 18:04:39'),
(552,	56,	397,	0,	5,	'2023-06-15 18:04:39',	'2023-06-15 18:04:39'),
(553,	56,	398,	0,	6,	'2023-06-15 18:04:39',	'2023-06-15 18:04:39'),
(554,	56,	401,	0,	7,	'2023-06-15 18:04:39',	'2023-06-15 18:04:39'),
(555,	56,	402,	0,	8,	'2023-06-15 18:04:39',	'2023-06-15 18:04:39'),
(556,	56,	413,	0,	9,	'2023-06-15 18:04:39',	'2023-06-15 18:04:39'),
(557,	56,	393,	0,	10,	'2023-06-15 18:04:39',	'2023-06-15 18:04:39'),
(558,	56,	403,	0,	11,	'2023-06-15 18:04:39',	'2023-06-15 18:04:39'),
(559,	56,	404,	0,	12,	'2023-06-15 18:04:39',	'2023-06-15 18:04:39'),
(560,	56,	405,	0,	13,	'2023-06-15 18:04:39',	'2023-06-15 18:04:39'),
(561,	56,	406,	0,	14,	'2023-06-15 18:04:39',	'2023-06-15 18:04:39'),
(562,	56,	407,	0,	15,	'2023-06-15 18:04:39',	'2023-06-15 18:04:39'),
(563,	56,	408,	0,	16,	'2023-06-15 18:04:39',	'2023-06-15 18:04:39'),
(564,	56,	409,	0,	17,	'2023-06-15 18:04:39',	'2023-06-15 18:04:39'),
(565,	56,	410,	0,	18,	'2023-06-15 18:04:39',	'2023-06-15 18:04:39'),
(566,	56,	358,	0,	19,	'2023-06-15 18:04:39',	'2023-06-15 18:04:39'),
(567,	52,	308,	0,	1,	'2023-06-16 05:37:12',	'2023-06-16 05:38:00'),
(568,	52,	310,	1,	2,	'2023-06-16 05:37:12',	'2023-06-16 05:44:22'),
(569,	52,	309,	0,	3,	'2023-06-16 05:37:12',	'2023-06-16 05:39:39'),
(570,	52,	316,	0,	4,	'2023-06-16 05:37:12',	'2023-06-16 05:43:40'),
(571,	52,	306,	0,	5,	'2023-06-16 05:37:12',	'2023-06-16 05:44:22'),
(572,	52,	313,	0,	6,	'2023-06-16 05:37:12',	'2023-06-16 05:39:59'),
(617,	59,	442,	0,	1,	'2023-06-18 22:24:26',	'2023-06-18 22:24:26'),
(618,	59,	444,	0,	2,	'2023-06-18 22:24:26',	'2023-06-18 22:24:26'),
(619,	59,	443,	0,	3,	'2023-06-18 22:24:26',	'2023-06-18 22:24:26'),
(620,	59,	446,	0,	4,	'2023-06-18 22:24:26',	'2023-06-18 22:24:26'),
(621,	59,	445,	0,	5,	'2023-06-18 22:24:26',	'2023-06-18 22:24:26'),
(622,	59,	447,	0,	6,	'2023-06-18 22:24:26',	'2023-06-18 22:24:26'),
(623,	59,	448,	0,	7,	'2023-06-18 22:24:26',	'2023-06-18 22:24:26'),
(624,	59,	453,	1,	8,	'2023-06-18 22:24:26',	'2023-06-18 23:12:53'),
(625,	59,	454,	0,	9,	'2023-06-18 22:24:26',	'2023-06-18 22:24:26'),
(626,	59,	452,	0,	10,	'2023-06-18 22:24:26',	'2023-06-18 22:24:26'),
(627,	59,	451,	0,	11,	'2023-06-18 22:24:26',	'2023-06-18 22:24:26'),
(628,	59,	450,	0,	12,	'2023-06-18 22:24:26',	'2023-06-18 22:24:26'),
(629,	58,	425,	0,	1,	'2023-06-18 22:25:16',	'2023-06-18 22:25:16'),
(630,	58,	426,	0,	2,	'2023-06-18 22:25:16',	'2023-06-18 22:25:16'),
(631,	58,	428,	0,	3,	'2023-06-18 22:25:16',	'2023-06-18 22:25:16'),
(632,	58,	427,	1,	4,	'2023-06-18 22:25:16',	'2023-06-18 23:12:37'),
(633,	58,	430,	0,	5,	'2023-06-18 22:25:16',	'2023-06-18 22:25:16'),
(634,	58,	432,	0,	6,	'2023-06-18 22:25:16',	'2023-06-18 22:25:16'),
(635,	58,	433,	0,	7,	'2023-06-18 22:25:16',	'2023-06-18 22:25:16'),
(636,	58,	431,	0,	8,	'2023-06-18 22:25:16',	'2023-06-18 22:25:16'),
(637,	58,	434,	0,	9,	'2023-06-18 22:25:16',	'2023-06-18 22:25:16'),
(638,	58,	435,	0,	10,	'2023-06-18 22:25:16',	'2023-06-18 22:25:16'),
(639,	58,	436,	0,	11,	'2023-06-18 22:25:16',	'2023-06-18 22:25:16'),
(640,	58,	437,	0,	12,	'2023-06-18 22:25:16',	'2023-06-18 22:25:16'),
(641,	58,	438,	0,	13,	'2023-06-18 22:25:16',	'2023-06-18 22:25:16'),
(642,	58,	439,	0,	14,	'2023-06-18 22:25:16',	'2023-06-18 22:25:16'),
(643,	58,	440,	0,	15,	'2023-06-18 22:25:16',	'2023-06-18 22:25:16'),
(644,	58,	424,	0,	16,	'2023-06-18 22:25:16',	'2023-06-18 22:25:16'),
(645,	58,	441,	0,	17,	'2023-06-18 22:25:16',	'2023-06-18 22:25:16'),
(647,	60,	456,	0,	1,	'2023-06-18 23:08:23',	'2023-06-18 23:08:23'),
(648,	60,	455,	0,	2,	'2023-06-18 23:08:23',	'2023-06-18 23:08:23'),
(649,	60,	457,	0,	3,	'2023-06-18 23:08:23',	'2023-06-18 23:08:23'),
(650,	60,	459,	1,	4,	'2023-06-18 23:08:23',	'2023-06-18 23:13:07'),
(651,	60,	458,	0,	5,	'2023-06-18 23:08:23',	'2023-06-18 23:08:23'),
(652,	60,	460,	0,	6,	'2023-06-18 23:08:23',	'2023-06-18 23:08:23'),
(653,	60,	461,	0,	7,	'2023-06-18 23:08:23',	'2023-06-18 23:08:23'),
(654,	61,	470,	1,	1,	'2023-06-18 23:11:13',	'2023-06-18 23:13:38'),
(655,	61,	469,	0,	2,	'2023-06-18 23:11:13',	'2023-06-18 23:11:13'),
(656,	61,	472,	0,	3,	'2023-06-18 23:11:13',	'2023-06-18 23:11:13'),
(657,	61,	463,	0,	4,	'2023-06-18 23:11:13',	'2023-06-18 23:11:13'),
(658,	61,	471,	0,	5,	'2023-06-18 23:11:13',	'2023-06-18 23:11:13'),
(659,	61,	473,	0,	6,	'2023-06-18 23:11:13',	'2023-06-18 23:11:13'),
(660,	61,	462,	0,	7,	'2023-06-18 23:11:13',	'2023-06-18 23:11:13'),
(661,	61,	465,	0,	8,	'2023-06-18 23:11:13',	'2023-06-18 23:11:13'),
(662,	61,	466,	0,	9,	'2023-06-18 23:11:13',	'2023-06-18 23:11:13'),
(663,	61,	468,	0,	10,	'2023-06-18 23:11:13',	'2023-06-18 23:11:13'),
(664,	61,	467,	0,	11,	'2023-06-18 23:11:13',	'2023-06-18 23:11:13'),
(665,	57,	415,	1,	1,	'2023-06-18 23:12:14',	'2023-06-18 23:12:26'),
(666,	57,	419,	0,	2,	'2023-06-18 23:12:14',	'2023-06-18 23:12:14'),
(667,	57,	418,	0,	3,	'2023-06-18 23:12:14',	'2023-06-18 23:12:14'),
(668,	57,	424,	0,	4,	'2023-06-18 23:12:14',	'2023-06-18 23:12:14'),
(669,	57,	421,	0,	5,	'2023-06-18 23:12:14',	'2023-06-18 23:12:14'),
(670,	57,	422,	0,	6,	'2023-06-18 23:12:14',	'2023-06-18 23:12:14'),
(671,	57,	423,	0,	7,	'2023-06-18 23:12:14',	'2023-06-18 23:12:14'),
(672,	57,	417,	0,	8,	'2023-06-18 23:12:14',	'2023-06-18 23:12:14');

DROP TABLE IF EXISTS `property_images`;
CREATE TABLE `property_images` (
  `id` int unsigned NOT NULL AUTO_INCREMENT,
  `property_id` bigint unsigned NOT NULL,
  `file_name` text CHARACTER SET utf8mb4 COLLATE utf8mb4_unicode_ci NOT NULL,
  `created_at` timestamp NULL DEFAULT NULL,
  `updated_at` timestamp NULL DEFAULT NULL,
  PRIMARY KEY (`id`),
  KEY `property_images_property_id_foreign` (`property_id`),
  CONSTRAINT `property_images_property_id_foreign` FOREIGN KEY (`property_id`) REFERENCES `properties` (`id`)
) ENGINE=InnoDB DEFAULT CHARSET=utf8mb4 COLLATE=utf8mb4_unicode_ci;

INSERT INTO `property_images` (`id`, `property_id`, `file_name`, `created_at`, `updated_at`) VALUES
(10,	1,	'1661332448_thumbnail_AIkLyCCUkiuhEPoc.png',	'2022-08-24 03:44:08',	'2022-08-24 03:44:08'),
(12,	1,	'1664305512_1952936_0.jpeg',	'2022-09-27 13:35:12',	'2022-09-27 13:35:12'),
(13,	1,	'1664305512_1952936_1_0.jpeg',	'2022-09-27 13:35:12',	'2022-09-27 13:35:12'),
(14,	1,	'1664305514_1952936_3_0.jpeg',	'2022-09-27 13:35:14',	'2022-09-27 13:35:14'),
(15,	1,	'1664305515_1952936_4_0.jpeg',	'2022-09-27 13:35:15',	'2022-09-27 13:35:15'),
(16,	1,	'1664305515_1952936_2_0.jpeg',	'2022-09-27 13:35:15',	'2022-09-27 13:35:15'),
(17,	1,	'1664305515_1952936_5_0.jpeg',	'2022-09-27 13:35:15',	'2022-09-27 13:35:15'),
(18,	1,	'1664305516_1952936_7_0.jpeg',	'2022-09-27 13:35:16',	'2022-09-27 13:35:16'),
(19,	1,	'1664305516_1952936_8_0.jpeg',	'2022-09-27 13:35:16',	'2022-09-27 13:35:16'),
(20,	1,	'1664305517_1952936_9_0.jpeg',	'2022-09-27 13:35:17',	'2022-09-27 13:35:17'),
(21,	1,	'1664305517_1952936_6_0.jpeg',	'2022-09-27 13:35:17',	'2022-09-27 13:35:17'),
(22,	1,	'1664305518_1952936_10_0.jpeg',	'2022-09-27 13:35:18',	'2022-09-27 13:35:18'),
(23,	1,	'1664305518_1952936_11_0.jpeg',	'2022-09-27 13:35:18',	'2022-09-27 13:35:18'),
(24,	1,	'1664305519_1952936_12_0.jpeg',	'2022-09-27 13:35:19',	'2022-09-27 13:35:19'),
(25,	1,	'1664305519_1952936_13_0.jpeg',	'2022-09-27 13:35:19',	'2022-09-27 13:35:19'),
(26,	1,	'1664305519_1952936_14_0.jpeg',	'2022-09-27 13:35:19',	'2022-09-27 13:35:19'),
(27,	1,	'1664305520_1952936_16_0.jpeg',	'2022-09-27 13:35:20',	'2022-09-27 13:35:20'),
(28,	1,	'1664305520_1952936_15_0.jpeg',	'2022-09-27 13:35:20',	'2022-09-27 13:35:20'),
(29,	1,	'1664305520_1952936_17_0.jpeg',	'2022-09-27 13:35:20',	'2022-09-27 13:35:20'),
(30,	1,	'1664305521_1952936_19_0.jpeg',	'2022-09-27 13:35:21',	'2022-09-27 13:35:21'),
(31,	1,	'1664305521_1952936_18_0.jpeg',	'2022-09-27 13:35:21',	'2022-09-27 13:35:21'),
(32,	1,	'1664305522_1952936_20_0.jpeg',	'2022-09-27 13:35:22',	'2022-09-27 13:35:22'),
(33,	1,	'1664305522_1952936_22_0.jpeg',	'2022-09-27 13:35:22',	'2022-09-27 13:35:22'),
(34,	1,	'1664305523_1952936_21_0.jpeg',	'2022-09-27 13:35:23',	'2022-09-27 13:35:23'),
(35,	1,	'1664305523_1952936_23_0.jpeg',	'2022-09-27 13:35:23',	'2022-09-27 13:35:23'),
(36,	1,	'1664305523_1952936_24_0.jpeg',	'2022-09-27 13:35:23',	'2022-09-27 13:35:23'),
(37,	1,	'1664305524_1952936_26_0.jpeg',	'2022-09-27 13:35:24',	'2022-09-27 13:35:24'),
(38,	1,	'1664305525_1952936_27_0.jpeg',	'2022-09-27 13:35:25',	'2022-09-27 13:35:25'),
(39,	1,	'1664305525_1952936_25_0.jpeg',	'2022-09-27 13:35:25',	'2022-09-27 13:35:25'),
(40,	1,	'1664305525_1952936_29_0.jpeg',	'2022-09-27 13:35:25',	'2022-09-27 13:35:25'),
(41,	1,	'1664305526_1952936_30_0.jpeg',	'2022-09-27 13:35:26',	'2022-09-27 13:35:26'),
(42,	1,	'1664305527_1952936_31_0.jpeg',	'2022-09-27 13:35:27',	'2022-09-27 13:35:27'),
(43,	1,	'1664305527_1952936_32_0.jpeg',	'2022-09-27 13:35:27',	'2022-09-27 13:35:27'),
(44,	1,	'1664305528_1952936_33_0.jpeg',	'2022-09-27 13:35:28',	'2022-09-27 13:35:28'),
(45,	1,	'1664305529_1952936_28_0.jpeg',	'2022-09-27 13:35:29',	'2022-09-27 13:35:29'),
(46,	1,	'1664305529_1952936_34_0.jpeg',	'2022-09-27 13:35:29',	'2022-09-27 13:35:29'),
(47,	1,	'1664305531_1952936_35_0.jpeg',	'2022-09-27 13:35:31',	'2022-09-27 13:35:31'),
(48,	1,	'1664305533_1952936_37_0.jpeg',	'2022-09-27 13:35:33',	'2022-09-27 13:35:33'),
(49,	1,	'1664305536_1952936_38_0.jpeg',	'2022-09-27 13:35:36',	'2022-09-27 13:35:36'),
(50,	1,	'1664305536_1952936_36_0.jpeg',	'2022-09-27 13:35:36',	'2022-09-27 13:35:36'),
(51,	1,	'1664305538_1952936_39_0.jpeg',	'2022-09-27 13:35:38',	'2022-09-27 13:35:38'),
(52,	3,	'1666188851_60870250_m.jpg',	'2022-10-19 08:44:11',	'2022-10-19 08:44:11'),
(53,	3,	'1666188883_image-upload.png',	'2022-10-19 08:44:43',	'2022-10-19 08:44:43'),
(54,	3,	'1666768308_53329956_m.jpg',	'2022-10-26 01:41:48',	'2022-10-26 01:41:48'),
(55,	3,	'1666770645_53329956_m.jpg',	'2022-10-26 02:20:45',	'2022-10-26 02:20:45'),
(60,	14,	'1667304571_174710870_l.jpg',	'2022-11-01 06:39:32',	'2022-11-01 06:39:32'),
(61,	14,	'1667304788_174710870_l.jpg',	'2022-11-01 06:43:10',	'2022-11-01 06:43:10'),
(66,	2,	'1667452163_60870227_l.jpg',	'2022-11-02 23:39:24',	'2022-11-02 23:39:24'),
(67,	17,	'1667487587_Untitled-2.jpg',	'2022-11-03 09:29:47',	'2022-11-03 09:29:47'),
(68,	17,	'1667487587_Untitled-3.jpg',	'2022-11-03 09:29:47',	'2022-11-03 09:29:47'),
(69,	17,	'1667487588_Untitled-4.jpg',	'2022-11-03 09:29:48',	'2022-11-03 09:29:48'),
(70,	17,	'1667487589_Untitled-5.jpg',	'2022-11-03 09:29:50',	'2022-11-03 09:29:50'),
(71,	17,	'1667487590_Untitled-6.jpg',	'2022-11-03 09:29:50',	'2022-11-03 09:29:50'),
(72,	17,	'1667487590_Untitled-7.jpg',	'2022-11-03 09:29:50',	'2022-11-03 09:29:50'),
(73,	15,	'1667539324_b1d3d08c-3093-4f70-851b-2daf56816ccc.jpg',	'2022-11-03 23:52:04',	'2022-11-03 23:52:04'),
(76,	18,	'1667572885_phone_PNG463.jpg',	'2022-11-04 09:11:25',	'2022-11-04 09:11:25'),
(77,	20,	'1667907487_thumbnail_1_(24)_(1).jpg',	'2022-11-08 06:08:07',	'2022-11-08 06:08:07'),
(78,	20,	'1667907487_thumbnail_1_(47).jpg',	'2022-11-08 06:08:08',	'2022-11-08 06:08:08'),
(79,	13,	'1668006702_Untitled-5.jpg',	'2022-11-09 09:41:42',	'2022-11-09 09:41:42'),
(80,	13,	'1668006702_Untitled-7.jpg',	'2022-11-09 09:41:42',	'2022-11-09 09:41:42'),
(81,	13,	'1668006705_Untitled-9.jpg',	'2022-11-09 09:41:45',	'2022-11-09 09:41:45'),
(82,	13,	'1668006706_Untitled-10.jpg',	'2022-11-09 09:41:46',	'2022-11-09 09:41:46'),
(83,	13,	'1668006706_Untitled-8.jpg',	'2022-11-09 09:41:46',	'2022-11-09 09:41:46'),
(84,	13,	'1668006706_Untitled-11.jpg',	'2022-11-09 09:41:46',	'2022-11-09 09:41:46'),
(85,	13,	'1668006707_Untitled-12.jpg',	'2022-11-09 09:41:47',	'2022-11-09 09:41:47'),
(86,	13,	'1668006708_Untitled-13.jpg',	'2022-11-09 09:41:48',	'2022-11-09 09:41:48'),
(87,	13,	'1668006708_Untitled-14.jpg',	'2022-11-09 09:41:49',	'2022-11-09 09:41:49'),
(88,	13,	'1668006710_Untitled-16.jpg',	'2022-11-09 09:41:50',	'2022-11-09 09:41:50'),
(89,	13,	'1668006711_Untitled-17.jpg',	'2022-11-09 09:41:51',	'2022-11-09 09:41:51'),
(90,	13,	'1668006711_Untitled-15.jpg',	'2022-11-09 09:41:51',	'2022-11-09 09:41:51'),
(91,	13,	'1668006712_Untitled-18.jpg',	'2022-11-09 09:41:52',	'2022-11-09 09:41:52'),
(92,	13,	'1668006713_Untitled-19.jpg',	'2022-11-09 09:41:53',	'2022-11-09 09:41:53'),
(93,	13,	'1668006713_Untitled-21.jpg',	'2022-11-09 09:41:53',	'2022-11-09 09:41:53'),
(94,	13,	'1668006713_Untitled-22.jpg',	'2022-11-09 09:41:53',	'2022-11-09 09:41:53'),
(95,	13,	'1668006714_Untitled-24.jpg',	'2022-11-09 09:41:54',	'2022-11-09 09:41:54'),
(96,	13,	'1668006715_Untitled-23.jpg',	'2022-11-09 09:41:55',	'2022-11-09 09:41:55'),
(97,	21,	'1668434045_thumbnail_1_(24)_(1).jpg',	'2022-11-14 08:24:05',	'2022-11-14 08:24:05'),
(98,	21,	'1668434048_SUDHAKAR_CHAUHAN\'s_PHP_Laravel_Developer_Resume.jpg',	'2022-11-14 08:24:09',	'2022-11-14 08:24:09'),
(99,	21,	'1668434057_Screenshot_2022-09-09_193215.jpg',	'2022-11-14 08:24:17',	'2022-11-14 08:24:17'),
(100,	20,	'1669385447_Web_capture_24-11-2022_114547_stage.jpg',	'2022-11-25 08:40:47',	'2022-11-25 08:40:47'),
(101,	20,	'1669385447_thanks-giving.jpg',	'2022-11-25 08:40:47',	'2022-11-25 08:40:47'),
(102,	22,	'1669389750_Untitled-7.jpg',	'2022-11-25 09:52:30',	'2022-11-25 09:52:30'),
(103,	22,	'1669389750_Untitled-5.jpg',	'2022-11-25 09:52:31',	'2022-11-25 09:52:31'),
(104,	22,	'1669389751_Untitled-8.jpg',	'2022-11-25 09:52:31',	'2022-11-25 09:52:31'),
(105,	22,	'1669389752_Untitled-10.jpg',	'2022-11-25 09:52:32',	'2022-11-25 09:52:32'),
(106,	22,	'1669389752_Untitled-11.jpg',	'2022-11-25 09:52:33',	'2022-11-25 09:52:33'),
(107,	22,	'1669389752_Untitled-9.jpg',	'2022-11-25 09:52:33',	'2022-11-25 09:52:33'),
(108,	22,	'1669389753_Untitled-12.jpg',	'2022-11-25 09:52:34',	'2022-11-25 09:52:34'),
(109,	22,	'1669389754_Untitled-13.jpg',	'2022-11-25 09:52:34',	'2022-11-25 09:52:34'),
(110,	22,	'1669389755_Untitled-15.jpg',	'2022-11-25 09:52:35',	'2022-11-25 09:52:35'),
(111,	22,	'1669389756_Untitled-16.jpg',	'2022-11-25 09:52:36',	'2022-11-25 09:52:36'),
(112,	22,	'1669389757_Untitled-14.jpg',	'2022-11-25 09:52:37',	'2022-11-25 09:52:37'),
(113,	22,	'1669389757_Untitled-17.jpg',	'2022-11-25 09:52:37',	'2022-11-25 09:52:37'),
(114,	22,	'1669389758_Untitled-19.jpg',	'2022-11-25 09:52:38',	'2022-11-25 09:52:38'),
(115,	22,	'1669389759_Untitled-18.jpg',	'2022-11-25 09:52:39',	'2022-11-25 09:52:39'),
(116,	22,	'1669389759_Untitled-21.jpg',	'2022-11-25 09:52:40',	'2022-11-25 09:52:40'),
(117,	22,	'1669389760_Untitled-23.jpg',	'2022-11-25 09:52:40',	'2022-11-25 09:52:40'),
(118,	22,	'1669389761_Untitled-22.jpg',	'2022-11-25 09:52:41',	'2022-11-25 09:52:41'),
(119,	22,	'1669389780_Untitled-15.jpg',	'2022-11-25 09:53:00',	'2022-11-25 09:53:00'),
(120,	22,	'1669389780_Untitled-16.jpg',	'2022-11-25 09:53:00',	'2022-11-25 09:53:00'),
(121,	22,	'1669389781_Untitled-17.jpg',	'2022-11-25 09:53:01',	'2022-11-25 09:53:01'),
(122,	22,	'1669389781_Untitled-18.jpg',	'2022-11-25 09:53:01',	'2022-11-25 09:53:01'),
(123,	22,	'1669389782_Untitled-21.jpg',	'2022-11-25 09:53:02',	'2022-11-25 09:53:02'),
(124,	22,	'1669389782_Untitled-19.jpg',	'2022-11-25 09:53:03',	'2022-11-25 09:53:03'),
(125,	22,	'1669389783_Untitled-23.jpg',	'2022-11-25 09:53:03',	'2022-11-25 09:53:03'),
(126,	22,	'1669389784_Untitled-22.jpg',	'2022-11-25 09:53:04',	'2022-11-25 09:53:04'),
(127,	22,	'1669389784_Untitled-24.jpg',	'2022-11-25 09:53:04',	'2022-11-25 09:53:04'),
(128,	22,	'1669389785_Untitled-26.jpg',	'2022-11-25 09:53:05',	'2022-11-25 09:53:05'),
(129,	22,	'1669389785_Untitled-25.jpg',	'2022-11-25 09:53:05',	'2022-11-25 09:53:05'),
(130,	22,	'1669389786_Untitled-27.jpg',	'2022-11-25 09:53:06',	'2022-11-25 09:53:06'),
(131,	22,	'1669389786_Untitled-29.jpg',	'2022-11-25 09:53:07',	'2022-11-25 09:53:07'),
(132,	22,	'1669389786_Untitled-28.jpg',	'2022-11-25 09:53:07',	'2022-11-25 09:53:07'),
(133,	22,	'1669389787_Untitled-30.jpg',	'2022-11-25 09:53:07',	'2022-11-25 09:53:07'),
(134,	22,	'1669389788_Untitled-32.jpg',	'2022-11-25 09:53:08',	'2022-11-25 09:53:08'),
(135,	22,	'1669389789_Untitled-31.jpg',	'2022-11-25 09:53:09',	'2022-11-25 09:53:09'),
(136,	19,	'1669404082_53329956_m.jpg',	'2022-11-25 13:51:22',	'2022-11-25 13:51:22'),
(137,	19,	'1669404099_41438075_xl.jpg',	'2022-11-25 13:51:41',	'2022-11-25 13:51:41'),
(138,	19,	'1669404102_53329956_m.jpg',	'2022-11-25 13:51:43',	'2022-11-25 13:51:43'),
(139,	19,	'1669404143_60870227_l.jpg',	'2022-11-25 13:52:23',	'2022-11-25 13:52:23'),
(140,	19,	'1669404144_60870250_m.jpg',	'2022-11-25 13:52:24',	'2022-11-25 13:52:24'),
(141,	19,	'1669404145_60870292_m.jpg',	'2022-11-25 13:52:25',	'2022-11-25 13:52:25'),
(142,	19,	'1669404148_70831516_l.jpg',	'2022-11-25 13:52:28',	'2022-11-25 13:52:28'),
(143,	19,	'1669404152_70723935_l.jpg',	'2022-11-25 13:52:32',	'2022-11-25 13:52:32'),
(144,	19,	'1669404355_73206221_m.jpg',	'2022-11-25 13:55:55',	'2022-11-25 13:55:55'),
(145,	19,	'1669404359_97777537_m.jpg',	'2022-11-25 13:56:00',	'2022-11-25 13:56:00'),
(146,	23,	'1669810503_Web_capture_30-11-2022_111245_dash.jpg',	'2022-11-30 06:45:03',	'2022-11-30 06:45:03'),
(147,	23,	'1669810503_thumbnail_fEN9326fx0kbeu0N_(1).jpg',	'2022-11-30 06:45:03',	'2022-11-30 06:45:03'),
(148,	23,	'1669810503_thumbnail_fEN9326fx0kbeu0N.jpg',	'2022-11-30 06:45:03',	'2022-11-30 06:45:03'),
(149,	24,	'1669899099_73206221_m.jpg',	'2022-12-01 07:21:40',	'2022-12-01 07:21:40'),
(150,	24,	'1669899100_70831516_l.jpg',	'2022-12-01 07:21:43',	'2022-12-01 07:21:43'),
(151,	24,	'1669899101_175719574_l.jpg',	'2022-12-01 07:21:43',	'2022-12-01 07:21:43'),
(152,	24,	'1669899103_176015071_l.jpg',	'2022-12-01 07:21:45',	'2022-12-01 07:21:45'),
(153,	25,	'1670046972_bigger_resolution.jpg',	'2022-12-03 00:26:13',	'2022-12-03 00:26:13'),
(155,	26,	'1670049928_bedroomRealty2.jpg',	'2022-12-03 01:15:28',	'2022-12-03 01:15:28'),
(156,	26,	'1670051686_bigger_resolution.jpg',	'2022-12-03 01:44:46',	'2022-12-03 01:44:46'),
(157,	32,	'1670053423_174975949_l.jpg',	'2022-12-03 02:13:44',	'2022-12-03 02:13:44'),
(158,	32,	'1670053431_70831516_l.jpg',	'2022-12-03 02:13:52',	'2022-12-03 02:13:52'),
(159,	32,	'1670053442_175719574_l.jpg',	'2022-12-03 02:14:03',	'2022-12-03 02:14:03'),
(160,	35,	'1670509523_Untitled-3.jpg',	'2022-12-08 08:55:24',	'2022-12-08 08:55:24'),
(161,	35,	'1670509524_Untitled-2.jpg',	'2022-12-08 08:55:24',	'2022-12-08 08:55:24'),
(162,	35,	'1670509524_Untitled-4.jpg',	'2022-12-08 08:55:24',	'2022-12-08 08:55:24'),
(163,	35,	'1670509525_Untitled-5.jpg',	'2022-12-08 08:55:25',	'2022-12-08 08:55:25'),
(164,	35,	'1670509526_Untitled-6.jpg',	'2022-12-08 08:55:26',	'2022-12-08 08:55:26'),
(165,	35,	'1670509527_Untitled-7.jpg',	'2022-12-08 08:55:27',	'2022-12-08 08:55:27'),
(166,	35,	'1670509528_Untitled-9.jpg',	'2022-12-08 08:55:28',	'2022-12-08 08:55:28'),
(167,	35,	'1670509528_Untitled-10.jpg',	'2022-12-08 08:55:29',	'2022-12-08 08:55:29'),
(168,	35,	'1670509529_Untitled-8.jpg',	'2022-12-08 08:55:29',	'2022-12-08 08:55:29'),
(169,	35,	'1670509529_Untitled-11.jpg',	'2022-12-08 08:55:29',	'2022-12-08 08:55:29'),
(170,	35,	'1670509529_Untitled-12.jpg',	'2022-12-08 08:55:30',	'2022-12-08 08:55:30'),
(171,	35,	'1670509530_Untitled-13.jpg',	'2022-12-08 08:55:30',	'2022-12-08 08:55:30'),
(172,	35,	'1670509530_Untitled-14.jpg',	'2022-12-08 08:55:30',	'2022-12-08 08:55:30'),
(173,	35,	'1670509530_Untitled-15.jpg',	'2022-12-08 08:55:30',	'2022-12-08 08:55:30'),
(174,	35,	'1670509531_Untitled-16.jpg',	'2022-12-08 08:55:31',	'2022-12-08 08:55:31'),
(175,	35,	'1670509531_Untitled-17.jpg',	'2022-12-08 08:55:31',	'2022-12-08 08:55:31'),
(176,	35,	'1670509531_Untitled-18.jpg',	'2022-12-08 08:55:31',	'2022-12-08 08:55:31'),
(177,	35,	'1670509531_Untitled-19.jpg',	'2022-12-08 08:55:31',	'2022-12-08 08:55:31'),
(178,	35,	'1670509532_Untitled-21.jpg',	'2022-12-08 08:55:32',	'2022-12-08 08:55:32'),
(179,	35,	'1670509532_Untitled-20.jpg',	'2022-12-08 08:55:33',	'2022-12-08 08:55:33'),
(180,	35,	'1670509533_Untitled-23.jpg',	'2022-12-08 08:55:33',	'2022-12-08 08:55:33'),
(181,	35,	'1670509533_Untitled-25.jpg',	'2022-12-08 08:55:33',	'2022-12-08 08:55:33'),
(182,	35,	'1670509534_Untitled-26.jpg',	'2022-12-08 08:55:34',	'2022-12-08 08:55:34'),
(183,	35,	'1670509534_Untitled-27.jpg',	'2022-12-08 08:55:35',	'2022-12-08 08:55:35'),
(184,	35,	'1670509535_Untitled-24.jpg',	'2022-12-08 08:55:35',	'2022-12-08 08:55:35'),
(185,	35,	'1670509535_Untitled-28.jpg',	'2022-12-08 08:55:35',	'2022-12-08 08:55:35'),
(186,	35,	'1670509536_Untitled-30.jpg',	'2022-12-08 08:55:36',	'2022-12-08 08:55:36'),
(187,	35,	'1670509536_Untitled-29.jpg',	'2022-12-08 08:55:36',	'2022-12-08 08:55:36'),
(188,	35,	'1670509536_Untitled-32.jpg',	'2022-12-08 08:55:36',	'2022-12-08 08:55:36'),
(189,	35,	'1670509536_Untitled-31.jpg',	'2022-12-08 08:55:36',	'2022-12-08 08:55:36'),
(190,	35,	'1670509537_Untitled-33.jpg',	'2022-12-08 08:55:37',	'2022-12-08 08:55:37'),
(191,	35,	'1670509537_Untitled-34.jpg',	'2022-12-08 08:55:37',	'2022-12-08 08:55:37'),
(192,	35,	'1670509537_Untitled-35.jpg',	'2022-12-08 08:55:38',	'2022-12-08 08:55:38'),
(193,	35,	'1670509538_Untitled-36.jpg',	'2022-12-08 08:55:38',	'2022-12-08 08:55:38'),
(194,	35,	'1670509538_Untitled-37.jpg',	'2022-12-08 08:55:38',	'2022-12-08 08:55:38'),
(195,	35,	'1670509538_Untitled-38.jpg',	'2022-12-08 08:55:39',	'2022-12-08 08:55:39'),
(196,	35,	'1670681093_6079b04ca0f87.jpg',	'2022-12-10 08:34:53',	'2022-12-10 08:34:53'),
(197,	35,	'1670681093_6079b2418008b.jpg',	'2022-12-10 08:34:53',	'2022-12-10 08:34:53'),
(199,	38,	'1671555334_bath2lower.jpg',	'2022-12-20 11:25:35',	'2022-12-20 11:25:35'),
(200,	38,	'1671555335_bedroom-2.jpg',	'2022-12-20 11:25:36',	'2022-12-20 11:25:36'),
(201,	38,	'1671555428_bunkbath.jpg',	'2022-12-20 11:27:08',	'2022-12-20 11:27:08'),
(202,	38,	'1671555428_1.jpg',	'2022-12-20 11:27:08',	'2022-12-20 11:27:08'),
(203,	38,	'1671555441_1.jpg',	'2022-12-20 11:27:21',	'2022-12-20 11:27:21'),
(204,	38,	'1671555441_1-a.jpg',	'2022-12-20 11:27:21',	'2022-12-20 11:27:21'),
(205,	38,	'1671555441_1.jpg',	'2022-12-20 11:27:22',	'2022-12-20 11:27:22'),
(206,	38,	'1671555443_2.jpg',	'2022-12-20 11:27:23',	'2022-12-20 11:27:23'),
(207,	38,	'1671555570_1.jpg',	'2022-12-20 11:29:30',	'2022-12-20 11:29:30'),
(208,	38,	'1671555571_2.jpg',	'2022-12-20 11:29:31',	'2022-12-20 11:29:31'),
(209,	38,	'1671555571_01.jpg',	'2022-12-20 11:29:31',	'2022-12-20 11:29:31'),
(210,	38,	'1671555572_4.jpg',	'2022-12-20 11:29:32',	'2022-12-20 11:29:32'),
(211,	38,	'1671555573_3.jpg',	'2022-12-20 11:29:33',	'2022-12-20 11:29:33'),
(212,	38,	'1671555573_5.jpg',	'2022-12-20 11:29:33',	'2022-12-20 11:29:33'),
(213,	38,	'1671555573_6.jpg',	'2022-12-20 11:29:33',	'2022-12-20 11:29:33'),
(214,	38,	'1671555574_9.jpg',	'2022-12-20 11:29:34',	'2022-12-20 11:29:34'),
(215,	38,	'1671555575_hottub-deck.jpg',	'2022-12-20 11:29:35',	'2022-12-20 11:29:35'),
(216,	38,	'1671555575_8.jpg',	'2022-12-20 11:29:35',	'2022-12-20 11:29:35'),
(217,	38,	'1671555608_2.jpg',	'2022-12-20 11:30:08',	'2022-12-20 11:30:08'),
(218,	38,	'1671555609_1.jpg',	'2022-12-20 11:30:09',	'2022-12-20 11:30:09'),
(219,	38,	'1671555609_3.jpg',	'2022-12-20 11:30:09',	'2022-12-20 11:30:09'),
(220,	38,	'1671556091_1.jpg',	'2022-12-20 11:38:11',	'2022-12-20 11:38:11'),
(221,	38,	'1671556240_1.jpg',	'2022-12-20 11:40:40',	'2022-12-20 11:40:40'),
(222,	38,	'1671556241_3.jpg',	'2022-12-20 11:40:41',	'2022-12-20 11:40:41'),
(223,	38,	'1671556241_2.jpg',	'2022-12-20 11:40:41',	'2022-12-20 11:40:41'),
(224,	38,	'1671556241_4.jpg',	'2022-12-20 11:40:41',	'2022-12-20 11:40:41'),
(225,	38,	'1671556243_5.jpg',	'2022-12-20 11:40:43',	'2022-12-20 11:40:43'),
(226,	38,	'1671556283_1.jpg',	'2022-12-20 11:41:24',	'2022-12-20 11:41:24'),
(227,	38,	'1671734268_billiard.jpg',	'2022-12-22 13:07:48',	'2022-12-22 13:07:48'),
(228,	38,	'1671734284_theater.jpg',	'2022-12-22 13:08:04',	'2022-12-22 13:08:04'),
(229,	38,	'1671735341_2.jpg',	'2022-12-22 13:25:42',	'2022-12-22 13:25:42'),
(230,	38,	'1671735342_3.jpg',	'2022-12-22 13:25:42',	'2022-12-22 13:25:42'),
(231,	36,	'1671789456_image5.jpg',	'2022-12-23 04:27:36',	'2022-12-23 04:27:36'),
(233,	36,	'1671789472_image_6_(1).jpg',	'2022-12-23 04:27:52',	'2022-12-23 04:27:52'),
(234,	36,	'1671789472_image_3.jpg',	'2022-12-23 04:27:52',	'2022-12-23 04:27:52'),
(235,	36,	'1671789484_image_3.jpg',	'2022-12-23 04:28:05',	'2022-12-23 04:28:05'),
(236,	36,	'1671789485_Image_1.jpg',	'2022-12-23 04:28:05',	'2022-12-23 04:28:05'),
(237,	38,	'1672078455_2.jpg',	'2022-12-26 12:44:15',	'2022-12-26 12:44:15'),
(238,	38,	'1672078457_3.jpg',	'2022-12-26 12:44:17',	'2022-12-26 12:44:17'),
(239,	38,	'1672078459_largext.jpg',	'2022-12-26 12:44:20',	'2022-12-26 12:44:20'),
(240,	38,	'1672078466_1.jpg',	'2022-12-26 12:44:26',	'2022-12-26 12:44:26'),
(241,	38,	'1672079493_3.jpg',	'2022-12-26 13:01:33',	'2022-12-26 13:01:33'),
(242,	38,	'1672079493_2.jpg',	'2022-12-26 13:01:33',	'2022-12-26 13:01:33'),
(244,	38,	'1672082150_1.jpg',	'2022-12-26 13:45:50',	'2022-12-26 13:45:50'),
(245,	38,	'1672082150_bunk.jpg',	'2022-12-26 13:45:50',	'2022-12-26 13:45:50'),
(246,	38,	'1672082151_deck.jpg',	'2022-12-26 13:45:51',	'2022-12-26 13:45:51'),
(247,	38,	'1672082151_kitchen3.jpg',	'2022-12-26 13:45:51',	'2022-12-26 13:45:51'),
(248,	38,	'1672082152_living2.jpg',	'2022-12-26 13:45:52',	'2022-12-26 13:45:52'),
(249,	38,	'1672082152_kitchen.jpg',	'2022-12-26 13:45:52',	'2022-12-26 13:45:52'),
(250,	38,	'1672082153_living3.jpg',	'2022-12-26 13:45:53',	'2022-12-26 13:45:53'),
(251,	38,	'1672082153_living5.jpg',	'2022-12-26 13:45:54',	'2022-12-26 13:45:54'),
(252,	38,	'1672082154_living4.jpg',	'2022-12-26 13:45:54',	'2022-12-26 13:45:54'),
(253,	38,	'1672413089_boat.jpg',	'2022-12-30 09:41:29',	'2022-12-30 09:41:29'),
(254,	38,	'1672413089_garage2.jpg',	'2022-12-30 09:41:30',	'2022-12-30 09:41:30'),
(255,	38,	'1672413089_garage1.jpg',	'2022-12-30 09:41:30',	'2022-12-30 09:41:30'),
(256,	38,	'1672413090_garage4.jpg',	'2022-12-30 09:41:31',	'2022-12-30 09:41:31'),
(257,	38,	'1672413091_garage5.jpg',	'2022-12-30 09:41:31',	'2022-12-30 09:41:31'),
(258,	38,	'1672590586_01.jpg',	'2023-01-01 10:59:46',	'2023-01-01 10:59:46'),
(259,	38,	'1672590588_1.jpg',	'2023-01-01 10:59:48',	'2023-01-01 10:59:48'),
(260,	38,	'1672590588_2.jpg',	'2023-01-01 10:59:48',	'2023-01-01 10:59:48'),
(261,	38,	'1672590589_3.jpg',	'2023-01-01 10:59:49',	'2023-01-01 10:59:49'),
(262,	38,	'1672590591_5.jpg',	'2023-01-01 10:59:51',	'2023-01-01 10:59:51'),
(263,	38,	'1672590591_6.jpg',	'2023-01-01 10:59:51',	'2023-01-01 10:59:51'),
(264,	38,	'1672590592_9.jpg',	'2023-01-01 10:59:52',	'2023-01-01 10:59:52'),
(265,	38,	'1672590592_8.jpg',	'2023-01-01 10:59:52',	'2023-01-01 10:59:52'),
(266,	38,	'1672590592_12.jpg',	'2023-01-01 10:59:52',	'2023-01-01 10:59:52'),
(267,	38,	'1672590593_13.jpg',	'2023-01-01 10:59:53',	'2023-01-01 10:59:53'),
(268,	38,	'1672590593_15.jpg',	'2023-01-01 10:59:53',	'2023-01-01 10:59:53'),
(269,	38,	'1672590593_20.jpg',	'2023-01-01 10:59:53',	'2023-01-01 10:59:53'),
(270,	38,	'1672590594_25.jpg',	'2023-01-01 10:59:54',	'2023-01-01 10:59:54'),
(271,	38,	'1672590594_Untitled-2.jpg',	'2023-01-01 10:59:54',	'2023-01-01 10:59:54'),
(272,	38,	'1672590595_Untitled-3.jpg',	'2023-01-01 10:59:55',	'2023-01-01 10:59:55'),
(273,	38,	'1672590596_Untitled-1.jpg',	'2023-01-01 10:59:56',	'2023-01-01 10:59:56'),
(274,	39,	'1681299550_10.jpg',	'2023-04-12 06:09:10',	'2023-04-12 06:09:10'),
(275,	39,	'1681299550_9.jpg',	'2023-04-12 06:09:10',	'2023-04-12 06:09:10'),
(276,	39,	'1681299550_8.jpg',	'2023-04-12 06:09:11',	'2023-04-12 06:09:11'),
(278,	39,	'1681299551_6.jpg',	'2023-04-12 06:09:11',	'2023-04-12 06:09:11'),
(279,	39,	'1681299551_5.jpg',	'2023-04-12 06:09:11',	'2023-04-12 06:09:11'),
(280,	39,	'1681299551_4.jpg',	'2023-04-12 06:09:11',	'2023-04-12 06:09:11'),
(281,	39,	'1681299551_3.jpg',	'2023-04-12 06:09:11',	'2023-04-12 06:09:11'),
(282,	39,	'1681299551_2.jpg',	'2023-04-12 06:09:11',	'2023-04-12 06:09:11'),
(283,	39,	'1681299551_1.jpg',	'2023-04-12 06:09:11',	'2023-04-12 06:09:11'),
(284,	39,	'https://realtyinterface.s3.amazonaws.com/property_images/pvKItuiOXscun9HRvvf10HeEEGiordIptcFqq6iw.jpg',	'2023-04-27 01:49:22',	'2023-04-27 01:49:22'),
(285,	39,	'https://realtyinterface.s3.amazonaws.com/property_images/gUyH5LFSPSAhPRQ4SrGWd5kdnzmTMxkiyWRe3MMo.jpg',	'2023-04-27 01:51:04',	'2023-04-27 01:51:04'),
(286,	39,	'https://realtyinterface.s3.amazonaws.com/property_images/kFW7u3nNRQorOLjbYtHYg7ngdHbkG0dbwR0Y4XTW.jpg',	'2023-04-27 01:55:39',	'2023-04-27 01:55:39'),
(287,	39,	'https://realtyinterface.s3.amazonaws.com/property_images/ju2HKjZoDkoeULZPb9mwQOjIthKA13wNHVoyoJCm.jpg',	'2023-04-27 02:04:07',	'2023-04-27 02:04:07'),
(288,	39,	'https://realtyinterface.s3.amazonaws.com/property_images/Y9OskUwc8WMPbrDcD9YE1ABQPNne9wbADAw6XpXw.jpg',	'2023-04-27 02:07:04',	'2023-04-27 02:07:04'),
(292,	40,	'https://realtyinterface.s3.amazonaws.com/property_images/1682678605_new_rotate.jpg',	'2023-04-27 06:35:51',	'2023-04-28 05:13:26'),
(293,	40,	'https://realtyinterface.s3.amazonaws.com/property_images/1682679191_new_rotate.jpg',	'2023-04-27 06:35:51',	'2023-04-28 05:23:15'),
(294,	39,	'https://realtyinterface.s3.amazonaws.com/property_images/xG1EkNTf97LGmJMnmc0zf2oOGX7MPzEBosUnrrGi.png',	'2023-04-27 07:27:28',	'2023-04-27 07:27:28'),
(295,	40,	'https://realtyinterface.s3.amazonaws.com/property_images/Bn6Z7cw31uNCx62RinksNGGcjPUtu1prxO0IYQRN.jpg',	'2023-05-01 10:50:54',	'2023-05-01 10:50:54'),
(296,	40,	'https://realtyinterface.s3.amazonaws.com/property_images/fQMwbndOgrYBu4KRESQkdFCyv2dVTDNRF16OG7LK.jpg',	'2023-05-01 10:50:54',	'2023-05-01 10:50:54'),
(297,	40,	'https://realtyinterface.s3.amazonaws.com/property_images/k4c6SbBd5Sba5GdOrJFPP3Wz8OR2o3s9xPE3PIjL.jpg',	'2023-05-01 10:50:55',	'2023-05-01 10:50:55'),
(298,	39,	'http://realtyinterface.s3.amazonaws.com/property_images/PsT7YU4aLpAihXCwLvlWz1WDlzyWugqBfKW8HdEK.png',	'2023-05-31 12:03:36',	'2023-05-31 12:03:36'),
(299,	41,	'http://realtyinterface.s3.amazonaws.com/property_images/pbRVep0UvNzhYTFtVVQJUdhxPGC2T2oZQ9FTp9zf.jpg',	'2023-06-11 18:07:50',	'2023-06-11 18:07:50'),
(300,	41,	'http://realtyinterface.s3.amazonaws.com/property_images/Avq3NqN7t0LEZPRazi9IuaNeBgco84jT6raCNoJt.jpg',	'2023-06-11 18:08:03',	'2023-06-11 18:08:03'),
(301,	41,	'http://realtyinterface.s3.amazonaws.com/property_images/6aY7Ewd2Nh974Nv09Go5IUUpYHslwNHSd2cRt0OF.jpg',	'2023-06-11 18:08:24',	'2023-06-11 18:08:24'),
(302,	41,	'http://realtyinterface.s3.amazonaws.com/property_images/djXu83krTY9ZuQinGgqg4Zm43NmSQ0hQd6PnW10n.jpg',	'2023-06-11 18:08:48',	'2023-06-11 18:08:48'),
(303,	41,	'http://realtyinterface.s3.amazonaws.com/property_images/aI2CCWpuwXkXg52FZExEGqyveQ5FvsoEeCVdWbmb.jpg',	'2023-06-11 18:09:01',	'2023-06-11 18:09:01'),
(304,	41,	'http://realtyinterface.s3.amazonaws.com/property_images/YRohqibQs0NJH58FG3ULfs65RcpKbNRo3NNcrupU.jpg',	'2023-06-11 18:09:08',	'2023-06-11 18:09:08'),
(305,	41,	'http://realtyinterface.s3.amazonaws.com/property_images/EhrQR5Wda4OYQBvKFC0js96fC4ocVVXIk3D4egXA.jpg',	'2023-06-11 18:09:25',	'2023-06-11 18:09:25'),
(306,	41,	'http://realtyinterface.s3.amazonaws.com/property_images/TZ83tTIMOktbXGfmhY8IPodPdL7JQak0qXwrnoaI.jpg',	'2023-06-11 18:12:20',	'2023-06-11 18:12:20'),
(307,	41,	'http://realtyinterface.s3.amazonaws.com/property_images/0Yylw1DQ8xdjBDYfD4FXradvoxXyYa4tspkuY8MX.jpg',	'2023-06-11 18:12:24',	'2023-06-11 18:12:24'),
(308,	41,	'http://realtyinterface.s3.amazonaws.com/property_images/rrJvDNCxEO34c2lsW3h4tbbrprmSZrI0Jiv0FFLF.jpg',	'2023-06-11 18:12:40',	'2023-06-11 18:12:40'),
(309,	41,	'http://realtyinterface.s3.amazonaws.com/property_images/IQBpI0yhG2Ys5gWYAI58WAUbUeegLvGXd6zFasxK.jpg',	'2023-06-11 18:19:07',	'2023-06-11 18:19:07'),
(310,	41,	'http://realtyinterface.s3.amazonaws.com/property_images/OodtEfWbFMYzvstJRe7MnOxTMpU07VjHOafp7gff.jpg',	'2023-06-11 18:19:18',	'2023-06-11 18:19:18'),
(313,	41,	'http://realtyinterface.s3.amazonaws.com/property_images/7vQLkuucn9ZiOi53YHkaOtVBL37nhhW9aswkwvhl.jpg',	'2023-06-11 18:20:39',	'2023-06-11 18:20:39'),
(314,	41,	'http://realtyinterface.s3.amazonaws.com/property_images/QnaoXewfo0KH2lD8dizj6zTsaRHCNT8ten2CcvH0.jpg',	'2023-06-11 18:20:46',	'2023-06-11 18:20:46'),
(315,	41,	'http://realtyinterface.s3.amazonaws.com/property_images/jyFoTdtsa3sq7WQJn2FgbDPYGup6BIPu01eRHKNk.jpg',	'2023-06-11 18:20:56',	'2023-06-11 18:20:56'),
(316,	41,	'http://realtyinterface.s3.amazonaws.com/property_images/82hTv7HOPRhnGVR9T8PxQ2up5w9Aj8ZIXxkfawJt.jpg',	'2023-06-11 18:21:06',	'2023-06-11 18:21:06'),
(317,	41,	'http://realtyinterface.s3.amazonaws.com/property_images/L6B9vx4bxKzW90hO4FICR8ltQMx7cOSnDAlb6WmZ.jpg',	'2023-06-11 18:22:38',	'2023-06-11 18:22:38'),
(318,	41,	'http://realtyinterface.s3.amazonaws.com/property_images/NITZmxfCjwVfaHNUDLwbN6mjSoukSsOl1cW9oL1Q.jpg',	'2023-06-11 18:28:26',	'2023-06-11 18:28:26'),
(320,	41,	'http://realtyinterface.s3.amazonaws.com/property_images/KWkgm13zXbulVpbaVIrKgTDaBri1WK9PgAq2uGEC.jpg',	'2023-06-11 20:11:27',	'2023-06-11 20:11:27'),
(321,	41,	'http://realtyinterface.s3.amazonaws.com/property_images/wmkeDm7TC7Ip4FDcDb1IzNkUSYBxziaOFCVH5r2T.jpg',	'2023-06-11 20:25:05',	'2023-06-11 20:25:05'),
(322,	41,	'http://realtyinterface.s3.amazonaws.com/property_images/FNg2FP0PvJ2eiSaYrjjdCun0Vei3fuS3IwDw4YpW.jpg',	'2023-06-11 22:56:34',	'2023-06-11 22:56:34'),
(323,	41,	'http://realtyinterface.s3.amazonaws.com/property_images/al3bmujOWvlLwfrZpMhbJ7ouK5liVQTzJAVp8xga.jpg',	'2023-06-11 22:56:35',	'2023-06-11 22:56:35'),
(324,	41,	'http://realtyinterface.s3.amazonaws.com/property_images/fPTSnPrJfHnpzq05IlG92xVUN7Fza37CzqPtQVYY.jpg',	'2023-06-11 22:56:35',	'2023-06-11 22:56:35'),
(325,	41,	'http://realtyinterface.s3.amazonaws.com/property_images/G0qOvSqxXDAYCATCpscBW975voNoWOVN7AVQAIjI.jpg',	'2023-06-11 22:56:35',	'2023-06-11 22:56:35'),
(326,	41,	'http://realtyinterface.s3.amazonaws.com/property_images/EDqXFAta1QMAfkMzZ8UfLXloEaVnHrYMvKI3mRLd.jpg',	'2023-06-11 22:56:35',	'2023-06-11 22:56:35'),
(327,	41,	'http://realtyinterface.s3.amazonaws.com/property_images/PKWRYqWXtC2x8Fj01uDXwpugykFJXhSHjPpsWZS2.jpg',	'2023-06-11 22:56:36',	'2023-06-11 22:56:36'),
(328,	41,	'http://realtyinterface.s3.amazonaws.com/property_images/HQraFocm3ceimW0jKEbIi6pGDFTzItce29ksu9MT.jpg',	'2023-06-11 22:56:53',	'2023-06-11 22:56:53'),
(329,	41,	'http://realtyinterface.s3.amazonaws.com/property_images/r1gxleFcGSI9oj1OtAcQHLcSO5xpPtf2RCvBrGFe.jpg',	'2023-06-11 22:56:53',	'2023-06-11 22:56:53'),
(330,	41,	'http://realtyinterface.s3.amazonaws.com/property_images/Ethed3RTO4MAlasPaAGfgnjsGE3DlpXSlNgJNUse.jpg',	'2023-06-11 22:56:54',	'2023-06-11 22:56:54'),
(331,	41,	'http://realtyinterface.s3.amazonaws.com/property_images/61lz1v2BBNPl1o79VsO3riN5GZfWwV1oOw2fY2kF.jpg',	'2023-06-11 22:56:54',	'2023-06-11 22:56:54'),
(332,	41,	'http://realtyinterface.s3.amazonaws.com/property_images/muPJysg0h0YjRX912nvEvEcNK8ADoUPIUxEMLvkR.jpg',	'2023-06-11 22:56:54',	'2023-06-11 22:56:54'),
(333,	41,	'http://realtyinterface.s3.amazonaws.com/property_images/d1iSqs5JDG9FGw4TF2PxQPmVY1KiBFlytRnap3zL.jpg',	'2023-06-11 22:57:24',	'2023-06-11 22:57:24'),
(334,	41,	'http://realtyinterface.s3.amazonaws.com/property_images/JDjngmNZc1wQf1P9VQuouZxiLTkozMDyJCXylccL.jpg',	'2023-06-11 22:57:48',	'2023-06-11 22:57:48'),
(335,	41,	'http://realtyinterface.s3.amazonaws.com/property_images/llJaG46bhFTmCtj4H37kHss00uDx2Y2oEYwaUrDp.jpg',	'2023-06-11 22:58:20',	'2023-06-11 22:58:20'),
(336,	41,	'http://realtyinterface.s3.amazonaws.com/property_images/0QPNWcrwxeUUvdFyOXV8im2CkjP9q8c67s0jPsiR.jpg',	'2023-06-11 23:00:05',	'2023-06-11 23:00:05'),
(337,	41,	'http://realtyinterface.s3.amazonaws.com/property_images/yuA21B2JqAKx45Z4wbVCphIjQaX3UHLBX0MYmNbL.jpg',	'2023-06-11 23:00:05',	'2023-06-11 23:00:05'),
(338,	41,	'http://realtyinterface.s3.amazonaws.com/property_images/cZPGGKeH54bxpkruR23tcJYjMz6uWs4wQeZYpH4l.jpg',	'2023-06-11 23:01:30',	'2023-06-11 23:01:30'),
(339,	41,	'http://realtyinterface.s3.amazonaws.com/property_images/4DH7wwkdc7tOtJaOIPAosoFKZAIqm1mjlwJFoh1H.jpg',	'2023-06-11 23:01:42',	'2023-06-11 23:01:42'),
(340,	41,	'http://realtyinterface.s3.amazonaws.com/property_images/1BEbEOQTi4LaLsyGJxzEDGdyVA3nhRyFC0pKYl5u.jpg',	'2023-06-11 23:02:21',	'2023-06-11 23:02:21'),
(343,	41,	'http://realtyinterface.s3.amazonaws.com/property_images/1NOXfyyz0uJllemaaTFGln61aRt1yG5sasUupPFZ.jpg',	'2023-06-11 23:02:21',	'2023-06-11 23:02:21'),
(345,	41,	'http://realtyinterface.s3.amazonaws.com/property_images/xyvkF8V4x81osk38cSK3XKJq9A48tVLssP7SLfTE.jpg',	'2023-06-11 23:09:13',	'2023-06-11 23:09:13'),
(346,	41,	'http://realtyinterface.s3.amazonaws.com/property_images/lpoGFaFlCbtSY6PQyqfp7FhQNbl24os8LhYrGx3Q.jpg',	'2023-06-11 23:09:13',	'2023-06-11 23:09:13'),
(347,	41,	'http://realtyinterface.s3.amazonaws.com/property_images/PvUbRU6Twl5kUw0vi941aWvUsRlEN3aMTN6xdCWd.jpg',	'2023-06-11 23:09:13',	'2023-06-11 23:09:13'),
(348,	41,	'http://realtyinterface.s3.amazonaws.com/property_images/0EROiijx9NNkPKgxFnfzA0K3qKpC58qXSb68cwIE.jpg',	'2023-06-11 23:11:36',	'2023-06-11 23:11:36'),
(349,	41,	'http://realtyinterface.s3.amazonaws.com/property_images/7MRPS6M8i040RKGTUVwiMB6s0DU5KxKKkxcwmoTd.jpg',	'2023-06-11 23:13:14',	'2023-06-11 23:13:14'),
(350,	42,	'http://realtyinterface.s3.amazonaws.com/property_images/syCBGPrxrdK7cvGfucW0qdx4dAv8THw08LdZhwQr.jpg',	'2023-06-15 17:18:48',	'2023-06-15 17:18:48'),
(351,	42,	'http://realtyinterface.s3.amazonaws.com/property_images/QEu8SGfrcKyTFkOG1ydflwRP0pKZlpbY2ErSdXbm.jpg',	'2023-06-15 17:18:49',	'2023-06-15 17:18:49'),
(352,	42,	'http://realtyinterface.s3.amazonaws.com/property_images/GKvXbkfO1P4s4MbNZRw3e1otvws0zY1psZrjObQa.jpg',	'2023-06-15 17:18:49',	'2023-06-15 17:18:49'),
(353,	42,	'http://realtyinterface.s3.amazonaws.com/property_images/O0OeyW1EgGNtGSgxLnCs6VZUGaJngc5iAZlINMyo.jpg',	'2023-06-15 17:18:49',	'2023-06-15 17:18:49'),
(354,	42,	'http://realtyinterface.s3.amazonaws.com/property_images/5IHFhYiSBBzMlcovOIkpmtYuVWbJ1CWQj6o8cXmO.jpg',	'2023-06-15 17:18:50',	'2023-06-15 17:18:50'),
(355,	42,	'http://realtyinterface.s3.amazonaws.com/property_images/xUMr01OhwlJDPQOdq3PDbziLQtmp1If6pcPnLQZL.jpg',	'2023-06-15 17:18:50',	'2023-06-15 17:18:50'),
(356,	42,	'http://realtyinterface.s3.amazonaws.com/property_images/GZwtUv4ZJRt1bHM89ZdkgIw0dljoapjDfgCKGr6J.jpg',	'2023-06-15 17:18:50',	'2023-06-15 17:18:50'),
(357,	42,	'http://realtyinterface.s3.amazonaws.com/property_images/v717OlPPBiKW6SFvcusT83rr8Hywc83I5DgLWls2.jpg',	'2023-06-15 17:18:50',	'2023-06-15 17:18:50'),
(358,	42,	'http://realtyinterface.s3.amazonaws.com/property_images/xVKGrIpXLrNWVmcz6vqkSbRhHQWWbOW4V0fwhmn8.jpg',	'2023-06-15 17:18:52',	'2023-06-15 17:18:52'),
(359,	42,	'http://realtyinterface.s3.amazonaws.com/property_images/Lz0rzqD3x0zczhEBHhiJK2K2ef19iL6UZhaK9bJF.jpg',	'2023-06-15 17:18:57',	'2023-06-15 17:18:57'),
(360,	42,	'http://realtyinterface.s3.amazonaws.com/property_images/dUBn2IPRCRc1UNbA3yULoqGADvvT7BUw7Ro7IVOO.jpg',	'2023-06-15 17:18:57',	'2023-06-15 17:18:57'),
(361,	42,	'http://realtyinterface.s3.amazonaws.com/property_images/tObDYC2bjAtSoMMzuXcVlDlZElGoiDKKESi5bg8p.jpg',	'2023-06-15 17:18:57',	'2023-06-15 17:18:57'),
(362,	42,	'http://realtyinterface.s3.amazonaws.com/property_images/hBiMATaufBFyRn5hLaUG3AlWDiqyRN1rmCxMiKIE.jpg',	'2023-06-15 17:18:58',	'2023-06-15 17:18:58'),
(363,	42,	'http://realtyinterface.s3.amazonaws.com/property_images/rCFWGzZuREftma3Sd6vPqFFTUBZlO3QxiB8sH9cY.jpg',	'2023-06-15 17:18:58',	'2023-06-15 17:18:58'),
(364,	42,	'http://realtyinterface.s3.amazonaws.com/property_images/mMPjcaIxFDD9tlKcr1bxKCPKYkQ4Qs7aDbeQaAjc.jpg',	'2023-06-15 17:18:58',	'2023-06-15 17:18:58'),
(365,	42,	'http://realtyinterface.s3.amazonaws.com/property_images/y6Eg3sc3vDHjldavKp8LlcowQBbE6vhDZW4apjps.jpg',	'2023-06-15 17:18:59',	'2023-06-15 17:18:59'),
(366,	42,	'http://realtyinterface.s3.amazonaws.com/property_images/iqgkFIvxUX3Q6aJ3YcnBFN1pCy1EOz5f7cmMWZel.jpg',	'2023-06-15 17:18:59',	'2023-06-15 17:18:59'),
(367,	42,	'http://realtyinterface.s3.amazonaws.com/property_images/bXG4PZXmOrI9zZxjuoRQykjJsa0xdsmz1ZwOguJi.jpg',	'2023-06-15 17:19:01',	'2023-06-15 17:19:01'),
(368,	42,	'http://realtyinterface.s3.amazonaws.com/property_images/BQdxep2ug4nzJROsnaI5gbqrmQmmQJ34FTOZygn3.jpg',	'2023-06-15 17:29:36',	'2023-06-15 17:29:36'),
(369,	42,	'http://realtyinterface.s3.amazonaws.com/property_images/vHEJpz2TkFW7N6qJntBxGBq2WzxLtuedslodnyjf.jpg',	'2023-06-15 17:29:50',	'2023-06-15 17:29:50'),
(370,	42,	'http://realtyinterface.s3.amazonaws.com/property_images/rDllzwDMzGtWvUAviyB6Io83IeRJvRbSWSyhl3Gs.jpg',	'2023-06-15 17:29:50',	'2023-06-15 17:29:50'),
(371,	42,	'http://realtyinterface.s3.amazonaws.com/property_images/mN0SeVSIyilU8n4rB3iDtYIRw810vt9jxjgwyUxA.jpg',	'2023-06-15 17:29:50',	'2023-06-15 17:29:50'),
(372,	42,	'http://realtyinterface.s3.amazonaws.com/property_images/ZWTnJQjqMS1akI1ozOdNKyDOzvVM5SRdvVPHVwKv.jpg',	'2023-06-15 17:29:50',	'2023-06-15 17:29:50'),
(373,	42,	'http://realtyinterface.s3.amazonaws.com/property_images/gxnlDouJX7PJ3vY6ygb78qROxG7hIMxyvr12lyP9.jpg',	'2023-06-15 17:29:51',	'2023-06-15 17:29:51'),
(376,	42,	'http://realtyinterface.s3.amazonaws.com/property_images/HKmJRZzJwluVJBHKCBd8hXggWePRLybT6CAcgZJ6.jpg',	'2023-06-15 17:31:46',	'2023-06-15 17:31:46'),
(377,	42,	'http://realtyinterface.s3.amazonaws.com/property_images/O5Y34OWikP6blBITvxhuM05ZVM2k5a3WWv4IGNZQ.jpg',	'2023-06-15 17:31:46',	'2023-06-15 17:31:46'),
(378,	42,	'http://realtyinterface.s3.amazonaws.com/property_images/ukSOoVzN3JoSAhhCjqSQpNxGZzGGmrAs0mwXVCLk.jpg',	'2023-06-15 17:31:46',	'2023-06-15 17:31:46'),
(379,	42,	'http://realtyinterface.s3.amazonaws.com/property_images/l3IGsNHd4ItJjYf2gHNqAc5kq5fqtmw2wDA1nNQb.jpg',	'2023-06-15 17:31:47',	'2023-06-15 17:31:47'),
(380,	42,	'http://realtyinterface.s3.amazonaws.com/property_images/mBJQgwS4MBudvjkBFYCdMgmuescGAA6WFPMPmzYz.jpg',	'2023-06-15 17:31:47',	'2023-06-15 17:31:47'),
(381,	42,	'http://realtyinterface.s3.amazonaws.com/property_images/FuxG4Lg9kO3Iivh7c0ctKiTjnmhMfaR5MN60WOgV.jpg',	'2023-06-15 17:31:47',	'2023-06-15 17:31:47'),
(383,	42,	'http://realtyinterface.s3.amazonaws.com/property_images/lkEuvWNbCuoEkNcFrEw1GHhdYdc1feHZlvEVAYGJ.jpg',	'2023-06-15 17:32:57',	'2023-06-15 17:32:57'),
(384,	42,	'http://realtyinterface.s3.amazonaws.com/property_images/4q7dfUsnWghkQNj4LkrYx6xVUjvGsjf1tHd76n8k.jpg',	'2023-06-15 17:41:27',	'2023-06-15 17:41:27'),
(385,	42,	'http://realtyinterface.s3.amazonaws.com/property_images/CWgtbGRtAasNRhn1YZGp7vc7FmLNzThLeTLtzwMu.jpg',	'2023-06-15 17:41:27',	'2023-06-15 17:41:27'),
(386,	42,	'http://realtyinterface.s3.amazonaws.com/property_images/LjnU7J0ARHoYNaKomsF2w8h6qlSR4oPxsBsEPi9a.jpg',	'2023-06-15 17:41:28',	'2023-06-15 17:41:28'),
(387,	42,	'http://realtyinterface.s3.amazonaws.com/property_images/TXprvQXzJEp0wxyfYJB7K7YX7fWnqdlt42FIyVgI.jpg',	'2023-06-15 17:41:28',	'2023-06-15 17:41:28'),
(388,	42,	'http://realtyinterface.s3.amazonaws.com/property_images/JIB9ujxZXOJCCZpY7MqSVx0CoJJ0kxyV4KXY7kmd.jpg',	'2023-06-15 17:43:24',	'2023-06-15 17:43:24'),
(389,	42,	'http://realtyinterface.s3.amazonaws.com/property_images/LFt5RJaICJXx1kSMJd97Ng5mhPfZEKE2UcCU9atu.jpg',	'2023-06-15 17:43:24',	'2023-06-15 17:43:24'),
(390,	42,	'http://realtyinterface.s3.amazonaws.com/property_images/hRMDBcnDJ8NNPQjT74kCC7S6Jcc5IzOoi2gnmK9W.jpg',	'2023-06-15 17:43:25',	'2023-06-15 17:43:25'),
(391,	42,	'http://realtyinterface.s3.amazonaws.com/property_images/SGPHD7p2DnqfTiBmZt7HSbvMNWlj5qU5rkrWKzBa.jpg',	'2023-06-15 17:44:23',	'2023-06-15 17:44:23'),
(392,	42,	'http://realtyinterface.s3.amazonaws.com/property_images/omcs1IJVZ8GMdkjEiASprUWHQy7DrMp4iQtzuLRY.jpg',	'2023-06-15 17:44:23',	'2023-06-15 17:44:23'),
(393,	42,	'http://realtyinterface.s3.amazonaws.com/property_images/bbrLnst5rhbUjuEz1B8BR69ZqWaV9aCaWXTvYEmD.jpg',	'2023-06-15 17:44:23',	'2023-06-15 17:44:23'),
(394,	42,	'http://realtyinterface.s3.amazonaws.com/property_images/WTF4coD2Fjl35aXqp0vtncbhicbDcSAEVaOJs1pn.jpg',	'2023-06-15 17:44:23',	'2023-06-15 17:44:23'),
(395,	42,	'http://realtyinterface.s3.amazonaws.com/property_images/V8UgrcULSomCy7VAbcSAWIGgVWBdqFKmGcVeAFEN.jpg',	'2023-06-15 17:44:23',	'2023-06-15 17:44:23'),
(396,	42,	'http://realtyinterface.s3.amazonaws.com/property_images/lO5NLeJSrTa0RrlsSlm31eaIFuAKuBxFjsPhQkdD.jpg',	'2023-06-15 18:01:21',	'2023-06-15 18:01:21'),
(397,	42,	'http://realtyinterface.s3.amazonaws.com/property_images/YKN5oirxkYlBuCcCQWV8ojd5TJXdLhH3oRKHXymF.jpg',	'2023-06-15 18:01:21',	'2023-06-15 18:01:21'),
(398,	42,	'http://realtyinterface.s3.amazonaws.com/property_images/AZaKclUST9x4hX5L5X8FmQwHdJP8E9BdW2C1lq7i.jpg',	'2023-06-15 18:01:21',	'2023-06-15 18:01:21'),
(399,	42,	'http://realtyinterface.s3.amazonaws.com/property_images/Lb2icxi1ZFbFB3lfBvJWhEawPVnU8Q3crsDO9e8X.jpg',	'2023-06-15 18:01:21',	'2023-06-15 18:01:21'),
(400,	42,	'http://realtyinterface.s3.amazonaws.com/property_images/6SjEnDxTdnDO6h9ggtl4CVc6HkC7zM3R2GAWli2b.jpg',	'2023-06-15 18:01:21',	'2023-06-15 18:01:21'),
(401,	42,	'http://realtyinterface.s3.amazonaws.com/property_images/fY4fwmdPtYYW4ZSdGvA4cJiCpBDYztWW1pH74utk.jpg',	'2023-06-15 18:01:21',	'2023-06-15 18:01:21'),
(402,	42,	'http://realtyinterface.s3.amazonaws.com/property_images/tnub5Hcv686NB5GXyyP0PpCvA6Y1jtkNfwaEB2RU.jpg',	'2023-06-15 18:01:21',	'2023-06-15 18:01:21'),
(403,	42,	'http://realtyinterface.s3.amazonaws.com/property_images/8Mwaq1aO8fzNNFi27N84VLRq55miB9G5nqpBjJdk.jpg',	'2023-06-15 18:01:22',	'2023-06-15 18:01:22'),
(404,	42,	'http://realtyinterface.s3.amazonaws.com/property_images/c3ciLZf3ykXVdMEg933QnDhbMK9ogduTHFJ0whO1.jpg',	'2023-06-15 18:01:22',	'2023-06-15 18:01:22'),
(405,	42,	'http://realtyinterface.s3.amazonaws.com/property_images/wkx9qfo3WT6oGohe1dHSKXLauwe8T2JCTfttut6s.jpg',	'2023-06-15 18:01:22',	'2023-06-15 18:01:22'),
(406,	42,	'http://realtyinterface.s3.amazonaws.com/property_images/4MbQJXA1Yoey5p6roHaNrMDHYeSlQBmpNCzAdefH.jpg',	'2023-06-15 18:01:22',	'2023-06-15 18:01:22'),
(407,	42,	'http://realtyinterface.s3.amazonaws.com/property_images/acX5CVBNQAl0B1YcQQk8KPun2RHafCCsGfOlnSqJ.jpg',	'2023-06-15 18:01:22',	'2023-06-15 18:01:22'),
(408,	42,	'http://realtyinterface.s3.amazonaws.com/property_images/gg7HVO2kTUKYVjfgW9VRaXMqAoklhhEcbDAaNQwp.jpg',	'2023-06-15 18:01:22',	'2023-06-15 18:01:22'),
(409,	42,	'http://realtyinterface.s3.amazonaws.com/property_images/2I3eDlrJd8UeKgHlTzXji312pLbZBEDwLJnrQHwp.jpg',	'2023-06-15 18:01:22',	'2023-06-15 18:01:22'),
(410,	42,	'http://realtyinterface.s3.amazonaws.com/property_images/sXmxxwWwZfKB10Y1fr8cdCW3PnF0mA4uNhSa6qRg.jpg',	'2023-06-15 18:01:22',	'2023-06-15 18:01:22'),
(411,	42,	'http://realtyinterface.s3.amazonaws.com/property_images/kJa5MJmkZrA2P0KHCys7ecVqlGeRP1LBqRRl5JMD.jpg',	'2023-06-15 18:01:22',	'2023-06-15 18:01:22'),
(412,	42,	'http://realtyinterface.s3.amazonaws.com/property_images/DkAfwxHqKJoPVVC7gXLcWRtNFJare2KUEnxS1OzF.jpg',	'2023-06-15 18:01:22',	'2023-06-15 18:01:22'),
(413,	42,	'http://realtyinterface.s3.amazonaws.com/property_images/PgFPu93jXoipks7IKTaFq2hSKqOVBwRFOIeqbVNM.jpg',	'2023-06-15 18:01:23',	'2023-06-15 18:01:23'),
(414,	42,	'http://realtyinterface.s3.amazonaws.com/property_images/jeoWGYzMvjKSIQMYsdaHnqnTfJam3lwFCYckysDd.jpg',	'2023-06-15 18:01:23',	'2023-06-15 18:01:23'),
(415,	35,	'http://realtyinterface.s3.amazonaws.com/property_images/0YEOG939P4j8kYNsKhvxyCvlqz6MFtXmS6aieUT8.jpg',	'2023-06-18 21:49:06',	'2023-06-18 21:49:06'),
(416,	35,	'http://realtyinterface.s3.amazonaws.com/property_images/lZ6JP8z4tqriKDHNwbcqTuZbxmC8wKc1F9VZvdSh.jpg',	'2023-06-18 22:04:58',	'2023-06-18 22:04:58'),
(417,	35,	'http://realtyinterface.s3.amazonaws.com/property_images/LI1b82ch4J1DbqtmnKLI4lYq6HJnH3NHhALE6qnK.jpg',	'2023-06-18 22:05:12',	'2023-06-18 22:05:12'),
(418,	35,	'http://realtyinterface.s3.amazonaws.com/property_images/iTRJWb8ORB18x5VLZ6cIW0NWHRmR5VnpUgSAmzUa.jpg',	'2023-06-18 22:05:12',	'2023-06-18 22:05:12'),
(419,	35,	'http://realtyinterface.s3.amazonaws.com/property_images/euxZr4WgcHNu03WPWtimPX0W8DdD3V8QdS9v5Nam.jpg',	'2023-06-18 22:05:13',	'2023-06-18 22:05:13'),
(421,	35,	'http://realtyinterface.s3.amazonaws.com/property_images/V39ihzWiwfnJUrVhViTIKT5vs9XXYQWBvaT7tGvE.jpg',	'2023-06-18 22:08:44',	'2023-06-18 22:08:44'),
(422,	35,	'http://realtyinterface.s3.amazonaws.com/property_images/fpSGCnd2A9kQuLeYePg4SnLsXxCLyZuj9yV0Gbxv.jpg',	'2023-06-18 22:09:39',	'2023-06-18 22:09:39'),
(423,	35,	'http://realtyinterface.s3.amazonaws.com/property_images/YOxJ9XJe1b1ZBrdOSNIlmigckEowhBtCcMUeqs7H.jpg',	'2023-06-18 22:09:40',	'2023-06-18 22:09:40'),
(424,	35,	'http://realtyinterface.s3.amazonaws.com/property_images/fJXkVdGpscwzodZONYQpExd1n0VAuPLcZUop1SEj.jpg',	'2023-06-18 22:09:41',	'2023-06-18 22:09:41'),
(425,	35,	'http://realtyinterface.s3.amazonaws.com/property_images/Dmx3OGXdaUANyx9B6Y4LEvGdiMQPONUFwnxE6xlq.jpg',	'2023-06-18 22:14:48',	'2023-06-18 22:14:48'),
(426,	35,	'http://realtyinterface.s3.amazonaws.com/property_images/pV1G2VapMo4ClYRC1HQlJXd8KCL44xy9pzcqr2pt.jpg',	'2023-06-18 22:14:48',	'2023-06-18 22:14:48'),
(427,	35,	'http://realtyinterface.s3.amazonaws.com/property_images/g2g4MDiOSJcTgV3lmeOJWKSE393YAppghfzyLcj6.jpg',	'2023-06-18 22:14:49',	'2023-06-18 22:14:49'),
(428,	35,	'http://realtyinterface.s3.amazonaws.com/property_images/1ux7EgPVmKVld2H4UBhwORh4opg56eBs3sG0y6EP.jpg',	'2023-06-18 22:14:49',	'2023-06-18 22:14:49'),
(429,	35,	'http://realtyinterface.s3.amazonaws.com/property_images/dPrZ7GVMDqmOZxH0TBf8WI5I2oed6ssDewKLB5Up.jpg',	'2023-06-18 22:14:49',	'2023-06-18 22:14:49'),
(430,	35,	'http://realtyinterface.s3.amazonaws.com/property_images/fUvO3MRLfLLbB19SixKv7YKyhvlNnNzP9iCAGZEY.jpg',	'2023-06-18 22:14:50',	'2023-06-18 22:14:50'),
(431,	35,	'http://realtyinterface.s3.amazonaws.com/property_images/pPaLyQQzzQstA2FfbzgImOCWGyphlFb1F9i4otna.jpg',	'2023-06-18 22:14:50',	'2023-06-18 22:14:50'),
(432,	35,	'http://realtyinterface.s3.amazonaws.com/property_images/u4dyI7BnPuNrlV8JG7QJfqbjy46RJ20TqYP5NRoq.jpg',	'2023-06-18 22:14:50',	'2023-06-18 22:14:50'),
(433,	35,	'http://realtyinterface.s3.amazonaws.com/property_images/3Mizf2gCKwjrRQhRtTybwe4VDFTTQ716b4vLs9Dw.jpg',	'2023-06-18 22:14:51',	'2023-06-18 22:14:51'),
(434,	35,	'http://realtyinterface.s3.amazonaws.com/property_images/tMpBNQtNfQcR5cEBXxAIIj89go1ZpVRpiPo232Mz.jpg',	'2023-06-18 22:15:02',	'2023-06-18 22:15:02'),
(435,	35,	'http://realtyinterface.s3.amazonaws.com/property_images/W2Jyl6KFq5wi5L0JyMBXgwkUBvILflJRrw8Dnmpt.jpg',	'2023-06-18 22:15:02',	'2023-06-18 22:15:02'),
(436,	35,	'http://realtyinterface.s3.amazonaws.com/property_images/WSeHgH9PIFJO9QpDUBLrowXoEc24QkEqnXKomTnR.jpg',	'2023-06-18 22:15:03',	'2023-06-18 22:15:03'),
(437,	35,	'http://realtyinterface.s3.amazonaws.com/property_images/gTPadmF0mt7kJj8aQlqDIx2c37BaLqDX7VwC2HoZ.jpg',	'2023-06-18 22:15:03',	'2023-06-18 22:15:03'),
(438,	35,	'http://realtyinterface.s3.amazonaws.com/property_images/uZt5FW5XlguVzT66TQW1ml8GOlKApBMFvsq47Bwi.jpg',	'2023-06-18 22:15:03',	'2023-06-18 22:15:03'),
(439,	35,	'http://realtyinterface.s3.amazonaws.com/property_images/pbUhPL8eARQ47zjTW9n0iNJGmNiaFmnGRNsFIZQM.jpg',	'2023-06-18 22:15:03',	'2023-06-18 22:15:03'),
(440,	35,	'http://realtyinterface.s3.amazonaws.com/property_images/zbQ0l62sbal4Oj716bgZ5a60vsuoX3aIpydRP9Xm.jpg',	'2023-06-18 22:15:04',	'2023-06-18 22:15:04'),
(441,	35,	'http://realtyinterface.s3.amazonaws.com/property_images/59ckDOzxAjP26LSle9ka1QJPPyWfn54Rs9iU0vfX.jpg',	'2023-06-18 22:15:04',	'2023-06-18 22:15:04'),
(442,	35,	'http://realtyinterface.s3.amazonaws.com/property_images/LMejCe5DUDXxWMPowWYIxb0h4AhHl6cyOxV6U9G9.jpg',	'2023-06-18 22:21:56',	'2023-06-18 22:21:56'),
(443,	35,	'http://realtyinterface.s3.amazonaws.com/property_images/VbzZFC2XYTvEL9uEgEK9cXVPSUfsoI9y2n8F8eWG.jpg',	'2023-06-18 22:21:57',	'2023-06-18 22:21:57'),
(444,	35,	'http://realtyinterface.s3.amazonaws.com/property_images/28MtIiKcypBDUx1kUvoUvAB05SnZF8fQ3bPgeZgj.jpg',	'2023-06-18 22:21:57',	'2023-06-18 22:21:57'),
(445,	35,	'http://realtyinterface.s3.amazonaws.com/property_images/D8gdBDgVKggTVh2ijaplupW8cvQsufkGMJ0d2cXu.jpg',	'2023-06-18 22:21:57',	'2023-06-18 22:21:57'),
(446,	35,	'http://realtyinterface.s3.amazonaws.com/property_images/dqerk63RiVgNfSCYH5xGqPTCboFYZU7rCyDPViEd.jpg',	'2023-06-18 22:21:57',	'2023-06-18 22:21:57'),
(447,	35,	'http://realtyinterface.s3.amazonaws.com/property_images/DdZ4n3OoPbbvpWL3R24hNWPhlzEKy9GFAMtD0oQs.jpg',	'2023-06-18 22:21:58',	'2023-06-18 22:21:58'),
(448,	35,	'http://realtyinterface.s3.amazonaws.com/property_images/kiKTRyoFqIkPVnBwwx44wloxPJ1DwgiJZo3qqsDq.jpg',	'2023-06-18 22:21:58',	'2023-06-18 22:21:58'),
(449,	35,	'http://realtyinterface.s3.amazonaws.com/property_images/IfrQCIg6lgdqJFIJZ9SOhDnEmZOFOlPSijfo8Mtb.jpg',	'2023-06-18 22:21:58',	'2023-06-18 22:21:58'),
(450,	35,	'http://realtyinterface.s3.amazonaws.com/property_images/tcMDfESZOlUfw4mjenQB0ntXUZ5oKGhmxwjTljiF.jpg',	'2023-06-18 22:21:59',	'2023-06-18 22:21:59'),
(451,	35,	'http://realtyinterface.s3.amazonaws.com/property_images/05PV3XNK9X9i8WThVwdyDHRavgMzjDnJXjkChhHK.jpg',	'2023-06-18 22:21:59',	'2023-06-18 22:21:59'),
(452,	35,	'http://realtyinterface.s3.amazonaws.com/property_images/J5xIiqc5IqV5D36Wrv4fArKuww1FstVsnIzhkTEt.jpg',	'2023-06-18 22:21:59',	'2023-06-18 22:21:59'),
(453,	35,	'http://realtyinterface.s3.amazonaws.com/property_images/XksmGke4lO8UDtsAX2Y3OnTakq83GSbK2wzOkZ8R.jpg',	'2023-06-18 22:21:59',	'2023-06-18 22:21:59'),
(454,	35,	'http://realtyinterface.s3.amazonaws.com/property_images/eUvVudPqcIPzhn4VO9jEqrjvEqnYAEVPuyz1ETnD.jpg',	'2023-06-18 22:22:00',	'2023-06-18 22:22:00'),
(455,	35,	'http://realtyinterface.s3.amazonaws.com/property_images/Ye8vXMKGoFwcRHfukpT69YyaqLT2X1u25l0DSwUt.jpg',	'2023-06-18 23:05:26',	'2023-06-18 23:05:26'),
(456,	35,	'http://realtyinterface.s3.amazonaws.com/property_images/DeqLpSIkkI13ycoca2QECYw7eChUc1dcrgRmA3zG.jpg',	'2023-06-18 23:05:26',	'2023-06-18 23:05:26'),
(457,	35,	'http://realtyinterface.s3.amazonaws.com/property_images/aaGPnXKZ7hBEyU858FNdbQb0uJIijVLT5LNPOGX5.jpg',	'2023-06-18 23:05:27',	'2023-06-18 23:05:27'),
(458,	35,	'http://realtyinterface.s3.amazonaws.com/property_images/d3wk1tQF1JkZDkmZpOSRc3NGe2ip0aOLVu4hecET.jpg',	'2023-06-18 23:05:27',	'2023-06-18 23:05:27'),
(459,	35,	'http://realtyinterface.s3.amazonaws.com/property_images/8nSqG5fyxf122iYUWLoPLiue3Rz2AJmztHn12elI.jpg',	'2023-06-18 23:05:27',	'2023-06-18 23:05:27'),
(460,	35,	'http://realtyinterface.s3.amazonaws.com/property_images/YJK39iHZHskIzBSXzJKLxLdSzu4p8LbY7XjaGZGP.jpg',	'2023-06-18 23:05:27',	'2023-06-18 23:05:27'),
(461,	35,	'http://realtyinterface.s3.amazonaws.com/property_images/TgVq0eyzq34g87Iykm27UgYN6H5T5Y1ULM87Pwl1.jpg',	'2023-06-18 23:05:27',	'2023-06-18 23:05:27'),
(462,	35,	'http://realtyinterface.s3.amazonaws.com/property_images/L8nJX0R29tO0ttTJjkXqOYbJg4ECjhfQovjzZR0J.jpg',	'2023-06-18 23:05:48',	'2023-06-18 23:05:48'),
(463,	35,	'http://realtyinterface.s3.amazonaws.com/property_images/mpCjWf3sMUAvHcdCjbZpjnfJ4YxwenJx1YI9asF6.jpg',	'2023-06-18 23:05:48',	'2023-06-18 23:05:48'),
(464,	35,	'http://realtyinterface.s3.amazonaws.com/property_images/2qnnLsS0FAec6YgGaSsUeObdnDzwl7gUZuj4zFfy.jpg',	'2023-06-18 23:05:48',	'2023-06-18 23:05:48'),
(465,	35,	'http://realtyinterface.s3.amazonaws.com/property_images/7jcivjtLyShSvbzslh1npZOk5BAbHSPouaK6x9Ao.jpg',	'2023-06-18 23:05:49',	'2023-06-18 23:05:49'),
(466,	35,	'http://realtyinterface.s3.amazonaws.com/property_images/TuasyW32seFEGvz6Lt8aGU1bRXG5O0jfgwwmr9mK.jpg',	'2023-06-18 23:05:49',	'2023-06-18 23:05:49'),
(467,	35,	'http://realtyinterface.s3.amazonaws.com/property_images/rMkvmF0xBz5DHx0IhwBDy92reyeY0dVsHpog6vbV.jpg',	'2023-06-18 23:05:49',	'2023-06-18 23:05:49'),
(468,	35,	'http://realtyinterface.s3.amazonaws.com/property_images/1aket6EOaaA5595NtYy9yMLKQQLXpuQk5SfO2e0q.jpg',	'2023-06-18 23:05:50',	'2023-06-18 23:05:50'),
(469,	35,	'http://realtyinterface.s3.amazonaws.com/property_images/4TDAf1IXVkciaCzfPkHSeSdm9jpGMgLf5eMk02p8.jpg',	'2023-06-18 23:05:50',	'2023-06-18 23:05:50'),
(470,	35,	'http://realtyinterface.s3.amazonaws.com/property_images/glxAV3ZjtkBn836MFqvUqciwBd6obEZ0nga9pV5b.jpg',	'2023-06-18 23:05:50',	'2023-06-18 23:05:50'),
(471,	35,	'http://realtyinterface.s3.amazonaws.com/property_images/tuIpz9SLB0tUHg5b7sQRbtIdh2YfyYER6EgBBPJX.jpg',	'2023-06-18 23:05:50',	'2023-06-18 23:05:50'),
(472,	35,	'http://realtyinterface.s3.amazonaws.com/property_images/OvUY5j9bsrlC66ugdZBqBQ8nOeM6u5wOocEv4a7V.jpg',	'2023-06-18 23:05:51',	'2023-06-18 23:05:51'),
(473,	35,	'http://realtyinterface.s3.amazonaws.com/property_images/y69Lx2B3LrCCBR6kpAxQrD18uKDLhoK0p5tRQwHL.jpg',	'2023-06-18 23:05:51',	'2023-06-18 23:05:51');

DROP TABLE IF EXISTS `property_matterport`;
CREATE TABLE `property_matterport` (
  `id` int unsigned NOT NULL AUTO_INCREMENT,
  `property_id` bigint unsigned NOT NULL,
  `matterport_url` varchar(500) CHARACTER SET utf8mb4 COLLATE utf8mb4_unicode_ci NOT NULL,
  `created_at` timestamp NULL DEFAULT NULL,
  `updated_at` timestamp NULL DEFAULT NULL,
  PRIMARY KEY (`id`),
  KEY `property_matterport_property_id_foreign` (`property_id`),
  CONSTRAINT `property_matterport_property_id_foreign` FOREIGN KEY (`property_id`) REFERENCES `properties` (`id`)
) ENGINE=InnoDB DEFAULT CHARSET=utf8mb4 COLLATE=utf8mb4_unicode_ci;

INSERT INTO `property_matterport` (`id`, `property_id`, `matterport_url`, `created_at`, `updated_at`) VALUES
(2,	2,	'https://my.matterport.com/show/?m=K5nAz66wuCJ&play=1&qs=1&tiles=1&vr=0&title=0&help=2&tourcta=2&hlr=2&rf-experience=',	'2022-10-24 09:55:24',	'2022-10-24 09:55:24'),
(5,	20,	'https://www.youtube.com/watch?v=qZVTkn2NjS0',	'2022-11-08 06:09:04',	'2022-11-08 06:09:04'),
(6,	19,	'https://my.matterport.com/show/?m=K5nAz66wuCJ&mls=1&guides=0&play=1&qs=1&ts=1&lp=1',	'2022-11-25 09:31:20',	'2022-11-25 09:31:20'),
(8,	3,	'https://my.matterport.com/show/?m=K5nAz66wuCJ&mls=1&guides=0&play=1&qs=1&ts=1&lp=1',	'2022-11-29 04:43:47',	'2022-11-29 04:43:47'),
(12,	22,	'https://my.matterport.com/show/?m=K5nAz66wuCJ&play=1&qs=1&tiles=1&vr=0&title=0&help=2&tourcta=2&hlr=2&rf-experience=',	'2022-12-06 09:24:40',	'2022-12-06 09:24:40'),
(13,	13,	'https://my.matterport.com/show/?m=K5nAz66wuCJ&play=1&qs=1&tiles=1&vr=0&title=0&help=2&tourcta=2&hlr=2&rf-experience=',	'2022-12-10 08:46:32',	'2022-12-10 08:46:32'),
(14,	35,	'https://my.matterport.com/show/?m=ZFSNF6SuXPQ',	'2022-12-13 08:51:46',	'2022-12-13 08:51:46'),
(15,	38,	'https://my.matterport.com/show/?m=ZFSNF6SuXPQ',	'2022-12-20 11:58:27',	'2022-12-20 11:58:27'),
(19,	39,	'https://360.snowberryphoto.com/tours/SfqQB2otI',	'2023-06-01 15:15:01',	'2023-06-01 15:15:01'),
(20,	42,	'https://my.matterport.com/show/?m=Xuf6Y7yNSYi',	'2023-06-19 12:43:57',	'2023-06-19 12:43:57');

DROP TABLE IF EXISTS `property_slider`;
CREATE TABLE `property_slider` (
  `id` bigint unsigned NOT NULL AUTO_INCREMENT,
  `property_id` bigint unsigned NOT NULL,
  `image_id` int NOT NULL,
  `created_at` timestamp NULL DEFAULT NULL,
  `updated_at` timestamp NULL DEFAULT NULL,
  PRIMARY KEY (`id`)
) ENGINE=InnoDB DEFAULT CHARSET=utf8mb4 COLLATE=utf8mb4_0900_ai_ci;

INSERT INTO `property_slider` (`id`, `property_id`, `image_id`, `created_at`, `updated_at`) VALUES
(5,	35,	161,	'2022-12-08 17:08:51',	'2022-12-08 17:08:51'),
(6,	35,	160,	'2022-12-08 17:08:51',	'2022-12-08 17:08:51'),
(7,	35,	162,	'2022-12-08 17:08:51',	'2022-12-08 17:08:51'),
(8,	35,	165,	'2022-12-08 17:08:51',	'2022-12-08 17:08:51'),
(9,	35,	171,	'2022-12-08 17:08:51',	'2022-12-08 17:08:51'),
(10,	35,	177,	'2022-12-08 17:08:51',	'2022-12-08 17:08:51'),
(11,	13,	79,	'2022-12-10 08:50:14',	'2022-12-10 08:50:14'),
(12,	13,	82,	'2022-12-10 08:50:14',	'2022-12-10 08:50:14'),
(13,	13,	80,	'2022-12-10 08:50:14',	'2022-12-10 08:50:14'),
(14,	13,	83,	'2022-12-10 08:50:14',	'2022-12-10 08:50:14'),
(15,	13,	81,	'2022-12-10 08:50:14',	'2022-12-10 08:50:14'),
(16,	20,	77,	'2022-12-13 08:06:37',	'2022-12-13 08:06:37'),
(17,	20,	78,	'2022-12-13 08:06:37',	'2022-12-13 08:06:37'),
(18,	20,	77,	'2022-12-13 08:06:37',	'2022-12-13 08:06:37'),
(19,	20,	101,	'2022-12-13 08:06:37',	'2022-12-13 08:06:37'),
(20,	39,	274,	'2023-04-12 06:22:57',	'2023-04-12 06:22:57'),
(21,	39,	281,	'2023-04-12 06:22:57',	'2023-04-12 06:22:57'),
(32,	40,	292,	'2023-05-02 07:17:45',	'2023-05-02 07:17:45'),
(33,	40,	295,	'2023-05-02 07:17:45',	'2023-05-02 07:17:45'),
(34,	40,	297,	'2023-05-02 07:17:45',	'2023-05-02 07:17:45'),
(35,	40,	296,	'2023-05-02 07:17:45',	'2023-05-02 07:17:45');

DROP TABLE IF EXISTS `property_videos`;
CREATE TABLE `property_videos` (
  `id` bigint unsigned NOT NULL AUTO_INCREMENT,
  `property_id` bigint unsigned NOT NULL,
  `title` varchar(100) CHARACTER SET utf8mb4 COLLATE utf8mb4_unicode_ci DEFAULT NULL,
  `file_name` varchar(100) CHARACTER SET utf8mb4 COLLATE utf8mb4_unicode_ci DEFAULT NULL,
  `video_type` enum('YouTube','Vimeo') CHARACTER SET utf8mb4 COLLATE utf8mb4_unicode_ci DEFAULT 'YouTube',
  `video_url` varchar(255) CHARACTER SET utf8mb4 COLLATE utf8mb4_unicode_ci DEFAULT NULL,
  `featured` tinyint(1) NOT NULL DEFAULT '0',
  `main_video` tinyint(1) NOT NULL DEFAULT '0',
  `active` tinyint(1) NOT NULL DEFAULT '0',
  `created_at` timestamp NULL DEFAULT NULL,
  `updated_at` timestamp NULL DEFAULT NULL,
  PRIMARY KEY (`id`),
  KEY `property_videos_property_id_foreign` (`property_id`),
  CONSTRAINT `property_videos_property_id_foreign` FOREIGN KEY (`property_id`) REFERENCES `properties` (`id`)
) ENGINE=InnoDB DEFAULT CHARSET=utf8mb4 COLLATE=utf8mb4_unicode_ci;

INSERT INTO `property_videos` (`id`, `property_id`, `title`, `file_name`, `video_type`, `video_url`, `featured`, `main_video`, `active`, `created_at`, `updated_at`) VALUES
(15,	2,	NULL,	NULL,	'YouTube',	'https://youtu.be/4YCLRpKY1cs',	1,	1,	0,	'2022-11-01 05:58:27',	'2022-11-11 07:28:12'),
(22,	13,	NULL,	NULL,	NULL,	'https://player.vimeo.com/video/712448944',	1,	0,	0,	'2022-11-14 08:14:10',	'2022-12-10 08:55:25'),
(23,	21,	NULL,	'1668434084_Dr. Harvinder Bedi Promo Video.mp4',	'YouTube',	NULL,	1,	0,	0,	'2022-11-14 08:24:44',	'2022-11-14 22:48:19'),
(24,	13,	NULL,	NULL,	NULL,	'https://player.vimeo.com/video/712448944',	0,	1,	0,	'2022-11-15 09:39:21',	'2022-12-10 08:55:25'),
(25,	20,	NULL,	NULL,	'YouTube',	'https://www.youtube.com/watch?v=ve8GowuC3yM',	1,	0,	0,	'2022-11-25 08:41:31',	'2022-12-13 08:04:34'),
(26,	19,	NULL,	NULL,	NULL,	'https://player.vimeo.com/video/712448944',	1,	1,	0,	'2022-11-25 09:30:42',	'2022-11-25 14:34:23'),
(27,	22,	NULL,	NULL,	'Vimeo',	'https://player.vimeo.com/video/712448944',	1,	1,	0,	'2022-11-25 09:59:30',	'2022-12-06 08:05:44'),
(28,	23,	NULL,	NULL,	'YouTube',	'https://www.youtube.com/watch?v=-OI8V4kBIbs',	1,	0,	0,	'2022-11-30 06:46:27',	'2022-11-30 06:48:09'),
(29,	24,	NULL,	NULL,	'YouTube',	'https://www.youtube.com/watch?v=ffx4zkqrL1A',	1,	0,	0,	'2022-12-01 07:23:09',	'2022-12-01 07:31:01'),
(33,	20,	NULL,	'1670511040_1667907507_kwl-ps-video.mov',	'YouTube',	NULL,	0,	0,	0,	'2022-12-08 09:20:40',	'2022-12-08 09:20:40'),
(47,	35,	NULL,	NULL,	'Vimeo',	'https://vimeo.com/779400964',	1,	0,	0,	'2022-12-08 16:58:34',	'2022-12-13 08:58:21'),
(49,	35,	NULL,	NULL,	'Vimeo',	'https://vimeo.com/779384499',	0,	1,	0,	'2022-12-13 08:56:18',	'2022-12-13 08:58:21'),
(54,	38,	NULL,	NULL,	'Vimeo',	'https://vimeo.com/783691092',	0,	1,	0,	'2022-12-22 11:26:38',	'2022-12-29 13:24:01'),
(57,	38,	NULL,	NULL,	'Vimeo',	'https://vimeo.com/783691092#t=7',	1,	0,	0,	'2022-12-29 13:22:40',	'2022-12-29 13:24:01'),
(58,	39,	NULL,	'1681299922_file_example_MP4_480_1_5MG.mp4',	'YouTube',	NULL,	0,	0,	0,	'2023-04-12 06:15:22',	'2023-04-12 06:15:22'),
(59,	40,	NULL,	NULL,	'Vimeo',	'https://vimeo.com/779400964?share=copy',	1,	1,	0,	'2023-05-01 13:19:34',	'2023-05-02 13:51:49'),
(71,	41,	NULL,	NULL,	'Vimeo',	'https://vimeo.com/779400964',	0,	1,	0,	'2023-06-14 15:04:14',	'2023-06-14 15:06:16'),
(76,	42,	NULL,	NULL,	'Vimeo',	'https://vimeo.com/712448944#t=10s',	0,	0,	0,	'2023-06-18 16:04:00',	'2023-06-20 19:28:25'),
(77,	42,	NULL,	NULL,	'Vimeo',	'https://player.vimeo.com/video/779400964?autoplay=1&loop=1&title=0&byline=0&portrait=0',	1,	1,	0,	'2023-06-20 19:28:19',	'2023-06-20 19:29:07');

DROP TABLE IF EXISTS `states`;
CREATE TABLE `states` (
  `state_id` bigint unsigned NOT NULL AUTO_INCREMENT,
  `code` char(2) CHARACTER SET utf8mb4 COLLATE utf8mb4_unicode_ci NOT NULL,
  `name` varchar(100) CHARACTER SET utf8mb4 COLLATE utf8mb4_unicode_ci NOT NULL,
  `created_at` timestamp NULL DEFAULT NULL,
  `updated_at` timestamp NULL DEFAULT NULL,
  PRIMARY KEY (`state_id`)
) ENGINE=InnoDB DEFAULT CHARSET=utf8mb4 COLLATE=utf8mb4_unicode_ci;

INSERT INTO `states` (`state_id`, `code`, `name`, `created_at`, `updated_at`) VALUES
(1,	'AL',	'Alabama',	'2022-10-06 00:28:44',	'2022-10-06 00:28:44'),
(2,	'AK',	'Alaska',	'2022-10-06 00:28:45',	'2022-10-06 00:28:45'),
(3,	'AB',	'Alberta',	'2022-10-06 00:28:45',	'2022-10-06 00:28:45'),
(4,	'AS',	'American Samoa',	'2022-10-06 00:28:45',	'2022-10-06 00:28:45'),
(5,	'AZ',	'Arizona',	'2022-10-06 00:28:45',	'2022-10-06 00:28:45'),
(6,	'AR',	'Arkansas',	'2022-10-06 00:28:45',	'2022-10-06 00:28:45'),
(7,	'BC',	'British Columbia',	'2022-10-06 00:28:45',	'2022-10-06 00:28:45'),
(8,	'CA',	'California',	'2022-10-06 00:28:45',	'2022-10-06 00:28:45'),
(9,	'PW',	'Caroline ISLANDS',	'2022-10-06 00:28:45',	'2022-10-06 00:28:45'),
(10,	'CO',	'Colorado',	'2022-10-06 00:28:45',	'2022-10-06 00:28:45'),
(11,	'CT',	'Conneticut',	'2022-10-06 00:28:45',	'2022-10-06 00:28:45'),
(12,	'DE',	'Delaware',	'2022-10-06 00:28:45',	'2022-10-06 00:28:45'),
(13,	'DC',	'District of Columbia',	'2022-10-06 00:28:45',	'2022-10-06 00:28:45'),
(14,	'FM',	'Federated State',	'2022-10-06 00:28:45',	'2022-10-06 00:28:45'),
(15,	'FL',	'Florida',	'2022-10-06 00:28:45',	'2022-10-06 00:28:45'),
(16,	'GA',	'Georgia',	'2022-10-06 00:28:45',	'2022-10-06 00:28:45'),
(17,	'GU',	'Guam',	'2022-10-06 00:28:45',	'2022-10-06 00:28:45'),
(18,	'HI',	'Hawaii',	'2022-10-06 00:28:45',	'2022-10-06 00:28:45'),
(19,	'ID',	'Idoha',	'2022-10-06 00:28:45',	'2022-10-06 00:28:45'),
(20,	'IL',	'Illinois',	'2022-10-06 00:28:46',	'2022-10-06 00:28:46'),
(21,	'IN',	'Indiana',	'2022-10-06 00:28:46',	'2022-10-06 00:28:46'),
(22,	'IA',	'Iowa',	'2022-10-06 00:28:46',	'2022-10-06 00:28:46'),
(23,	'KS',	'Kansas',	'2022-10-06 00:28:46',	'2022-10-06 00:28:46'),
(24,	'KY',	'Kentucky',	'2022-10-06 00:28:46',	'2022-10-06 00:28:46'),
(25,	'LA',	'Lousiana',	'2022-10-06 00:28:46',	'2022-10-06 00:28:46'),
(26,	'ME',	'Maine',	'2022-10-06 00:28:46',	'2022-10-06 00:28:46'),
(27,	'MB',	'Manitoba',	'2022-10-06 00:28:46',	'2022-10-06 00:28:46'),
(28,	'MP',	'Mariana Islands',	'2022-10-06 00:28:46',	'2022-10-06 00:28:46'),
(29,	'MH',	'Marshall Islands',	'2022-10-06 00:28:46',	'2022-10-06 00:28:46'),
(30,	'MD',	'Maryland',	'2022-10-06 00:28:46',	'2022-10-06 00:28:46'),
(31,	'MA',	'Massachusetts',	'2022-10-06 00:28:46',	'2022-10-06 00:28:46'),
(32,	'MI',	'Illmichiganinois',	'2022-10-06 00:28:46',	'2022-10-06 00:28:46'),
(33,	'MN',	'Minnesota',	'2022-10-06 00:28:46',	'2022-10-06 00:28:46'),
(34,	'MS',	'Mississippi',	'2022-10-06 00:28:46',	'2022-10-06 00:28:46'),
(35,	'MO',	'Missouri',	'2022-10-06 00:28:46',	'2022-10-06 00:28:46'),
(36,	'MT',	'Montana',	'2022-10-06 00:28:46',	'2022-10-06 00:28:46'),
(37,	'NE',	'Nebraska',	'2022-10-06 00:28:46',	'2022-10-06 00:28:46'),
(38,	'NV',	'Nevada',	'2022-10-06 00:28:46',	'2022-10-06 00:28:46'),
(39,	'NB',	'New Brunswick',	'2022-10-06 00:28:46',	'2022-10-06 00:28:46'),
(40,	'NH',	'New Hampshire',	'2022-10-06 00:28:46',	'2022-10-06 00:28:46'),
(41,	'NJ',	'New Jersey',	'2022-10-06 00:28:46',	'2022-10-06 00:28:46'),
(42,	'NM',	'New Mexico',	'2022-10-06 00:28:47',	'2022-10-06 00:28:47'),
(43,	'NY',	'New York',	'2022-10-06 00:28:47',	'2022-10-06 00:28:47'),
(44,	'NF',	'Newfoundland',	'2022-10-06 00:28:47',	'2022-10-06 00:28:47'),
(45,	'NC',	'North Carlolina',	'2022-10-06 00:28:47',	'2022-10-06 00:28:47'),
(46,	'ND',	'North Dakota',	'2022-10-06 00:28:47',	'2022-10-06 00:28:47'),
(47,	'NT',	'Northwest Territories',	'2022-10-06 00:28:47',	'2022-10-06 00:28:47'),
(48,	'NS',	'Nova Scotia',	'2022-10-06 00:28:47',	'2022-10-06 00:28:47'),
(49,	'NU',	'Nunavut',	'2022-10-06 00:28:47',	'2022-10-06 00:28:47'),
(50,	'OH',	'Ohio',	'2022-10-06 00:28:47',	'2022-10-06 00:28:47'),
(51,	'OK',	'Oklahoma',	'2022-10-06 00:28:47',	'2022-10-06 00:28:47'),
(52,	'ON',	'Ontario',	'2022-10-06 00:28:47',	'2022-10-06 00:28:47'),
(53,	'OR',	'Oregon',	'2022-10-06 00:28:47',	'2022-10-06 00:28:47'),
(54,	'PA',	'Pennsylvania',	'2022-10-06 00:28:47',	'2022-10-06 00:28:47'),
(55,	'PE',	'Prince Edward Island',	'2022-10-06 00:28:47',	'2022-10-06 00:28:47'),
(56,	'PR',	'Puerto Rica',	'2022-10-06 00:28:47',	'2022-10-06 00:28:47'),
(57,	'PQ',	'Quebec',	'2022-10-06 00:28:48',	'2022-10-06 00:28:48'),
(58,	'RI',	'Rhode Island',	'2022-10-06 00:28:48',	'2022-10-06 00:28:48'),
(59,	'SK',	'Saskatchewan',	'2022-10-06 00:28:48',	'2022-10-06 00:28:48'),
(60,	'SC',	'South Carolina',	'2022-10-06 00:28:48',	'2022-10-06 00:28:48'),
(61,	'SD',	'South Dakota',	'2022-10-06 00:28:48',	'2022-10-06 00:28:48'),
(62,	'TN',	'Tennessee',	'2022-10-06 00:28:48',	'2022-10-06 00:28:48'),
(63,	'TX',	'Texas',	'2022-10-06 00:28:48',	'2022-10-06 00:28:48'),
(64,	'UT',	'Utah',	'2022-10-06 00:28:48',	'2022-10-06 00:28:48'),
(65,	'VT',	'Vermont',	'2022-10-06 00:28:48',	'2022-10-06 00:28:48'),
(66,	'VI',	'Virgin Islands',	'2022-10-06 00:28:48',	'2022-10-06 00:28:48'),
(67,	'VA',	'Virginia',	'2022-10-06 00:28:48',	'2022-10-06 00:28:48'),
(68,	'WA',	'Washington',	'2022-10-06 00:28:48',	'2022-10-06 00:28:48'),
(69,	'WV',	'West Virgania',	'2022-10-06 00:28:48',	'2022-10-06 00:28:48'),
(70,	'WI',	'Wisconsin',	'2022-10-06 00:28:48',	'2022-10-06 00:28:48'),
(71,	'WY',	'Wyoming',	'2022-10-06 00:28:49',	'2022-10-06 00:28:49'),
(72,	'YT',	'Yukon Territory',	'2022-10-06 00:28:49',	'2022-10-06 00:28:49'),
(73,	'AE',	'Armed Forces - EUROPE',	'2022-10-06 00:28:49',	'2022-10-06 00:28:49'),
(74,	'AA',	'Armed Forces - AMERICAS',	'2022-10-06 00:28:49',	'2022-10-06 00:28:49'),
(75,	'AP',	'Armed Forces - PACIFIC',	'2022-10-06 00:28:49',	'2022-10-06 00:28:49');

DROP TABLE IF EXISTS `users`;
CREATE TABLE `users` (
  `id` bigint unsigned NOT NULL,
  `name` varchar(255) CHARACTER SET utf8mb4 COLLATE utf8mb4_unicode_ci NOT NULL,
  `email` varchar(255) CHARACTER SET utf8mb4 COLLATE utf8mb4_unicode_ci NOT NULL,
  `email_verified_at` timestamp NULL DEFAULT NULL,
  `password` varchar(255) CHARACTER SET utf8mb4 COLLATE utf8mb4_unicode_ci NOT NULL,
  `remember_token` varchar(100) CHARACTER SET utf8mb4 COLLATE utf8mb4_unicode_ci DEFAULT NULL,
  `created_at` timestamp NULL DEFAULT NULL,
  `updated_at` timestamp NULL DEFAULT NULL
) ENGINE=InnoDB DEFAULT CHARSET=utf8mb4 COLLATE=utf8mb4_unicode_ci;


-- 2023-06-22 14:29:25
